episode,crop,season_return,avg100_return,actor_loss,critic_loss,entropy_water,entropy_nitrogen,total_water_mm,total_nitrogen_kgha,vs_baseline_pct,grain_yield_kgha,profit_usd_ha,avg100_profit_usd_ha
1,maize,17.5538,17.5538,0.041696,1.545979,0.0329,0.7226,735.0,290.0,100.06,7175.0,1062.75,1062.75
2,maize,14.6371,16.0955,-0.10494,3.359826,0.0623,0.795,732.0,400.0,100.06,7364.7,1001.98,1032.36
3,maize,16.192,16.1276,0.078303,1.448224,0.0733,0.8926,734.0,455.0,100.06,6982.4,850.2,971.64
4,maize,14.6027,15.7464,-0.01113,2.04281,0.0793,0.9188,732.0,470.0,100.05,6444.3,701.87,904.2
5,maize,14.8406,15.5652,0.014539,1.306364,0.0728,0.769,730.0,330.0,100.05,6113.4,760.36,875.43
6,maize,16.4778,15.7173,0.086745,2.3586,0.0879,0.8064,742.0,420.0,100.05,7041.2,895.11,878.71
7,maize,18.4699,16.1106,0.153752,5.196853,0.0918,0.8632,737.0,375.0,100.06,7575.3,1076.63,906.99
8,maize,15.0889,15.9828,0.012504,0.383487,0.1083,0.964,739.0,390.0,100.06,6984.6,912.76,907.71
9,maize,21.1015,16.5516,0.137539,4.614354,0.0842,0.8299,735.0,260.0,100.06,7927.6,1280.9,949.17
10,maize,20.0352,16.8999,0.084919,2.01743,0.0945,0.8383,735.0,255.0,100.06,7515.4,1182.84,972.54
11,maize,16.5036,16.8639,-0.144365,3.724142,0.1166,0.9024,734.0,400.0,100.06,6847.3,871.41,963.35
12,maize,21.0861,17.2158,0.009833,0.673687,0.0779,0.795,739.0,310.0,100.06,8293.1,1319.88,993.06
13,maize,15.9446,17.118,-0.215894,6.12174,0.1213,0.8359,742.0,420.0,100.06,6904.3,860.88,982.89
14,maize,18.2102,17.196,-0.089748,1.908776,0.0963,0.8581,730.0,380.0,100.06,7193.7,980.43,982.71
15,maize,21.4026,17.4764,-0.020092,0.478805,0.0963,0.659,736.0,350.0,100.06,8272.7,1276.57,1002.31
16,maize,10.7945,17.0588,-0.469293,32.175831,0.1288,0.869,743.0,180.0,100.06,5276.9,693.43,983.0
17,maize,17.1397,17.0636,-0.191699,2.261705,0.126,0.8101,754.0,240.0,100.06,7570.2,1200.16,995.77
18,maize,16.7365,17.0454,-0.239805,4.008669,0.1402,0.9217,751.0,380.0,100.06,7147.4,956.24,993.58
19,maize,19.3465,17.1665,-0.095513,1.346123,0.1119,0.5609,744.0,120.0,100.06,7404.8,1284.81,1008.91
20,maize,20.5397,17.3352,0.011384,1.893189,0.1072,0.6969,748.0,210.0,100.06,7863.8,1307.15,1023.82
21,maize,17.4469,17.3405,0.012423,0.867374,0.1227,0.853,743.0,290.0,100.06,6862.2,979.75,1021.72
22,maize,15.788,17.2699,-0.005279,2.952274,0.1354,0.8805,741.0,250.0,100.06,6805.2,1006.71,1021.04
23,maize,9.9446,16.9514,-0.326705,11.352656,0.111,0.8787,749.0,380.0,100.06,5008.1,422.62,995.02
24,maize,18.4285,17.013,0.077013,3.728529,0.1166,0.8954,752.0,340.0,100.06,7463.4,1074.65,998.34
25,maize,17.1614,17.0189,0.043437,0.698735,0.1123,0.8767,737.0,210.0,100.06,6802.5,1048.43,1000.34
26,maize,19.2567,17.105,0.12589,4.56095,0.0896,0.9069,732.0,250.0,100.06,7512.1,1188.81,1007.59
27,maize,16.3971,17.0788,0.14546,1.377452,0.095,0.8094,749.0,220.0,100.06,6661.6,995.99,1007.16
28,maize,8.9019,16.7867,-0.134432,18.254847,0.102,0.7754,739.0,210.0,100.06,5037.9,606.07,992.84
29,maize,18.947,16.8612,0.121698,1.910447,0.0963,0.8766,734.0,270.0,100.06,7293.5,1112.98,996.98
30,maize,16.8827,16.8619,0.039746,0.853625,0.0929,0.8697,738.0,170.0,100.06,7455.4,1251.04,1005.45
31,maize,11.2254,16.6801,-0.065315,2.560746,0.1125,1.0855,744.0,360.0,100.06,6516.5,822.73,999.55
32,maize,11.4719,16.5174,-0.224918,14.152915,0.1098,0.7676,730.0,185.0,100.06,5606.7,778.66,992.65
33,maize,17.0465,16.5334,-0.012921,0.585247,0.0941,1.0157,730.0,180.0,100.06,7329.4,1214.35,999.37
34,maize,17.9325,16.5745,0.138917,2.019676,0.0751,0.8359,735.0,200.0,100.06,7307.4,1185.86,1004.85
35,maize,15.4338,16.542,-0.075381,1.199891,0.0906,0.8979,744.0,195.0,100.06,6538.9,993.32,1004.52
36,maize,15.0441,16.5003,-0.073336,1.396812,0.1078,1.016,736.0,400.0,100.06,6531.1,791.17,998.6
37,maize,14.3323,16.4417,-0.006718,0.259035,0.0983,1.0079,735.0,330.0,100.06,7034.6,987.65,998.3
38,maize,16.3141,16.4384,0.002459,0.729462,0.0832,0.7939,735.0,220.0,100.06,6336.8,923.21,996.33
39,maize,18.6424,16.4949,0.131554,3.341331,0.0722,0.8954,738.0,330.0,100.06,7415.8,1081.16,998.5
40,maize,16.3379,16.491,0.105929,1.012097,0.0637,0.7208,737.0,165.0,100.06,7121.7,1173.24,1002.87
41,maize,17.9281,16.526,0.11941,2.505027,0.0796,0.9314,732.0,325.0,100.06,7376.7,1079.97,1004.75
42,maize,16.0522,16.5147,0.026217,0.962982,0.0843,0.9077,730.0,230.0,100.06,6942.8,1067.71,1006.25
43,maize,12.6198,16.4242,-0.082285,3.029896,0.1002,0.8998,745.0,310.0,100.06,5542.4,628.59,997.47
44,maize,12.4664,16.3342,-0.081006,1.874863,0.1077,1.1064,737.0,385.0,100.06,6476.9,792.02,992.8
45,maize,17.5014,16.3602,0.071757,0.974981,0.0966,1.0107,732.0,435.0,100.06,7005.8,877.25,990.23
46,maize,9.6644,16.2146,-0.286223,7.003277,0.0964,1.1825,737.0,240.0,100.06,5588.4,714.9,984.24
47,maize,15.2659,16.1944,0.006053,0.833816,0.1005,0.9245,737.0,380.0,100.06,6826.2,884.34,982.12
48,maize,11.2808,16.092,-0.101585,3.9662,0.0823,0.9906,734.0,335.0,100.06,5115.4,503.46,972.15
49,maize,19.3974,16.1595,0.267119,6.640352,0.0887,0.8878,739.0,200.0,100.06,7758.5,1296.23,978.76
50,maize,17.1984,16.1803,0.078737,1.803107,0.0824,0.8848,730.0,275.0,100.06,6390.1,884.52,976.88
51,maize,17.757,16.2112,0.005961,0.573028,0.0921,0.9914,734.0,240.0,100.06,7473.8,1188.04,981.02
52,maize,17.5413,16.2368,0.066503,1.791786,0.0777,0.9494,741.0,260.0,100.06,7470.9,1163.12,984.52
53,maize,13.7067,16.189,-0.128844,3.691449,0.1101,0.9106,746.0,215.0,100.06,6395.2,936.21,983.61
54,maize,17.8751,16.2203,0.029133,0.610347,0.0792,0.908,741.0,235.0,100.06,7496.5,1194.53,987.51
55,maize,17.0252,16.2349,-0.050419,1.108084,0.0878,1.0469,732.0,295.0,100.06,7195.1,1064.58,988.91
56,maize,17.8544,16.2638,-0.010188,0.738354,0.0959,0.8865,739.0,235.0,100.06,7402.6,1172.26,992.19
57,maize,19.2913,16.3169,0.031662,3.340858,0.0728,0.8666,730.0,325.0,100.06,6452.7,850.18,989.7
58,maize,15.878,16.3094,-0.219796,4.508795,0.1109,1.0083,734.0,310.0,100.06,6727.3,931.41,988.69
59,maize,12.4296,16.2436,-0.200157,8.42753,0.1,1.1381,732.0,430.0,100.06,6233.7,689.23,983.62
60,maize,15.1484,16.2253,-0.083291,1.882897,0.1016,0.9738,745.0,335.0,100.06,7147.0,1004.74,983.97
61,maize,15.7285,16.2172,-0.040103,0.794727,0.1107,0.9333,734.0,410.0,100.06,6693.4,822.94,981.33
62,maize,19.2172,16.2656,0.069534,2.088742,0.0918,0.9204,732.0,210.0,100.06,7317.4,1180.16,984.53
63,maize,19.1553,16.3115,0.124981,4.201066,0.117,1.0878,732.0,330.0,100.06,7451.4,1093.65,986.27
64,maize,18.6439,16.3479,0.072084,4.180083,0.0852,0.8603,735.0,360.0,100.06,7250.4,1011.61,986.66
65,maize,15.5812,16.3361,-0.031247,0.779563,0.1143,1.0586,744.0,360.0,100.06,6605.7,845.03,984.48
66,maize,16.6647,16.3411,-0.012174,2.164382,0.1266,1.1723,740.0,500.0,100.06,7127.0,837.76,982.26
67,maize,21.7521,16.4218,0.251092,7.436258,0.0927,0.9154,734.0,290.0,100.06,7707.6,1196.49,985.46
68,maize,13.0587,16.3724,-0.068239,1.519098,0.1168,1.1593,734.0,435.0,100.06,6745.6,811.01,982.89
69,maize,12.1889,16.3118,-0.08843,2.472739,0.1149,1.0473,734.0,220.0,100.06,6863.4,1055.46,983.94
70,maize,15.1157,16.2947,-0.021692,0.749705,0.1091,1.0751,734.0,225.0,100.06,6278.7,904.27,982.81
71,maize,17.5266,16.312,0.160425,1.779973,0.1428,0.9659,748.0,345.0,100.06,7612.1,1109.23,984.59
72,maize,16.9675,16.3211,0.177811,2.935376,0.125,1.0796,751.0,295.0,100.06,7206.6,1056.06,985.58
73,maize,12.8781,16.274,-0.141385,3.750516,0.1625,0.9156,739.0,240.0,100.06,6613.4,969.94,985.37
74,maize,19.8068,16.3217,0.318566,6.872006,0.1392,0.9142,749.0,250.0,100.06,7695.5,1224.48,988.6
75,maize,12.8826,16.2758,-0.07262,1.445505,0.1391,1.11,752.0,335.0,100.06,6552.4,851.91,986.77
76,maize,17.265,16.2889,0.082381,1.16301,0.1439,0.9685,743.0,200.0,100.06,7251.3,1167.04,989.15
77,maize,16.8096,16.2956,0.144306,2.128519,0.139,0.8652,749.0,310.0,100.06,6665.3,906.92,988.08
78,maize,17.503,16.3111,0.210169,3.135999,0.1485,0.9459,746.0,420.0,100.06,7148.9,919.62,987.2
79,maize,18.1361,16.3342,0.326322,5.458524,0.1383,0.9098,751.0,265.0,100.06,7914.9,1263.12,990.69
80,maize,13.2737,16.296,-0.064867,1.143576,0.1685,1.1849,743.0,320.0,100.06,6496.9,858.44,989.04
81,maize,15.5389,16.2866,-0.029223,0.77286,0.1667,1.0969,747.0,350.0,100.06,7313.8,1030.25,989.55
82,maize,14.0547,16.2594,-0.160308,1.480942,0.1776,1.2767,751.0,425.0,100.06,6853.9,837.87,987.7
83,maize,17.562,16.2751,-0.04472,0.475976,0.1645,0.9333,747.0,190.0,100.06,7465.5,1228.18,990.6
84,maize,19.6341,16.3151,0.071595,2.025872,0.1889,0.833,746.0,200.0,100.06,7613.2,1255.7,993.75
85,maize,8.9735,16.2287,-0.379688,8.057937,0.1865,1.2117,759.0,230.0,100.06,5943.6,800.51,991.48
86,maize,17.4775,16.2432,-0.045865,0.754973,0.163,0.8944,744.0,170.0,100.06,7645.2,1294.89,995.01
87,maize,15.9647,16.24,0.074296,2.854666,0.14,0.9114,745.0,340.0,100.06,6388.0,809.99,992.88
88,maize,9.3317,16.1615,-0.408897,10.18748,0.2245,1.2951,759.0,380.0,100.06,5545.2,550.91,987.86
89,maize,18.1289,16.1836,0.239125,6.145115,0.1977,0.9443,755.0,260.0,100.06,7541.0,1172.24,989.93
90,maize,15.0182,16.1707,0.064754,0.756149,0.1849,0.9617,760.0,310.0,100.06,7106.1,1010.52,990.16
91,maize,18.4492,16.1957,0.054523,1.954911,0.1759,0.9009,745.0,255.0,100.06,7070.5,1065.61,990.99
92,maize,16.7004,16.2012,0.115102,1.836063,0.1839,0.9625,762.0,375.0,100.06,7549.2,1055.11,991.68
93,maize,17.2163,16.2121,0.176791,2.656542,0.2296,1.0304,747.0,315.0,100.06,7235.5,1045.69,992.27
94,maize,15.1201,16.2005,-0.007824,2.17699,0.2291,1.2351,750.0,485.0,100.06,6909.9,792.49,990.14
95,maize,10.1082,16.1364,-0.41142,6.878039,0.2688,1.3124,773.0,435.0,100.06,6455.9,715.19,987.25
96,maize,17.4055,16.1496,0.000462,1.276305,0.1854,1.026,753.0,280.0,100.06,7181.1,1063.46,988.04
97,maize,15.3677,16.1415,-0.112221,1.010126,0.2215,1.0032,771.0,300.0,100.06,7393.4,1085.76,989.05
98,maize,11.1017,16.0901,-0.399428,8.087654,0.2156,1.0851,761.0,380.0,100.06,6001.1,663.68,985.73
99,maize,13.8585,16.0676,-0.116367,4.697145,0.2127,1.004,765.0,365.0,100.06,6007.3,677.84,982.62
100,maize,14.782,16.0547,0.000597,2.645882,0.2345,0.9787,775.0,300.0,100.06,6576.1,879.03,981.58
101,maize,16.1355,16.0405,-0.016767,0.343298,0.2456,1.2146,747.0,355.0,100.06,7000.0,946.79,980.42
102,maize,15.3825,16.048,0.041097,0.656183,0.2885,1.0948,743.0,330.0,100.06,6974.7,967.88,980.08
103,maize,16.1684,16.0477,0.022541,0.701468,0.253,1.0434,780.0,425.0,100.06,7610.1,1009.53,981.67
104,maize,15.0711,16.0524,0.057499,1.142852,0.2419,1.0405,744.0,310.0,100.06,7236.9,1052.82,985.18
105,maize,17.6836,16.0809,0.161456,1.215622,0.2304,1.0,752.0,205.0,100.06,7290.1,1166.33,989.24
106,maize,14.9653,16.0657,0.138698,1.098499,0.2658,0.9758,743.0,135.0,100.06,7103.8,1195.15,992.24
107,maize,17.9778,16.0608,0.17063,1.629885,0.2212,1.0091,743.0,300.0,100.06,7616.7,1158.37,993.06
108,maize,12.8895,16.0388,-0.41435,3.605769,0.2538,1.3957,789.0,495.0,100.06,7121.3,811.93,992.05
109,maize,12.7198,15.955,-0.285331,8.110338,0.2675,1.0793,742.0,175.0,100.06,6243.7,940.73,988.65
110,maize,10.2881,15.8575,-0.522164,10.94079,0.2451,1.3185,758.0,395.0,100.05,6303.9,726.17,984.08
111,maize,12.4891,15.8174,-0.138444,2.803947,0.2431,1.1294,777.0,325.0,100.05,6516.9,838.03,983.75
112,maize,17.1205,15.7777,0.134841,1.279127,0.2369,1.0349,795.0,400.0,100.05,7481.1,993.26,980.48
113,maize,18.2258,15.8005,0.058574,1.549649,0.1904,0.8805,743.0,260.0,100.05,7666.8,1210.89,983.98
114,maize,11.8495,15.7369,-0.141248,5.50762,0.2464,1.0583,759.0,330.0,100.05,6188.6,761.75,981.8
115,maize,16.4179,15.6871,0.072012,1.196539,0.252,1.0187,754.0,235.0,100.05,7014.6,1066.26,979.69
116,maize,15.9858,15.739,-0.06258,1.28427,0.2471,1.0046,756.0,255.0,100.05,7373.2,1134.69,984.11
117,maize,8.4937,15.6525,-0.588519,16.862642,0.2438,1.1553,769.0,240.0,100.05,5738.4,733.2,979.44
118,maize,11.6191,15.6014,-0.283973,2.802373,0.2646,1.2602,772.0,340.0,100.05,7084.4,967.89,979.55
119,maize,15.3494,15.5614,0.04909,1.625914,0.2053,0.9562,767.0,195.0,100.05,6447.8,956.75,976.27
120,maize,17.1686,15.5277,0.077596,4.480681,0.2508,1.0962,763.0,275.0,100.05,7359.1,1106.97,974.27
121,maize,13.7126,15.4903,-0.053832,1.188186,0.2477,0.9756,784.0,165.0,100.05,6511.9,992.57,974.4
122,maize,14.7563,15.48,0.05262,0.516537,0.1886,0.9465,772.0,210.0,100.05,7283.2,1147.61,975.81
123,maize,12.6965,15.5075,0.017203,2.089491,0.2812,1.2,766.0,330.0,100.05,6539.2,845.21,980.03
124,maize,7.288,15.3961,-0.352264,6.713513,0.2426,1.3124,776.0,370.0,100.05,5258.4,479.0,974.08
125,maize,16.8892,15.3934,0.274009,4.256269,0.2008,1.0434,753.0,335.0,100.05,7644.5,1124.32,974.84
126,maize,-8.1214,15.1196,-1.874484,72.470474,0.3235,1.4606,176.0,125.0,100.05,0.0,-230.6,960.64
127,maize,14.2999,15.0987,0.073615,0.691164,0.2148,0.9868,745.0,305.0,100.05,6135.5,781.88,958.5
128,maize,19.1009,15.2006,0.221269,5.785299,0.2062,0.8184,750.0,150.0,100.05,7762.0,1340.49,965.85
129,maize,14.7875,15.1591,0.088771,2.689222,0.2677,1.197,746.0,330.0,100.05,6883.0,943.14,964.15
130,maize,17.0115,15.1603,0.235987,5.432428,0.2193,1.0133,754.0,175.0,100.05,7132.9,1155.83,963.2
131,maize,15.5166,15.2033,-0.119661,1.539324,0.2433,0.9996,751.0,265.0,100.05,7565.8,1175.84,966.73
132,maize,18.2305,15.2708,0.290955,5.849427,0.2046,1.0797,744.0,290.0,100.05,7584.6,1159.75,970.54
133,maize,19.7046,15.2974,0.245742,4.112948,0.2245,1.0381,746.0,185.0,100.05,7301.9,1192.88,970.32
134,maize,16.8198,15.2863,0.010755,0.856629,0.2481,1.2055,757.0,300.0,100.05,7189.1,1043.09,968.9
135,maize,17.8519,15.3105,0.099625,2.113792,0.2405,0.9651,741.0,390.0,100.05,7457.8,1029.84,969.26
136,maize,18.0174,15.3402,-0.021086,1.844911,0.2087,0.8851,746.0,190.0,100.05,7594.8,1261.11,973.96
137,maize,15.1068,15.348,-0.343354,6.956257,0.2314,1.3017,758.0,260.0,100.05,6934.7,1018.87,974.27
138,maize,16.6968,15.3518,-0.164633,4.187991,0.218,1.1587,756.0,320.0,100.05,7533.9,1109.88,976.14
139,maize,8.1724,15.2471,-0.659289,36.639721,0.2483,1.0066,743.0,325.0,100.05,5886.5,700.82,972.34
140,maize,11.9457,15.2032,-0.54064,16.935114,0.2314,1.0253,764.0,260.0,100.05,5980.1,776.62,968.37
141,maize,17.877,15.2026,-0.047565,4.17708,0.2141,0.9671,741.0,200.0,100.05,7169.3,1147.73,969.05
142,maize,16.4994,15.2071,-0.090956,2.69292,0.2178,1.0495,741.0,235.0,100.05,6824.6,1026.56,968.64
143,maize,14.2916,15.2238,-0.268976,4.663124,0.2331,1.0974,756.0,250.0,100.05,6804.5,997.52,972.32
144,maize,16.4223,15.2634,0.015237,0.971107,0.2165,1.0246,745.0,295.0,100.05,6865.6,974.41,974.15
145,maize,15.8273,15.2467,-0.131692,1.215484,0.2568,1.1836,741.0,235.0,100.05,6946.6,1057.06,975.95
146,maize,12.7979,15.278,-0.137687,6.638304,0.2241,0.939,750.0,125.0,100.05,6154.7,963.68,978.43
147,maize,16.2796,15.2881,-0.031664,0.436169,0.2535,0.7646,769.0,210.0,100.05,7414.6,1182.25,981.41
148,maize,16.3011,15.3383,0.228433,2.753254,0.2522,1.1682,749.0,440.0,100.05,7428.1,967.63,986.06
149,maize,20.1686,15.346,0.320765,8.806704,0.2417,1.0526,748.0,245.0,100.05,7717.7,1235.63,985.45
150,maize,12.3783,15.2978,0.023909,1.054782,0.2249,1.0718,749.0,410.0,100.05,6813.3,843.92,985.04
151,maize,17.0506,15.2908,0.332559,6.386491,0.2829,1.0844,753.0,265.0,100.05,7410.5,1135.81,984.52
152,maize,16.7431,15.2828,0.332755,4.462611,0.2467,1.1623,747.0,230.0,100.05,7077.2,1091.11,983.8
153,maize,11.892,15.2646,-0.139619,1.33066,0.2831,1.1041,786.0,375.0,100.05,6827.1,860.17,983.04
154,maize,12.7189,15.2131,-0.048419,0.872171,0.2668,1.2458,750.0,615.0,100.05,6087.4,456.84,975.66
155,maize,10.1402,15.1442,-0.034889,2.609179,0.2788,1.3846,741.0,285.0,100.05,6248.2,832.44,973.34
156,maize,14.7418,15.1131,0.030736,0.976259,0.2799,1.1887,738.0,255.0,100.05,6039.6,812.1,969.74
157,maize,14.2458,15.0627,0.051906,0.898882,0.2836,1.1809,762.0,385.0,100.05,7095.5,931.67,970.56
158,maize,20.6599,15.1105,0.5755,12.597849,0.254,1.0533,750.0,285.0,100.05,7764.6,1206.15,973.3
159,maize,17.5033,15.1612,0.380974,5.217736,0.2813,1.0151,765.0,395.0,100.05,7570.6,1038.66,976.8
160,maize,13.5483,15.1452,-0.048224,1.017612,0.2852,1.1818,764.0,350.0,100.05,6633.3,849.94,975.25
161,maize,18.5664,15.1736,0.252776,4.142768,0.2824,1.0093,741.0,200.0,100.05,7315.7,1184.34,978.86
162,maize,17.6053,15.1575,0.251662,3.257074,0.2835,1.1418,749.0,245.0,100.05,7198.0,1105.11,978.11
163,maize,12.4155,15.0901,-0.344883,3.349355,0.3147,1.2901,762.0,285.0,100.05,6792.9,956.02,976.74
164,maize,15.8806,15.0624,0.060745,2.084569,0.2913,1.0252,737.0,415.0,100.05,6713.0,821.04,974.83
165,maize,10.3573,15.0102,-0.492056,10.349441,0.2899,1.2311,764.0,355.0,100.05,6023.4,692.46,973.3
166,maize,17.1658,15.0152,0.119837,0.885545,0.275,0.9856,775.0,280.0,100.05,7380.1,1100.03,975.93
167,maize,14.2003,14.9397,-0.13495,1.344624,0.2696,1.2822,766.0,350.0,100.05,7279.7,1010.33,974.07
168,maize,11.2343,14.9214,-0.356493,4.817686,0.2899,1.0999,755.0,370.0,100.05,6549.6,814.4,974.1
169,maize,18.3471,14.983,0.045403,1.369704,0.249,1.0857,742.0,260.0,100.05,7304.3,1120.86,974.75
170,maize,11.1426,14.9433,-0.528363,6.072936,0.2718,1.1549,781.0,425.0,100.05,6808.4,808.49,973.8
171,maize,15.8498,14.9265,-0.033342,0.83572,0.2589,1.0954,747.0,285.0,100.05,6930.9,999.51,972.7
172,maize,10.0115,14.857,-0.524527,8.30508,0.2555,1.1983,760.0,375.0,100.05,5551.8,556.94,967.71
173,maize,12.9683,14.8579,-0.132372,2.786307,0.2486,1.1535,751.0,400.0,100.05,5996.5,648.52,964.49
174,maize,17.454,14.8343,0.113126,1.630278,0.2331,1.1577,740.0,315.0,100.05,6993.4,989.36,962.14
175,maize,18.8754,14.8943,0.27036,5.597847,0.2336,0.9916,737.0,185.0,100.05,7257.0,1187.05,965.49
176,maize,11.9761,14.8414,-0.135512,1.271528,0.2014,1.2832,739.0,315.0,100.05,6289.8,814.06,961.96
177,maize,16.243,14.8357,0.204809,2.238405,0.2225,0.9945,755.0,375.0,100.05,7182.8,967.71,962.57
178,maize,17.0499,14.8312,0.187984,5.633291,0.2023,1.2464,749.0,565.0,100.05,7332.1,818.63,961.56
179,maize,19.2408,14.8422,0.359449,6.485519,0.188,0.9046,741.0,285.0,100.05,7711.3,1198.23,960.91
180,maize,19.3552,14.903,0.298227,6.544793,0.1927,1.0357,738.0,235.0,100.05,7366.2,1163.74,963.97
181,maize,16.6532,14.9142,0.121728,0.952394,0.2204,0.9954,748.0,455.0,100.05,7129.6,878.6,962.45
182,maize,14.9187,14.9228,0.112295,1.202576,0.1883,1.1289,747.0,335.0,100.05,7116.8,995.99,964.03
183,maize,15.0248,14.8975,-0.048576,0.661023,0.2012,1.11,735.0,385.0,100.05,6920.6,904.15,960.79
184,maize,20.2922,14.904,0.213977,4.866309,0.1687,0.8512,737.0,220.0,100.05,7119.6,1117.69,959.41
185,maize,15.4915,14.9692,0.029434,1.606225,0.1855,1.0252,743.0,415.0,100.05,7160.2,929.24,960.7
186,maize,17.2333,14.9668,-0.025784,1.089802,0.1909,1.1001,741.0,310.0,100.05,7385.0,1091.65,958.67
187,maize,14.8516,14.9556,-0.037224,2.413494,0.1614,0.874,755.0,500.0,100.05,6697.9,721.49,957.78
188,maize,16.815,15.0305,-0.032991,0.589791,0.1941,1.0529,739.0,445.0,100.05,7017.9,866.08,960.93
189,maize,16.8344,15.0175,-0.099453,2.707202,0.1698,0.948,744.0,195.0,100.05,6464.7,974.77,958.96
190,maize,13.0656,14.998,-0.267936,5.454463,0.1917,1.0572,745.0,230.0,100.05,6340.7,908.18,957.93
191,maize,16.7335,14.9809,-0.016888,0.848914,0.1904,1.0916,742.0,285.0,100.05,7017.9,1024.27,957.52
192,maize,16.983,14.9837,0.00674,0.767926,0.1968,1.1328,759.0,510.0,100.05,7430.1,892.13,955.89
193,maize,12.7204,14.9387,-0.106504,1.316695,0.2053,1.1566,746.0,480.0,100.05,6553.2,710.69,952.54
194,maize,13.7493,14.925,-0.056116,1.450557,0.203,1.0808,743.0,295.0,100.05,6013.4,762.55,952.24
195,maize,18.2905,15.0068,0.110852,3.290828,0.1979,0.9535,736.0,490.0,100.05,7374.0,911.89,954.21
196,maize,13.9806,14.9726,0.021545,1.31033,0.2225,1.0938,748.0,390.0,100.05,6811.6,864.11,952.21
197,maize,14.4478,14.9634,0.03309,1.055899,0.1917,1.0246,751.0,400.0,100.05,7256.4,963.5,950.99
198,maize,12.9448,14.9818,-0.07078,12.399603,0.1924,0.8576,736.0,255.0,100.05,4569.0,445.64,948.81
199,maize,14.1549,14.9848,-0.038191,1.298546,0.2213,1.1544,756.0,490.0,100.05,7237.5,865.76,950.69
200,maize,18.5463,15.0224,0.237442,5.770635,0.1998,0.957,746.0,445.0,100.05,7454.8,971.09,951.61
201,maize,14.9696,15.0108,0.02382,0.846187,0.2159,1.162,743.0,450.0,100.05,6900.1,829.22,950.44
202,maize,15.7457,15.0144,0.093864,1.28738,0.2232,0.9309,770.0,530.0,100.05,7128.4,790.09,948.66
203,maize,13.896,14.9917,-0.023317,0.559063,0.1866,1.0357,745.0,460.0,100.05,6909.9,820.47,946.77
204,maize,19.2135,15.0331,0.194228,2.766725,0.1764,0.9148,736.0,535.0,100.05,7408.6,875.55,944.99
205,maize,13.8445,14.9947,-0.027714,1.294951,0.1935,1.0368,753.0,400.0,100.05,7263.3,964.03,942.97
206,maize,13.7786,14.9828,-0.060486,1.370153,0.197,1.0896,738.0,400.0,100.05,7191.0,954.96,940.57
207,maize,11.7423,14.9205,-0.246594,8.313394,0.1936,1.0606,743.0,465.0,100.05,5635.0,497.94,933.97
208,maize,17.6303,14.9679,0.147442,3.434304,0.1885,0.8159,742.0,445.0,100.05,7158.1,899.31,934.84
209,maize,12.2871,14.9636,-0.26865,4.784595,0.1958,1.0272,748.0,690.0,100.05,6272.2,429.26,929.72
210,maize,10.542,14.9661,-0.273778,9.11491,0.1984,1.0714,732.0,505.0,100.05,6085.6,577.19,928.23
211,maize,11.99,14.9611,-0.11244,2.871843,0.183,0.9004,764.0,580.0,100.05,6335.9,545.58,925.31
212,maize,16.6117,14.956,0.062715,1.650963,0.1867,0.7847,736.0,360.0,100.05,6339.9,783.38,923.21
213,maize,13.0982,14.9047,-0.145779,5.148323,0.2174,0.8727,737.0,355.0,100.05,5801.5,653.17,917.63
214,maize,15.8214,14.9445,0.197979,2.033523,0.1979,0.8472,748.0,400.0,100.05,7132.4,934.31,919.36
215,maize,19.1369,14.9717,0.347656,6.80419,0.2046,0.7834,741.0,375.0,100.05,7335.2,1014.2,918.84
216,maize,16.6312,14.9781,0.258366,4.106282,0.1974,0.7491,739.0,380.0,100.05,7321.5,1006.97,917.56
217,maize,11.2977,15.0061,-0.185995,3.256802,0.2177,0.9565,736.0,520.0,100.05,5425.2,394.69,914.18
218,maize,15.1824,15.0418,0.053041,1.527029,0.2297,0.8538,757.0,300.0,100.05,7138.2,1030.36,914.8
219,maize,19.7399,15.0857,0.314272,7.968309,0.2241,0.9072,745.0,450.0,100.05,7378.4,947.61,914.71
220,maize,20.2524,15.1165,0.344635,8.556687,0.2259,0.8001,739.0,470.0,100.05,7586.5,983.22,913.47
221,maize,17.5982,15.1554,0.139524,1.866929,0.236,0.9501,743.0,295.0,100.05,7284.1,1080.24,914.35
222,maize,17.3523,15.1813,0.091666,1.175,0.2463,0.8834,737.0,335.0,100.05,7118.9,1002.52,912.9
223,maize,15.2354,15.2067,-0.069586,1.231902,0.247,0.9174,750.0,350.0,100.05,6616.7,854.17,912.99
224,maize,17.227,15.3061,-0.055855,0.575206,0.2668,0.8691,781.0,490.0,100.05,7469.7,908.84,917.29
225,maize,14.9435,15.2867,-0.123777,1.041172,0.2661,1.087,741.0,400.0,100.05,6931.3,888.23,914.93
226,maize,9.8207,15.4661,-0.630863,19.378616,0.2483,0.9927,765.0,435.0,100.05,4999.7,355.93,920.79
227,maize,17.8234,15.5013,0.009082,0.467285,0.2457,0.8662,737.0,425.0,100.05,7352.5,970.92,922.68
228,maize,10.0078,15.4104,-0.681582,14.557118,0.2435,1.0596,745.0,470.0,100.05,5441.9,443.49,913.71
229,maize,13.1643,15.3942,-0.250279,3.911455,0.2464,1.111,736.0,615.0,100.05,6937.2,677.7,911.06
230,maize,12.1887,15.3459,-0.283263,6.844932,0.2357,1.0908,744.0,435.0,100.05,5898.7,593.28,905.43
231,maize,16.4132,15.3549,0.0107,1.156459,0.2285,1.071,758.0,370.0,100.05,7056.0,939.19,903.06
232,maize,15.7676,15.3303,0.071961,0.549094,0.2313,1.1024,755.0,295.0,100.05,7337.5,1086.38,902.33
233,maize,15.2956,15.2862,0.065553,0.564998,0.2391,0.882,761.0,365.0,100.05,7420.3,1033.49,900.74
234,maize,20.2625,15.3206,0.242854,3.835846,0.2521,0.8774,747.0,370.0,100.05,7557.6,1071.2,901.02
235,maize,18.7595,15.3297,0.203146,2.357163,0.245,1.0336,761.0,545.0,100.05,7754.2,936.96,900.09
236,maize,19.928,15.3488,0.120877,2.095495,0.2177,1.0413,751.0,445.0,100.05,7735.6,1038.29,897.86
237,maize,12.1666,15.3194,-0.403255,6.163448,0.2531,0.9134,769.0,430.0,100.05,6085.1,629.89,893.97
238,maize,15.1169,15.3036,-0.125958,1.217126,0.2613,0.9534,761.0,410.0,100.05,7201.1,933.67,892.21
239,maize,17.6752,15.3986,0.013987,0.540658,0.2454,1.1388,748.0,380.0,100.05,7353.5,1009.59,895.3
240,maize,17.2185,15.4513,-0.016047,3.504958,0.2346,1.0477,744.0,175.0,100.05,6460.8,993.81,897.47
241,maize,13.3674,15.4062,-0.288116,4.913486,0.2394,1.0391,745.0,505.0,100.05,6199.2,597.8,891.97
242,maize,17.9485,15.4207,0.007493,0.308382,0.2453,0.8868,740.0,315.0,100.05,7298.3,1065.57,892.36
243,maize,15.0242,15.4281,-0.236583,3.216435,0.2469,1.0386,744.0,455.0,100.05,6503.0,724.34,889.63
244,maize,17.0486,15.4343,-0.145553,1.033303,0.2646,0.9503,768.0,275.0,100.05,7258.3,1078.78,890.67
245,maize,15.0092,15.4261,-0.099521,0.844981,0.2349,1.1466,747.0,345.0,100.05,6939.9,941.77,889.52
246,maize,18.5358,15.4835,0.136647,2.055678,0.2283,0.8655,736.0,490.0,100.05,7331.2,901.21,888.89
247,maize,12.78,15.4485,-0.109888,1.116231,0.2341,1.1007,768.0,565.0,100.05,6935.8,708.16,884.15
248,maize,19.3757,15.4793,0.184423,3.485142,0.2025,0.884,734.0,300.0,100.05,7370.9,1102.32,885.5
249,maize,11.9826,15.3974,-0.202466,2.122148,0.2172,1.151,746.0,485.0,100.05,6270.0,634.89,879.49
250,maize,17.3992,15.4476,0.206521,1.897652,0.2079,0.8123,743.0,375.0,100.05,7087.8,951.16,880.56
251,maize,17.6033,15.4532,0.214386,2.853913,0.2162,0.8135,758.0,260.0,100.05,7478.5,1154.82,880.76
252,maize,15.0517,15.4362,0.107914,1.678764,0.1931,0.9934,744.0,410.0,100.05,6855.6,857.5,878.42
253,maize,19.0257,15.5076,0.263887,4.386144,0.1942,0.7563,748.0,310.0,100.05,7371.0,1083.94,880.66
254,maize,16.9944,15.5503,0.150753,2.247025,0.1939,0.8324,739.0,400.0,100.05,7376.4,1000.69,886.1
255,maize,18.8861,15.6378,0.185917,1.902613,0.2037,0.8952,752.0,360.0,100.05,7453.4,1052.15,888.29
256,maize,6.4241,15.5546,-0.726125,29.093937,0.2221,1.0772,753.0,275.0,100.05,5213.3,576.54,885.94
257,maize,17.9701,15.5919,0.082041,0.773006,0.185,0.8028,769.0,380.0,100.05,7625.2,1064.89,887.27
258,maize,12.9481,15.5147,-0.344176,6.786858,0.2037,1.1063,741.0,340.0,100.05,7204.6,1016.55,885.37
259,maize,12.6783,15.4665,-0.282306,3.666055,0.206,1.102,736.0,355.0,100.05,6891.1,926.17,884.25
260,maize,14.0306,15.4713,-0.353736,8.992716,0.2158,1.0932,764.0,465.0,100.05,7270.6,894.24,884.69
261,maize,12.8765,15.4144,-0.288607,7.721272,0.2063,1.0456,747.0,495.0,100.05,6398.0,656.29,879.41
262,maize,19.2256,15.4306,0.03806,0.814205,0.2054,0.9668,747.0,370.0,100.05,7387.2,1028.6,878.65
263,maize,13.7896,15.4444,-0.266021,8.821981,0.1808,0.8278,736.0,335.0,100.05,5500.3,598.47,875.07
264,maize,19.9146,15.4847,0.056839,1.020545,0.2095,0.8561,745.0,425.0,100.05,7267.7,944.92,876.31
265,maize,14.3592,15.5247,-0.148858,1.817621,0.2032,0.9244,749.0,400.0,100.05,6807.3,852.43,877.91
266,maize,12.5266,15.4783,-0.254529,5.51614,0.236,1.0484,738.0,325.0,100.05,6403.7,833.12,875.24
267,maize,15.5588,15.4919,0.051034,0.46055,0.2223,0.9595,749.0,395.0,100.05,7140.4,940.69,874.54
268,maize,9.0641,15.4702,-0.460771,9.26556,0.2432,1.2107,760.0,575.0,100.05,6218.8,523.7,871.64
269,maize,14.4715,15.4314,-0.190048,1.226153,0.2432,1.0001,759.0,285.0,100.05,6697.4,933.95,869.77
270,maize,15.641,15.4764,-0.046972,0.546666,0.2624,1.0417,750.0,385.0,100.05,7091.6,937.89,871.06
271,maize,19.9771,15.5177,0.305259,6.974992,0.2329,0.9484,743.0,320.0,100.05,7675.4,1153.05,872.6
272,maize,17.2428,15.59,0.15094,2.91524,0.2548,1.0578,739.0,360.0,100.05,7145.1,982.88,876.86
273,maize,16.2479,15.6228,0.098525,1.66467,0.2346,0.8771,737.0,400.0,100.05,6641.6,818.19,878.55
274,maize,18.6746,15.635,0.281294,4.195941,0.2229,0.903,736.0,250.0,100.05,7160.0,1098.41,879.64
275,maize,17.4653,15.6209,0.257164,3.703931,0.2404,0.9171,747.0,370.0,100.05,7722.6,1112.45,878.9
276,maize,14.2182,15.6433,0.039573,0.941236,0.2555,1.0013,767.0,310.0,100.05,6989.0,977.06,880.53
277,maize,12.5253,15.6062,-0.050379,0.638791,0.2554,1.225,740.0,370.0,100.05,6492.7,809.17,878.94
278,maize,16.184,15.5975,0.125507,0.531651,0.2509,1.0508,761.0,290.0,100.05,7258.0,1067.91,881.43
279,maize,8.567,15.4908,-0.349683,13.976618,0.2396,1.0493,739.0,270.0,100.05,5723.5,717.48,876.63
280,maize,10.0732,15.3979,-0.353116,8.08168,0.2815,1.0846,750.0,245.0,100.05,5647.6,716.9,872.16
281,maize,12.3987,15.3554,-0.134716,1.495452,0.2895,1.1612,734.0,295.0,100.05,6667.4,931.44,872.69
282,maize,18.5849,15.3921,0.294434,4.18181,0.2666,0.9473,747.0,295.0,100.05,7751.6,1194.7,874.67
283,maize,15.6332,15.3981,0.092198,0.831292,0.2766,0.9734,759.0,335.0,100.05,7287.2,1031.39,875.95
284,maize,17.588,15.3711,0.36449,3.479902,0.2779,0.9461,760.0,315.0,100.05,7863.4,1194.85,876.72
285,maize,17.1294,15.3875,0.066865,0.900605,0.3246,0.9385,773.0,210.0,100.05,7229.9,1133.67,878.76
286,maize,20.0116,15.4153,0.317346,3.67894,0.3024,1.0693,763.0,230.0,100.05,8489.3,1434.53,882.19
287,maize,15.2614,15.4194,-0.10754,1.257105,0.3187,1.0226,757.0,265.0,100.05,6712.7,958.97,884.57
288,maize,13.9308,15.3905,-0.09804,1.473405,0.3466,1.0969,735.0,370.0,100.05,6672.5,857.11,884.48
289,maize,10.176,15.3239,-0.485851,8.244114,0.3345,1.3673,742.0,325.0,100.05,6007.4,731.64,882.04
290,maize,19.8089,15.3914,0.227247,2.808267,0.3688,1.0175,751.0,185.0,100.05,7729.0,1296.65,885.93
291,maize,16.4412,15.3884,0.136272,1.027013,0.3391,0.9981,765.0,360.0,100.05,7162.2,971.54,885.4
292,maize,16.1871,15.3805,-0.060574,2.730472,0.3495,1.0601,769.0,340.0,100.05,7233.7,1007.02,886.55
293,maize,14.2339,15.3956,-0.20763,1.428485,0.4037,1.1551,779.0,120.0,100.05,7148.7,1199.79,891.44
294,maize,16.9367,15.4275,0.012196,0.907179,0.3726,0.9948,772.0,295.0,100.05,7698.8,1166.51,895.48
295,maize,16.5768,15.4104,-0.210034,1.238722,0.4141,1.1003,774.0,310.0,100.05,7404.2,1076.64,897.13
296,maize,19.7901,15.4685,0.1952,2.086076,0.3568,0.9822,753.0,325.0,100.05,7633.3,1131.53,899.8
297,maize,10.463,15.4286,-0.732091,11.128711,0.3738,1.1502,797.0,340.0,100.05,6175.7,725.73,897.43
298,maize,18.5708,15.4849,0.09545,1.185812,0.3614,1.2106,777.0,265.0,100.05,7836.8,1228.01,905.25
299,maize,15.9678,15.503,-0.224504,1.926305,0.3665,1.1121,763.0,275.0,100.05,7224.2,1073.24,907.32
300,maize,15.8054,15.4756,-0.127155,1.227239,0.3786,1.3537,748.0,475.0,100.05,7257.0,890.46,906.52
301,maize,15.4378,15.4803,-0.120888,1.093976,0.3803,1.375,757.0,445.0,100.05,7232.5,908.92,907.31
302,maize,13.1223,15.454,-0.320197,2.332427,0.4151,1.1184,809.0,290.0,100.05,7187.3,1021.43,909.63
303,maize,15.2079,15.4672,0.070105,0.743914,0.3545,1.0377,788.0,310.0,100.05,7224.8,1023.41,911.66
304,maize,8.6414,15.3614,-0.331333,7.344654,0.3506,1.2346,763.0,280.0,100.05,6071.2,780.0,910.7
305,maize,14.1902,15.3649,0.012974,1.469853,0.3727,1.1258,768.0,380.0,100.05,6661.4,824.56,909.31
306,maize,14.0864,15.368,-0.159283,1.459225,0.3832,1.0048,797.0,315.0,100.05,6999.1,956.57,909.32
307,maize,16.6938,15.4175,0.25416,2.707874,0.3419,1.2574,752.0,400.0,100.05,7408.7,1000.97,914.35
308,maize,6.7638,15.3088,-0.466074,10.921162,0.3287,1.3347,762.0,445.0,100.05,4890.4,320.4,908.56
309,maize,12.1413,15.3074,0.037131,1.011027,0.3546,1.055,757.0,390.0,100.05,6558.8,795.49,912.23
310,maize,14.351,15.3455,0.223405,1.937198,0.351,1.1101,795.0,355.0,100.05,6910.9,895.72,915.41
311,maize,16.8941,15.3945,0.488996,6.507932,0.3565,1.1008,791.0,390.0,100.05,7691.9,1058.37,920.54
312,maize,11.7408,15.3458,0.037899,2.267612,0.3366,0.9664,750.0,365.0,100.05,5367.9,526.96,917.98
313,maize,16.0876,15.3757,0.342082,4.131108,0.36,0.963,779.0,335.0,100.05,7750.7,1135.26,922.8
314,maize,14.3465,15.3609,0.37584,5.066292,0.3678,0.9622,771.0,285.0,100.05,7164.0,1043.4,923.89
315,maize,18.3324,15.3529,0.425948,11.339303,0.3145,0.9723,734.0,245.0,100.05,7350.4,1152.19,925.27
316,maize,16.3391,15.35,0.481779,9.090281,0.3119,0.9667,753.0,345.0,100.05,7075.6,972.11,924.92
317,maize,12.0324,15.3573,-0.013507,0.964586,0.3012,1.0063,751.0,355.0,100.05,5766.5,636.02,927.33
318,maize,13.4334,15.3398,0.09773,1.076523,0.3256,1.0659,753.0,415.0,100.05,6406.4,734.81,924.38
319,maize,18.4792,15.3272,0.355841,6.061907,0.3011,0.8773,763.0,190.0,100.05,7635.1,1260.98,927.51
320,maize,12.8074,15.2528,-0.154959,1.353618,0.3315,1.3358,757.0,515.0,100.05,6789.7,728.22,924.96
321,maize,14.195,15.2187,-0.152815,1.426515,0.3245,1.0206,763.0,270.0,100.05,6132.5,805.33,922.21
322,maize,15.2538,15.1977,0.069081,1.189106,0.2957,1.1524,763.0,345.0,100.05,6955.7,936.12,921.55
323,maize,17.5073,15.2205,0.221227,2.842673,0.2885,1.1514,745.0,455.0,100.05,7258.9,912.73,922.13
324,maize,20.054,15.2487,0.273462,4.791527,0.2737,0.9178,739.0,270.0,100.05,7760.8,1226.8,925.31
325,maize,14.0316,15.2396,-0.174542,1.178139,0.3292,1.078,781.0,260.0,100.05,6800.4,971.5,926.15
326,maize,16.5814,15.3072,-0.153543,1.966728,0.2765,1.1137,754.0,335.0,100.05,7014.0,966.09,932.25
327,maize,10.1146,15.2301,-0.415084,9.24652,0.2669,1.2067,753.0,510.0,100.05,5635.4,447.05,927.01
328,maize,16.397,15.294,-0.255867,2.836151,0.2932,0.8013,767.0,115.0,100.05,7187.9,1221.77,934.79
329,maize,18.7369,15.3498,0.112724,1.329087,0.2636,0.9446,739.0,285.0,100.05,7420.1,1126.63,939.28
330,maize,20.1274,15.4291,0.223536,3.12486,0.2588,0.9686,742.0,265.0,100.05,7668.7,1206.98,945.42
331,maize,18.3821,15.4488,-0.030606,0.768726,0.2516,1.0537,761.0,150.0,100.05,7862.1,1358.93,949.61
332,maize,17.9922,15.4711,0.023052,0.570103,0.2452,1.0774,738.0,310.0,100.05,7314.8,1075.9,949.51
333,maize,15.2872,15.471,-0.203441,3.113542,0.2603,1.2212,736.0,420.0,100.05,6641.5,798.78,947.16
334,maize,15.4564,15.4229,-0.227051,6.421253,0.2438,0.9189,739.0,205.0,100.05,5874.0,820.09,944.65
335,maize,19.0812,15.4261,0.169383,1.678707,0.2295,0.9549,771.0,275.0,100.05,7792.1,1210.42,947.39
336,maize,18.023,15.4071,5.6e-05,0.436252,0.2156,0.9814,735.0,285.0,100.05,7536.4,1158.11,948.58
337,maize,15.0887,15.4363,-0.215958,6.871237,0.2244,1.0948,743.0,310.0,100.05,5832.3,702.29,949.31
338,maize,12.913,15.4143,-0.297986,3.901359,0.2128,1.2917,760.0,265.0,100.05,6935.5,1012.88,950.1
339,maize,19.0373,15.4279,0.118472,1.153763,0.2117,1.0351,746.0,340.0,100.05,7437.0,1071.64,950.72
340,maize,-34.8973,14.9067,-5.887565,778.772522,0.2367,1.349,741.0,410.0,100.05,0.0,-854.6,932.24
341,maize,19.0241,14.9633,0.036113,0.810817,0.1867,1.0894,737.0,360.0,100.05,7289.3,1020.13,936.46
342,maize,17.4472,14.9583,0.047193,1.475461,0.1952,1.0145,730.0,210.0,100.05,7101.9,1127.48,937.08
343,maize,14.0368,14.9484,-0.396775,5.097753,0.2017,1.1052,757.0,200.0,100.05,6930.9,1078.53,940.62
344,maize,15.6473,14.9344,-0.127738,2.429495,0.1621,0.9478,747.0,360.0,100.05,6288.6,763.94,937.47
345,maize,16.9811,14.9541,-0.000866,0.260266,0.1506,0.9573,730.0,425.0,100.05,7052.1,900.02,937.06
346,maize,16.2702,14.9315,-0.01512,2.159607,0.127,0.939,736.0,370.0,100.05,6465.2,804.69,936.09
347,maize,16.2539,14.9662,0.087975,1.007877,0.1203,1.0843,744.0,365.0,100.05,7409.6,1040.99,939.42
348,maize,15.4155,14.9266,0.036452,0.758085,0.132,1.1163,735.0,230.0,100.05,7238.1,1138.52,939.78
349,maize,8.6409,14.8932,-0.221971,9.508021,0.1188,1.0818,732.0,570.0,100.05,5392.4,338.9,936.82
350,maize,17.1846,14.891,0.12878,1.597193,0.1165,0.8659,737.0,305.0,100.05,6757.8,942.24,936.73
351,maize,22.299,14.938,0.169737,6.834191,0.1123,0.8954,730.0,290.0,100.05,7653.6,1185.41,937.04
352,maize,18.9578,14.9771,0.131469,1.854281,0.0976,0.7938,734.0,335.0,100.05,7607.1,1126.37,939.73
353,maize,16.506,14.9519,0.047943,0.858515,0.1074,0.847,734.0,190.0,100.05,6769.5,1061.97,939.51
354,maize,18.2965,14.9649,0.018624,0.793211,0.1172,0.8411,734.0,180.0,100.05,7820.9,1334.84,942.85
355,maize,13.3557,14.9096,-0.178106,2.688138,0.1099,1.1912,739.0,470.0,100.05,6443.7,697.53,939.3
356,maize,17.8546,15.0239,0.043984,0.457349,0.0866,0.8993,740.0,385.0,100.05,7383.0,1016.74,943.7
357,maize,12.7313,14.9715,-0.093332,4.835189,0.0837,1.0325,730.0,330.0,100.05,6006.9,733.73,940.39
358,maize,16.165,15.0037,-0.096271,1.31995,0.0952,1.1458,734.0,445.0,100.05,7057.0,878.86,939.02
359,maize,12.8161,15.005,-0.153349,6.948488,0.0876,1.0439,735.0,335.0,100.05,5696.9,648.22,936.24
360,maize,19.3245,15.058,0.02549,0.698039,0.0824,0.9093,735.0,260.0,100.05,7136.1,1083.02,938.12
361,maize,16.3972,15.0932,-0.08792,0.743554,0.1052,0.9389,739.0,385.0,100.05,6954.5,910.23,940.66
362,maize,13.0218,15.0312,-0.186788,4.793353,0.0882,1.131,734.0,425.0,100.05,6028.2,641.64,936.79
363,maize,18.2198,15.0755,0.120413,2.106483,0.0843,0.967,736.0,355.0,100.05,7405.0,1054.64,941.35
364,maize,21.4612,15.0909,0.155718,5.91087,0.0724,0.8084,734.0,330.0,100.05,7923.3,1210.42,944.01
365,maize,17.232,15.1196,0.033048,1.29389,0.0856,1.0291,732.0,255.0,100.05,7213.5,1109.18,946.58
366,maize,20.673,15.2011,0.202815,7.902793,0.0738,0.8921,732.0,355.0,100.05,7621.9,1111.27,949.36
367,maize,19.0353,15.2359,0.082402,1.23782,0.1132,0.8376,730.0,145.0,100.05,7377.4,1261.35,952.57
368,maize,16.3772,15.309,0.071149,1.291784,0.0781,0.8409,730.0,145.0,100.05,7031.7,1174.93,959.08
369,maize,17.6134,15.3404,-0.083869,1.297524,0.0935,0.8984,747.0,190.0,100.05,7058.9,1126.51,961.0
370,maize,18.5117,15.3691,0.000161,0.25896,0.0858,0.8259,732.0,185.0,100.05,7367.7,1217.71,963.8
371,maize,17.7138,15.3465,-0.107607,1.61435,0.0954,0.8183,730.0,210.0,100.05,7127.7,1133.93,963.61
372,maize,10.2218,15.2763,-0.242493,16.319178,0.0952,1.0676,732.0,235.0,100.05,5437.2,685.09,960.63
373,maize,16.2644,15.2765,-0.110226,8.010592,0.0807,0.6957,732.0,240.0,100.05,6288.1,892.82,961.38
374,maize,18.5234,15.2749,0.039634,1.078982,0.0887,0.8499,730.0,230.0,100.05,7493.7,1205.44,962.45
375,maize,20.2119,15.3024,0.038735,0.355856,0.1009,0.8524,732.0,170.0,100.05,7437.6,1250.2,963.83
376,maize,12.9526,15.2898,-0.200429,8.619091,0.1041,0.9106,730.0,215.0,100.05,5819.6,801.89,962.07
377,maize,17.7273,15.3418,-0.020454,1.31257,0.1,0.6957,732.0,150.0,100.05,7363.6,1251.71,966.5
378,maize,21.5778,15.3957,0.083509,1.821925,0.101,0.7753,730.0,215.0,100.05,7743.2,1282.81,968.65
379,maize,17.4328,15.4844,-0.026222,0.848207,0.0991,0.856,730.0,110.0,100.05,6640.9,1112.23,972.6
380,maize,19.1013,15.5747,0.046901,1.338447,0.101,1.1241,739.0,290.0,100.05,7526.9,1148.33,976.91
381,maize,20.0093,15.6508,0.060331,1.138624,0.0937,0.7683,732.0,210.0,100.05,7072.6,1118.95,978.79
382,maize,15.3039,15.6179,-0.102571,1.865473,0.1064,0.9178,740.0,340.0,100.05,6450.8,828.69,975.13
383,maize,20.5781,15.6674,0.085625,0.870355,0.1195,0.7906,739.0,170.0,100.05,6679.6,1056.5,975.38
384,maize,18.716,15.6787,0.011717,0.448934,0.1128,0.9053,732.0,250.0,100.05,7743.5,1246.66,975.9
385,maize,15.154,15.6589,-0.143866,2.89099,0.1054,1.1221,732.0,210.0,100.05,6121.6,881.21,973.37
386,maize,15.8051,15.6169,-0.073842,0.909881,0.1167,1.1571,735.0,315.0,100.05,7282.8,1064.71,969.67
387,maize,15.7168,15.6214,-0.21821,2.096977,0.126,1.0087,750.0,390.0,100.05,7167.1,951.77,969.6
388,maize,16.6274,15.6484,-0.073697,0.530559,0.113,0.9325,736.0,260.0,100.05,7197.7,1097.83,972.01
389,maize,18.7174,15.7338,0.089877,0.92066,0.1015,0.8407,744.0,220.0,100.05,7205.0,1134.85,976.04
390,maize,18.0172,15.7159,0.015855,0.677404,0.1009,0.743,730.0,55.0,100.05,7004.4,1258.11,975.65
391,maize,16.7253,15.7187,-0.01737,0.871444,0.1042,0.978,730.0,425.0,100.05,7471.5,1004.87,975.99
392,maize,12.5181,15.682,-0.258329,5.177903,0.1137,1.1339,737.0,295.0,100.05,5837.4,722.15,973.14
393,maize,19.8625,15.7383,0.095769,3.076083,0.1074,0.7244,730.0,90.0,100.05,8124.5,1503.12,976.17
394,maize,20.748,15.7764,0.236238,7.079248,0.0883,0.8765,730.0,235.0,100.05,7688.9,1249.24,977.0
395,maize,17.191,15.7826,0.065303,0.559352,0.1043,0.7762,730.0,335.0,100.05,7636.1,1136.02,977.59
396,maize,15.1659,15.7363,0.010036,3.031174,0.0885,0.7885,735.0,110.0,100.05,5869.4,916.36,975.44
397,maize,18.6134,15.8178,0.097706,1.313547,0.0751,0.7962,730.0,260.0,100.05,7438.2,1161.55,979.8
398,maize,17.1499,15.8036,0.038887,0.649009,0.071,0.9333,730.0,210.0,100.05,6904.6,1078.15,978.3
399,maize,16.5465,15.8094,0.006472,0.615441,0.0745,0.9587,732.0,140.0,100.05,7120.9,1201.03,979.58
400,maize,15.0495,15.8018,-0.112911,4.704684,0.077,0.8779,732.0,260.0,100.05,6647.9,962.79,980.3
401,maize,19.7177,15.8446,0.004078,0.438639,0.0618,0.8174,730.0,225.0,100.05,7336.2,1171.04,982.92
402,maize,18.8731,15.9022,-0.002305,1.064337,0.0682,0.8226,730.0,255.0,100.05,7787.3,1253.82,985.25
403,maize,20.3591,15.9537,0.02612,0.789097,0.0749,0.8084,730.0,245.0,100.06,7539.0,1201.75,987.03
404,maize,13.024,15.9975,-0.217683,8.931156,0.0678,1.078,730.0,430.0,100.06,6235.1,690.79,986.14
405,maize,15.1214,16.0068,-0.13256,17.640261,0.0693,0.7377,732.0,165.0,100.06,5373.6,739.2,985.29
406,maize,18.5932,16.0519,-0.066421,0.945974,0.0776,0.6894,732.0,130.0,100.06,7450.2,1293.36,988.65
407,maize,21.0743,16.0957,0.005307,0.692739,0.0808,0.7508,730.0,295.0,100.06,7468.2,1134.05,989.98
408,maize,13.6761,16.1648,-0.205263,8.249748,0.0921,1.0161,730.0,450.0,100.06,6917.4,841.36,995.19
409,maize,13.4614,16.178,-0.194741,10.818139,0.0748,0.871,732.0,165.0,100.06,5699.2,820.61,995.44
410,maize,18.1779,16.2163,-0.013737,0.832535,0.0834,1.0309,732.0,55.0,100.06,7512.7,1383.98,1000.33
411,maize,18.4405,16.2317,0.006309,0.493154,0.0788,0.8191,730.0,250.0,100.06,7116.5,1091.12,1000.65
412,maize,15.5227,16.2695,-0.104345,1.945553,0.0795,1.1357,732.0,310.0,100.06,6626.6,907.46,1004.46
413,maize,17.3322,16.282,-0.024295,0.903784,0.0904,0.9958,740.0,310.0,100.06,7206.6,1047.64,1003.58
414,maize,16.5991,16.3045,-0.013523,0.873134,0.0975,1.144,732.0,245.0,100.06,7287.2,1137.59,1004.53
415,maize,15.1538,16.2727,-0.065979,1.064163,0.0802,0.9083,730.0,235.0,100.06,6294.4,900.61,1002.01
416,maize,18.3965,16.2933,0.119932,1.030986,0.1006,1.0201,734.0,250.0,100.06,7152.8,1097.81,1003.27
417,maize,18.9391,16.3624,0.082332,2.511959,0.0845,0.9696,730.0,155.0,100.06,7383.7,1252.93,1009.44
418,maize,16.2306,16.3903,0.146477,1.37786,0.0779,1.0308,734.0,155.0,100.06,6926.6,1136.24,1013.45
419,maize,20.5443,16.411,0.109783,4.193285,0.0949,0.8238,730.0,245.0,100.06,7355.8,1155.96,1012.4
420,maize,11.7473,16.4004,-0.068134,8.479877,0.0858,0.9281,732.0,150.0,100.06,5255.5,724.68,1012.36
421,maize,15.8235,16.4167,-0.078281,2.244955,0.0797,0.7059,730.0,95.0,100.06,7123.2,1247.79,1016.79
422,maize,17.8039,16.4422,0.101118,1.370146,0.0934,0.862,735.0,105.0,100.06,7294.3,1277.58,1020.2
423,maize,14.2289,16.4094,-0.083075,1.890973,0.0838,0.9508,730.0,120.0,100.06,6871.7,1159.93,1022.68
424,maize,19.1221,16.4001,0.107249,2.468507,0.0833,0.7331,734.0,245.0,100.06,8013.5,1317.97,1023.59
425,maize,14.9421,16.4092,-0.022898,3.27327,0.0802,0.8629,745.0,75.0,100.06,6931.5,1210.87,1025.98
426,maize,16.9857,16.4132,0.089734,2.271959,0.085,0.9434,730.0,175.0,100.06,7333.4,1220.35,1028.52
427,maize,12.6374,16.4385,-0.120304,3.215344,0.0856,1.1848,732.0,310.0,100.06,6188.7,797.97,1032.03
428,maize,15.6468,16.431,0.027332,1.355879,0.0699,0.911,730.0,195.0,100.06,6664.1,1033.02,1030.15
429,maize,17.1113,16.4147,0.077084,1.112367,0.0851,0.9155,735.0,255.0,100.06,7598.2,1203.54,1030.91
430,maize,10.9855,16.3233,-0.321393,5.3011,0.093,1.0531,747.0,330.0,100.06,6358.9,811.51,1026.96
431,maize,19.1886,16.3313,0.210307,4.530567,0.0808,0.6542,747.0,60.0,100.06,7695.5,1415.67,1027.53
432,maize,20.1444,16.3529,0.018152,2.012111,0.0723,0.6168,730.0,45.0,100.06,7628.2,1424.04,1031.01
433,maize,14.7659,16.3477,-0.059509,1.533488,0.0756,0.8547,730.0,105.0,100.06,6123.4,987.84,1032.9
434,maize,12.7099,16.3202,-0.107238,3.107669,0.0895,1.001,730.0,195.0,100.06,6202.9,917.72,1033.88
435,maize,15.8501,16.2879,-0.003819,0.572939,0.0952,0.8493,732.0,120.0,100.06,6937.5,1175.17,1033.52
436,maize,19.7648,16.3053,0.07476,2.338091,0.0961,0.6239,732.0,55.0,100.06,7837.4,1465.14,1036.59
437,maize,14.7098,16.3015,-0.008102,0.655739,0.1029,0.8184,730.0,115.0,100.06,6844.2,1158.05,1041.15
438,maize,17.8686,16.3511,0.001466,0.468456,0.0968,0.9778,730.0,205.0,100.06,7193.4,1155.35,1042.58
439,maize,16.3084,16.3238,-0.030379,0.692645,0.0967,0.8182,734.0,45.0,100.06,6858.8,1229.29,1044.15
440,maize,12.3673,16.7964,-0.073152,3.336197,0.0981,0.9037,740.0,50.0,100.06,6569.1,1148.29,1064.18
441,maize,19.3649,16.7998,0.071761,1.464624,0.1073,0.8477,730.0,175.0,100.06,7510.4,1264.59,1066.63
442,maize,14.3569,16.7689,-0.070437,1.35697,0.1038,0.9561,730.0,270.0,100.06,6607.5,943.87,1064.79
443,maize,18.5096,16.8137,0.026568,0.578554,0.1074,0.8306,732.0,80.0,100.06,7434.6,1339.46,1067.4
444,maize,17.3795,16.831,0.046898,0.782273,0.1131,0.8333,736.0,15.0,100.06,7286.4,1365.01,1073.41
445,maize,16.42,16.8254,-0.042207,0.930904,0.1152,0.7957,734.0,85.0,100.06,7321.1,1304.86,1077.46
446,maize,13.0114,16.7928,-0.104274,3.632282,0.1049,0.7706,735.0,45.0,100.06,6087.9,1035.97,1079.77
447,maize,15.6691,16.7869,-0.079396,1.532327,0.1177,0.8279,734.0,170.0,100.06,6741.7,1075.02,1080.11
448,maize,14.3153,16.7759,-0.112908,2.96614,0.1171,0.8422,732.0,105.0,100.06,6113.0,984.05,1078.57
449,maize,13.3031,16.8225,-0.096901,2.740238,0.1211,0.7517,730.0,80.0,100.06,6009.6,984.41,1085.02
450,maize,18.5779,16.8365,0.157082,2.395296,0.1056,0.7986,734.0,90.0,100.06,7522.4,1350.2,1089.1
451,maize,11.1804,16.7253,-0.166081,4.373109,0.1134,1.0842,734.0,175.0,100.06,5476.8,753.8,1084.78
452,maize,14.7673,16.6834,-0.00384,0.553308,0.13,0.8127,730.0,95.0,100.06,6380.5,1062.13,1084.14
453,maize,14.8236,16.6666,0.066983,1.385797,0.1153,1.0877,730.0,25.0,100.06,6651.7,1199.93,1085.52
454,maize,18.1871,16.6655,0.382327,9.230812,0.1186,0.9625,740.0,135.0,100.06,7556.6,1310.14,1085.28
455,maize,18.8887,16.7208,0.190707,6.321527,0.1241,0.8163,730.0,165.0,100.06,7148.6,1184.16,1090.14
456,maize,11.7385,16.6596,-0.0337,1.062215,0.1302,1.1042,762.0,90.0,100.06,6235.1,1011.56,1090.09
457,maize,19.9468,16.7318,0.445119,12.018158,0.1446,0.8639,742.0,320.0,100.06,7416.7,1088.98,1093.64
458,maize,17.6082,16.7462,0.134407,3.785275,0.1446,1.0253,742.0,170.0,100.06,7395.9,1233.78,1097.19
459,maize,15.5632,16.7737,0.171718,1.717449,0.1353,0.9967,732.0,175.0,100.06,6517.7,1015.23,1100.86
460,maize,15.4158,16.7346,3.5e-05,0.520695,0.1659,0.9719,736.0,155.0,100.06,6795.1,1102.18,1101.05
461,maize,14.0894,16.7115,-0.123329,2.059637,0.1547,1.1773,737.0,220.0,100.06,6735.1,1021.57,1102.17
462,maize,16.2366,16.7437,0.229433,3.858319,0.1329,1.125,732.0,335.0,100.06,7120.1,1005.81,1105.81
463,maize,10.3354,16.6648,-0.222298,7.316105,0.1495,1.1599,736.0,35.0,100.06,4953.4,761.75,1102.88
464,maize,13.6943,16.5872,-0.044216,0.550911,0.148,1.2974,730.0,360.0,100.06,7311.7,1029.92,1101.07
465,maize,15.1167,16.566,0.091989,1.468983,0.1369,1.1002,740.0,180.0,100.06,6505.3,1002.33,1100.01
466,maize,15.8285,16.5176,0.103262,1.332583,0.1483,1.085,736.0,390.0,100.06,6872.2,886.44,1097.76
467,maize,16.5585,16.4928,0.080718,1.039404,0.1712,1.1289,730.0,260.0,100.06,7547.3,1188.83,1097.03
468,maize,20.6466,16.5355,0.322283,7.042573,0.1671,1.1313,732.0,190.0,100.06,7898.2,1345.35,1098.74
469,maize,15.6744,16.5161,-0.016612,0.507471,0.1355,1.1692,730.0,300.0,100.06,6506.9,888.73,1096.36
470,maize,20.2329,16.5333,0.162437,2.683698,0.1479,1.2087,734.0,260.0,100.06,7652.0,1212.59,1096.31
471,maize,18.6856,16.543,0.175562,2.287684,0.12,1.1976,732.0,435.0,100.06,7392.5,973.92,1094.71
472,maize,19.649,16.6373,0.085166,0.987036,0.1529,1.1248,740.0,340.0,100.06,7470.4,1083.6,1098.69
473,maize,15.6452,16.6311,-0.160934,2.306917,0.1262,1.3748,730.0,360.0,100.06,7004.3,953.09,1099.3
474,maize,9.5956,16.5418,-0.529108,29.923401,0.1109,1.3363,740.0,465.0,100.06,4612.8,244.19,1089.68
475,maize,13.7308,16.477,-0.296341,7.710089,0.1209,1.3427,740.0,505.0,100.06,6737.1,735.29,1084.53
476,maize,19.2045,16.5396,-0.028709,0.339065,0.1485,1.1838,751.0,320.0,100.06,7802.4,1179.99,1088.31
477,maize,12.3139,16.4854,-0.394352,9.559626,0.1216,1.3313,734.0,365.0,100.06,5999.4,694.44,1082.74
478,maize,14.4009,16.4137,-0.229043,5.233951,0.1444,1.23,730.0,370.0,100.06,6287.3,763.83,1077.55
479,maize,14.5482,16.3848,-0.366639,7.432019,0.1567,1.3411,750.0,350.0,100.06,6874.7,918.69,1075.62
480,maize,12.1931,16.3157,-0.363749,11.383419,0.1509,1.2638,742.0,355.0,100.06,5330.5,532.44,1069.46
481,maize,16.258,16.2782,-0.165093,1.517659,0.1775,1.3106,736.0,325.0,100.06,7061.1,998.68,1068.26
482,maize,16.7842,16.293,0.100902,1.026558,0.1613,1.2681,752.0,485.0,100.06,7421.3,919.13,1069.16
483,maize,18.8531,16.2758,0.124656,2.301287,0.165,1.2669,735.0,230.0,100.06,7710.3,1256.57,1071.16
484,maize,18.711,16.2757,0.172732,4.336518,0.152,1.3304,732.0,360.0,100.06,6977.7,945.24,1068.15
485,maize,16.8254,16.2924,0.034327,0.686637,0.1723,1.2086,734.0,275.0,100.06,7223.4,1090.45,1070.24
486,maize,15.783,16.2922,0.053693,1.323851,0.1515,1.2616,742.0,305.0,100.06,6815.7,953.73,1069.13
487,maize,16.0336,16.2954,-0.017231,0.46748,0.172,1.2463,732.0,265.0,100.06,7323.7,1126.73,1070.88
488,maize,16.3408,16.2925,-0.004636,0.691934,0.157,1.3281,732.0,365.0,100.06,6892.7,918.98,1069.09
489,maize,17.1839,16.2772,0.068398,0.681608,0.1568,1.2304,732.0,300.0,100.06,7438.8,1120.49,1068.95
490,maize,14.4701,16.2417,-0.051084,0.789547,0.1518,1.2889,742.0,455.0,100.06,6579.5,744.67,1063.81
491,maize,16.6703,16.2412,0.027565,0.249632,0.155,1.2659,734.0,335.0,100.06,6979.5,969.48,1063.46
492,maize,16.5917,16.2819,0.083639,0.726725,0.1567,1.3344,738.0,305.0,100.06,7284.9,1073.42,1066.97
493,maize,8.1487,16.1647,-0.346623,16.216381,0.1505,1.3824,740.0,490.0,100.06,5503.9,441.97,1056.36
494,maize,17.5478,16.1327,-0.027837,1.125715,0.1653,1.3255,732.0,485.0,100.06,7053.7,839.22,1052.26
495,maize,17.3577,16.1344,-0.015863,0.905995,0.1582,1.2309,730.0,320.0,100.06,7508.0,1119.0,1052.09
496,maize,18.3456,16.1662,-0.063721,1.199041,0.1625,1.2726,734.0,260.0,100.06,6945.1,1035.87,1053.28
497,maize,12.2522,16.1026,-0.261515,9.353561,0.1514,1.2762,734.0,315.0,100.06,5751.2,682.4,1048.49
498,maize,15.0146,16.0812,-0.163315,2.035532,0.1834,1.3778,762.0,310.0,100.06,7029.7,990.24,1047.61
499,maize,6.0983,15.9768,-0.605528,20.326239,0.1566,1.3897,739.0,250.0,100.06,5199.3,606.43,1041.67
500,maize,17.3064,15.9993,0.139663,0.904021,0.1786,1.219,734.0,270.0,100.06,7392.1,1137.63,1043.42
501,maize,18.598,15.9881,0.239676,4.369291,0.1593,1.2708,730.0,280.0,100.06,7296.6,1106.15,1042.77
502,maize,17.0217,15.9696,0.164167,1.77493,0.1705,1.2649,732.0,185.0,100.06,7012.6,1128.95,1041.52
503,maize,12.7984,15.894,-0.140388,1.66055,0.1888,1.3384,742.0,185.0,100.05,6277.6,939.21,1038.89
504,maize,21.8025,15.9818,0.351502,11.188998,0.1443,1.1304,732.0,200.0,100.06,7805.1,1312.06,1045.11
505,maize,13.5454,15.966,-0.038789,1.214193,0.1481,1.2808,734.0,325.0,100.06,6409.1,836.87,1046.08
506,maize,17.5309,15.9554,0.140139,1.418988,0.1728,1.2484,739.0,285.0,100.06,6819.0,976.35,1042.91
507,maize,14.792,15.8926,0.043377,0.603382,0.1819,1.3195,737.0,285.0,100.05,6581.1,918.07,1040.75
508,maize,9.554,15.8514,-0.401318,6.702377,0.1806,1.3419,739.0,250.0,100.05,6339.3,891.42,1041.25
509,maize,15.709,15.8739,0.04069,0.392676,0.176,1.2419,746.0,265.0,100.05,7406.9,1139.12,1044.44
510,maize,18.9649,15.8817,0.075482,1.962813,0.165,1.0455,734.0,110.0,100.05,7574.5,1343.22,1044.03
511,maize,17.3935,15.8713,0.105194,1.01575,0.1687,1.1455,752.0,230.0,100.05,7662.2,1234.35,1045.46
512,maize,16.2296,15.8783,0.089138,1.14426,0.1609,1.3724,732.0,360.0,100.05,7259.7,1015.71,1046.54
513,maize,11.8254,15.8233,-0.235397,3.568657,0.1653,1.3835,732.0,190.0,100.05,6412.4,973.89,1045.81
514,maize,16.5167,15.8224,-0.120286,0.855893,0.1591,1.1552,741.0,185.0,100.05,7050.6,1133.06,1045.76
515,maize,15.5644,15.8265,-0.068303,0.821297,0.1452,1.1407,741.0,170.0,100.05,7454.1,1248.93,1049.25
516,maize,19.3724,15.8363,0.10731,1.497204,0.1628,1.0546,752.0,425.0,100.05,7495.8,997.76,1048.24
517,maize,18.6156,15.8331,0.062556,0.611965,0.1599,1.132,738.0,280.0,100.05,7031.7,1035.14,1046.07
518,maize,18.5082,15.8558,0.055014,0.566737,0.1667,1.2022,732.0,235.0,100.05,7171.1,1118.59,1045.89
519,maize,19.8232,15.8486,0.115187,1.422524,0.1681,1.0319,734.0,125.0,100.05,7862.7,1400.27,1048.33
520,maize,12.3347,15.8545,-0.440896,10.428454,0.18,1.2478,750.0,130.0,100.05,6827.2,1126.8,1052.35
521,maize,19.0385,15.8866,-0.003825,0.652883,0.1686,1.2012,746.0,395.0,100.05,7614.4,1061.0,1050.49
522,maize,16.1498,15.8701,-0.094735,3.23148,0.1375,1.0396,732.0,190.0,100.05,6653.4,1034.16,1048.05
523,maize,15.6821,15.8846,-0.388297,7.036194,0.1785,1.1296,744.0,155.0,100.05,6400.9,998.83,1046.44
524,maize,15.5457,15.8489,-0.189892,2.224581,0.175,1.2796,742.0,520.0,100.05,7152.4,822.89,1041.49
525,maize,16.924,15.8687,-0.076488,0.664732,0.1685,1.1516,734.0,495.0,100.05,7534.1,948.12,1038.86
526,maize,18.03,15.8791,-0.013828,0.437886,0.1823,1.0852,735.0,435.0,100.05,6899.2,848.81,1035.15
527,maize,20.3902,15.9567,0.16562,3.060905,0.1457,1.0737,732.0,310.0,100.06,7516.9,1130.02,1038.47
528,maize,16.3282,15.9635,-0.010156,1.888916,0.1666,1.2842,732.0,415.0,100.06,7382.5,991.42,1038.05
529,maize,16.1068,15.9534,-0.071856,2.653766,0.1733,1.2916,742.0,420.0,100.06,7231.6,942.7,1035.44
530,maize,15.4592,15.9982,0.043953,1.242366,0.1402,1.1944,734.0,390.0,100.06,6675.7,838.52,1035.71
531,maize,19.991,16.0062,0.166249,2.595777,0.149,1.1497,732.0,250.0,100.06,7081.6,1081.2,1032.37
532,maize,13.8583,15.9433,-0.097939,2.115771,0.1701,1.1585,732.0,395.0,100.05,6772.6,858.95,1026.72
533,maize,15.918,15.9549,-0.057652,0.601657,0.1626,1.1645,744.0,400.0,100.06,7156.1,942.64,1026.27
534,maize,14.8894,15.9766,0.023487,0.545675,0.1556,1.2662,738.0,365.0,100.06,6900.8,917.4,1026.26
535,maize,18.0151,15.9983,0.179502,2.921164,0.1553,1.1907,737.0,355.0,100.06,7267.1,1019.58,1024.71
536,maize,8.453,15.8852,-0.473218,15.346843,0.1547,1.1376,742.0,460.0,100.05,5108.1,371.83,1013.77
537,maize,15.4662,15.8927,0.001622,1.767471,0.1283,1.0849,732.0,325.0,100.05,6410.4,838.4,1010.58
538,maize,13.493,15.849,-0.051043,3.806263,0.132,1.0844,734.0,455.0,100.05,5853.9,568.06,1004.7
539,maize,16.3998,15.8499,0.088949,1.019073,0.1557,1.196,734.0,385.0,100.05,7320.7,1004.78,1002.46
540,maize,10.2566,15.8288,-0.173497,10.067826,0.13,1.0501,732.0,225.0,100.05,5053.9,599.28,996.97
541,maize,17.0611,15.8058,0.091937,1.215307,0.1547,1.0785,736.0,220.0,100.05,6767.3,1030.24,994.63
542,maize,19.6627,15.8588,0.261408,10.578985,0.1008,1.0093,740.0,290.0,100.05,7523.4,1146.86,996.66
543,maize,19.1971,15.8657,0.250005,6.353004,0.1419,0.9948,735.0,325.0,100.05,8132.9,1267.23,995.93
544,maize,15.2716,15.8446,0.029999,1.682193,0.1293,0.9881,742.0,210.0,100.05,6756.4,1033.89,992.62
545,maize,16.6611,15.847,0.101788,2.257871,0.1255,1.2656,734.0,455.0,100.05,7117.9,884.07,988.41
546,maize,16.2547,15.8795,0.117077,1.748004,0.1044,1.1393,736.0,355.0,100.05,7337.4,1037.75,988.43
547,maize,19.2268,15.915,0.168312,4.576292,0.1241,1.0089,730.0,145.0,100.05,7757.7,1356.42,991.25
548,maize,12.7123,15.899,-0.103196,2.83022,0.1236,1.1761,735.0,330.0,100.05,5892.5,702.12,988.43
549,maize,10.1392,15.8674,-0.239042,8.743166,0.127,1.3032,730.0,320.0,100.05,6069.1,759.26,986.18
550,maize,17.8553,15.8601,0.098923,1.10613,0.1486,0.9802,741.0,225.0,100.05,7147.0,1117.16,983.84
551,maize,18.7066,15.9354,0.149176,2.301402,0.1155,1.0899,730.0,340.0,100.05,7306.2,1048.55,986.79
552,maize,15.5359,15.9431,-0.090578,1.24033,0.1296,1.1149,737.0,270.0,100.05,6656.0,951.81,985.69
553,maize,13.0647,15.9255,-0.237029,6.43843,0.13,1.1406,732.0,345.0,100.05,6093.2,739.1,981.08
554,maize,16.441,15.908,-0.142073,1.694727,0.1801,1.0905,770.0,295.0,100.05,7421.4,1098.35,978.96
555,maize,19.5022,15.9142,0.045218,0.542843,0.1349,1.0658,730.0,300.0,100.05,7105.5,1038.38,977.51
556,maize,15.6553,15.9533,-0.157467,2.09175,0.1527,1.2342,742.0,200.0,100.06,6673.7,1023.23,977.62
557,maize,14.2552,15.8964,-0.124562,2.054225,0.1584,1.0126,730.0,430.0,100.05,6472.3,750.08,974.23
558,maize,16.4417,15.8848,-0.07819,1.08104,0.1641,1.1469,734.0,345.0,100.05,7200.1,1014.62,972.04
559,maize,13.2408,15.8615,-0.124513,1.62114,0.1447,1.259,739.0,250.0,100.05,6969.8,1049.06,972.38
560,maize,15.3764,15.8611,-0.073821,1.406905,0.1468,1.0495,740.0,285.0,100.05,5928.1,753.02,968.89
561,maize,16.1964,15.8822,0.106133,1.06273,0.1587,1.153,739.0,215.0,100.05,6562.1,982.13,968.49
562,maize,17.555,15.8954,0.199222,2.292471,0.1646,1.1563,732.0,280.0,100.05,7580.5,1175.92,970.19
563,maize,18.3603,15.9756,0.377204,5.65015,0.1839,1.1634,738.0,315.0,100.06,7579.0,1136.96,973.95
564,maize,17.1912,16.0106,0.187679,3.425796,0.1945,0.9721,744.0,110.0,100.06,6919.8,1173.55,975.38
565,maize,12.4596,15.984,-0.207938,4.087382,0.219,1.2438,730.0,245.0,100.06,5722.7,747.68,972.84
566,maize,19.799,16.0237,0.339267,6.14114,0.2152,1.0745,734.0,410.0,100.06,7522.5,1030.21,974.27
567,maize,17.626,16.0344,0.243668,4.137688,0.1863,0.9994,738.0,355.0,100.06,7207.0,1003.94,972.43
568,maize,15.8565,15.9865,0.112872,0.744974,0.2325,1.1479,760.0,370.0,100.06,7248.1,986.01,968.83
569,maize,10.6571,15.9363,-0.248697,4.426807,0.2121,1.3554,740.0,510.0,100.05,6696.1,720.03,967.14
570,maize,11.3469,15.8475,-0.216601,2.381516,0.2434,1.3493,756.0,505.0,100.05,6497.1,665.67,961.68
571,maize,15.6917,15.8175,0.00708,0.291314,0.2591,1.1435,756.0,300.0,100.05,7159.7,1036.33,962.3
572,maize,18.1103,15.8022,0.15317,1.35159,0.2391,1.1405,758.0,330.0,100.05,7358.2,1054.74,962.01
573,maize,13.3779,15.7795,-0.130989,1.293656,0.2334,1.2404,744.0,355.0,100.05,6579.3,843.43,960.91
574,maize,15.5481,15.839,-0.074715,0.900279,0.2691,1.1316,750.0,170.0,100.05,7435.3,1238.83,970.86
575,maize,11.0044,15.8117,-0.388622,6.305223,0.2871,1.3852,736.0,345.0,100.05,6874.4,932.01,972.83
576,maize,15.4543,15.7742,-0.118771,1.392965,0.2868,1.1002,745.0,190.0,100.05,6627.7,1019.93,971.23
577,maize,8.4431,15.7355,-0.543266,10.763719,0.2746,1.4084,736.0,440.0,100.05,5542.8,504.09,969.32
578,maize,17.0127,15.7617,0.141444,1.865033,0.2694,1.0947,749.0,330.0,100.05,6838.0,930.11,970.99
579,maize,7.6544,15.6927,-0.475171,11.144499,0.2775,1.3203,742.0,360.0,100.05,4926.3,426.37,966.06
580,maize,13.801,15.7088,0.29216,4.77732,0.2644,1.3281,752.0,395.0,100.05,6954.3,892.38,969.66
581,maize,14.6058,15.6923,0.283276,5.343665,0.25,1.2473,747.0,350.0,100.05,6798.5,901.43,968.69
582,maize,18.4379,15.7088,0.441674,7.485065,0.2716,1.0991,752.0,365.0,100.05,7734.9,1117.52,970.67
583,maize,17.5743,15.696,0.448835,6.816145,0.2768,1.1831,744.0,320.0,100.05,7633.5,1141.97,969.53
584,maize,3.6279,15.5452,-0.545443,18.646994,0.2439,1.2591,750.0,360.0,100.05,4053.0,203.25,962.11
585,maize,12.6364,15.5033,0.012875,1.702649,0.2606,1.3465,742.0,255.0,100.05,6212.1,852.82,959.73
586,maize,13.3049,15.4785,0.114019,2.152046,0.2437,1.2852,748.0,405.0,100.05,6769.4,838.55,958.58
587,maize,18.4361,15.5025,0.395044,7.3743,0.2807,1.1585,740.0,510.0,100.05,7434.1,904.53,956.36
588,maize,9.3683,15.4328,-0.288252,2.818426,0.2706,1.3154,764.0,550.0,100.05,6740.7,676.77,953.94
589,maize,13.5822,15.3968,-0.052487,0.684474,0.2739,1.291,745.0,520.0,100.05,6792.9,731.22,950.04
590,maize,16.0188,15.4123,0.179643,2.277778,0.2694,1.1118,748.0,460.0,100.05,6803.2,792.0,950.52
591,maize,12.8895,15.3745,-0.139882,1.22988,0.289,1.3099,746.0,545.0,100.05,6837.4,716.74,947.99
592,maize,10.9281,15.3178,-0.145031,1.461231,0.2657,1.2709,761.0,555.0,100.05,6457.5,602.77,943.28
593,maize,13.2955,15.3693,-0.128907,1.096491,0.279,1.2943,753.0,550.0,100.05,6791.4,696.05,945.82
594,maize,19.0423,15.3843,0.299098,5.478295,0.2596,0.9666,754.0,525.0,100.05,7501.4,897.96,946.41
595,maize,13.6806,15.3475,0.147562,1.591719,0.2252,1.1739,761.0,390.0,100.05,6862.2,868.94,943.91
596,maize,16.7855,15.3319,0.257519,4.234673,0.2244,1.1783,742.0,435.0,100.05,7115.9,898.77,942.54
597,maize,15.256,15.3619,0.113141,0.972214,0.2425,1.1181,757.0,400.0,100.05,7171.4,938.65,945.1
598,maize,15.6714,15.3685,0.111606,4.12965,0.2232,0.9492,738.0,330.0,100.05,6474.9,845.91,943.66
599,maize,16.3494,15.471,0.088909,0.909832,0.208,1.0946,742.0,520.0,100.05,6925.1,766.08,945.26
600,maize,15.8609,15.4566,-0.093423,1.903376,0.2061,1.0395,746.0,475.0,100.05,7248.3,889.47,942.77
601,maize,18.695,15.4575,0.19498,3.665721,0.1774,0.9067,739.0,370.0,100.05,7720.6,1116.76,942.88
602,maize,17.7419,15.4647,0.104644,1.688303,0.1866,1.0801,737.0,450.0,100.05,7551.2,995.61,941.55
603,maize,12.7121,15.4639,-0.338759,18.384729,0.1922,0.8317,740.0,340.0,100.05,4998.7,465.67,936.81
604,maize,19.9022,15.4449,0.072332,2.006951,0.172,1.0152,730.0,445.0,100.05,7860.8,1082.21,934.51
605,maize,20.7706,15.5171,0.131203,2.902288,0.1718,0.8841,747.0,335.0,100.05,7964.6,1207.96,938.22
606,maize,18.0106,15.5219,-0.07159,1.408004,0.1716,0.846,735.0,360.0,100.05,6367.7,790.93,936.37
607,maize,18.1742,15.5557,-0.121775,1.551357,0.177,1.0222,753.0,490.0,100.05,7017.4,812.55,935.31
608,maize,15.5768,15.616,-0.311599,4.323385,0.1696,0.9857,754.0,515.0,100.05,7092.2,805.64,934.46
609,maize,16.8635,15.6275,-0.211321,2.608229,0.1578,0.9644,734.0,365.0,100.05,7054.3,958.18,932.65
610,maize,12.2837,15.5607,-0.398768,17.733459,0.1543,1.0333,742.0,485.0,100.05,5828.6,526.96,924.48
611,maize,17.6095,15.5628,-0.090042,2.848785,0.1541,0.8626,732.0,440.0,100.05,6538.9,755.53,919.7
612,maize,13.3886,15.5344,-0.362724,7.220975,0.1729,1.0455,741.0,535.0,100.05,6833.1,728.66,916.83
613,maize,16.2152,15.5783,-0.118268,2.653468,0.1601,0.9686,744.0,330.0,100.05,7174.7,1017.28,917.26
614,maize,9.3466,15.5066,-0.526486,18.686508,0.1458,1.0795,740.0,600.0,100.05,4821.1,161.27,907.54
615,maize,16.0543,15.5115,-0.042803,1.524323,0.1623,0.978,734.0,490.0,100.05,7059.2,834.4,903.4
616,maize,17.6068,15.4939,0.022459,1.569174,0.1457,0.9142,737.0,345.0,100.05,7695.9,1136.77,904.79
617,maize,18.6328,15.4941,0.086928,2.564552,0.1508,0.9927,730.0,405.0,100.05,7930.2,1139.54,905.83
618,maize,15.6265,15.4652,0.014676,1.030288,0.1354,0.9093,732.0,430.0,100.05,6646.9,792.52,902.57
619,maize,12.9791,15.3968,-0.084711,1.463423,0.1368,0.9492,732.0,350.0,100.05,6492.7,833.98,896.91
620,maize,16.0571,15.434,0.100617,3.478028,0.1128,1.0951,732.0,555.0,100.05,7249.1,818.07,893.82
621,maize,12.7812,15.3714,-0.020057,1.960443,0.1106,0.9822,740.0,390.0,100.05,6312.6,744.16,890.65
622,maize,10.0949,15.3109,-0.17311,3.367129,0.1261,1.0409,734.0,525.0,100.05,6004.5,535.74,885.67
623,maize,12.9189,15.2833,-0.039909,0.61603,0.1252,1.105,736.0,420.0,100.05,5903.3,614.22,881.82
624,maize,20.3947,15.3318,0.208216,10.919168,0.0986,0.8201,730.0,390.0,100.05,7848.9,1134.21,884.93
625,maize,19.7863,15.3604,0.221483,10.974335,0.0891,0.9957,730.0,495.0,100.05,7645.2,978.29,885.24
626,maize,18.4909,15.365,0.330063,9.424696,0.0838,1.057,730.0,450.0,100.05,7304.3,938.08,886.13
627,maize,15.1073,15.3122,0.081848,1.521252,0.0938,1.0382,732.0,395.0,100.05,7837.5,1125.17,886.08
628,maize,16.5567,15.3144,0.139364,3.772185,0.0756,0.9208,730.0,380.0,100.05,6949.0,919.24,885.36
629,maize,16.0491,15.3139,0.154034,2.437735,0.0657,1.001,734.0,605.0,100.05,7062.6,720.26,883.13
630,maize,17.3876,15.3331,0.12933,2.599077,0.0669,0.8481,730.0,455.0,100.05,7489.5,979.38,884.54
631,maize,17.9474,15.3127,0.105865,3.304943,0.0626,0.9283,730.0,550.0,100.05,7749.4,949.36,883.22
632,maize,14.5633,15.3198,-0.030087,2.484358,0.0588,0.88,730.0,415.0,100.05,6881.5,867.37,883.31
633,maize,20.2229,15.3628,0.130753,5.906507,0.0529,0.7575,732.0,450.0,100.05,8105.4,1137.15,885.25
634,maize,16.2067,15.376,0.02288,2.956265,0.0568,0.7546,730.0,340.0,100.05,7003.1,972.78,885.81
635,maize,18.1951,15.3778,0.052748,0.999507,0.0582,0.8996,732.0,410.0,100.05,7528.2,1032.84,885.94
636,maize,17.2748,15.466,-0.055772,0.575372,0.0413,0.9379,734.0,450.0,100.05,7353.6,948.01,891.7
637,maize,14.5233,15.4566,-0.137501,8.209534,0.0453,0.8045,730.0,450.0,100.05,6376.3,706.07,890.38
638,maize,20.3549,15.5252,0.025268,1.136543,0.0347,0.8989,740.0,570.0,100.05,7663.3,901.82,893.72
639,maize,19.5857,15.5571,0.006009,2.152878,0.0407,0.8398,730.0,490.0,100.05,6755.6,760.89,891.28
640,maize,15.5459,15.6099,-0.09527,4.460326,0.0401,0.7899,730.0,435.0,100.05,6757.9,816.48,893.45
641,maize,20.005,15.6394,0.026091,0.386312,0.0339,0.7655,730.0,410.0,100.05,7681.9,1072.48,893.87
642,maize,19.7183,15.6399,0.054624,1.049417,0.0355,0.9188,730.0,425.0,100.05,7618.8,1041.69,892.82
643,maize,19.0798,15.6388,-0.054165,1.50518,0.0423,0.7943,730.0,445.0,100.05,7632.8,1025.2,890.4
644,maize,16.752,15.6536,-0.087643,1.500075,0.0508,0.9072,730.0,425.0,100.05,7363.1,977.78,889.84
645,maize,13.837,15.6253,-0.156454,5.671391,0.0359,0.8696,730.0,525.0,100.05,6823.4,742.85,888.43
646,maize,15.6553,15.6193,-0.078438,2.478506,0.0361,0.8933,730.0,415.0,100.05,6541.2,782.3,885.87
647,maize,16.5161,15.5922,-0.084741,2.865572,0.05,0.8217,730.0,495.0,100.05,6502.9,692.73,879.24
648,maize,19.2963,15.6581,-0.002446,1.051831,0.0403,0.8634,730.0,640.0,100.05,7723.8,852.94,880.74
649,maize,15.7816,15.7145,-0.131091,1.419468,0.0596,0.772,730.0,410.0,100.05,7205.5,953.38,882.68
650,maize,12.7165,15.6631,-0.069005,3.966424,0.0548,0.8635,730.0,650.0,100.05,6674.6,580.64,877.32
651,maize,11.1271,15.5873,-0.192563,8.325506,0.0421,0.9275,730.0,585.0,100.05,5493.7,350.43,870.34
652,maize,18.0167,15.6121,0.087229,2.982824,0.0451,0.8689,734.0,515.0,100.05,7315.4,873.44,869.55
653,maize,10.9885,15.5914,-0.156787,5.645609,0.0474,0.9487,730.0,630.0,100.05,5377.5,276.38,864.93
654,maize,16.437,15.5913,0.07524,1.411848,0.0642,0.8182,732.0,415.0,100.05,6883.9,866.78,862.61
655,maize,23.8212,15.6345,0.304878,18.428738,0.0447,0.7868,730.0,375.0,100.05,7933.7,1170.43,863.93
656,maize,19.5279,15.6732,0.228814,6.587476,0.0456,0.7623,732.0,295.0,100.05,8084.1,1286.83,866.57
657,maize,14.2508,15.6732,-0.005427,0.804558,0.0571,0.7312,730.0,455.0,100.05,5831.5,564.88,864.72
658,maize,17.7774,15.6865,0.069201,4.243532,0.06,0.9793,730.0,510.0,100.05,7330.7,884.68,863.42
659,maize,18.1451,15.7356,0.134288,6.026649,0.064,0.9195,740.0,385.0,100.05,7418.4,1025.59,863.18
660,maize,19.4168,15.776,0.177876,6.692271,0.0576,0.8417,730.0,350.0,100.05,8470.7,1329.68,868.95
661,maize,18.7826,15.8018,0.108335,7.024096,0.0516,0.964,742.0,450.0,100.05,7390.0,952.3,868.65
662,maize,21.6864,15.8432,0.285498,13.200316,0.0391,0.7602,730.0,325.0,100.05,7830.7,1194.68,868.84
663,maize,11.6436,15.776,-0.156268,6.07949,0.0601,0.9095,740.0,415.0,100.05,5390.4,488.6,862.35
664,maize,15.646,15.7605,0.011904,0.782773,0.0596,1.058,730.0,385.0,100.05,7050.5,939.61,860.01
665,maize,12.7978,15.7639,-0.124482,4.243045,0.0608,1.0134,732.0,315.0,100.05,6186.2,792.36,860.46
666,maize,17.8552,15.7445,0.058187,1.174972,0.0417,0.8815,730.0,330.0,100.05,7122.9,1012.72,860.29
667,maize,19.1758,15.76,0.110019,3.494381,0.0401,0.8141,732.0,240.0,100.05,6912.5,1048.92,860.74
668,maize,18.5585,15.787,0.028474,0.535899,0.0598,0.9597,730.0,260.0,100.05,7152.0,1089.99,861.78
669,maize,21.7364,15.8978,0.092703,3.192255,0.0422,0.8476,730.0,215.0,100.05,7813.9,1300.49,867.58
670,maize,19.9644,15.984,0.033609,1.384791,0.0521,0.8319,730.0,225.0,100.06,8436.1,1446.03,875.38
671,maize,19.9025,16.0261,0.00904,0.544966,0.0574,0.8785,730.0,415.0,100.06,7309.3,974.31,874.76
672,maize,18.0626,16.0256,-0.045424,1.512929,0.0425,0.9012,730.0,345.0,100.06,7245.7,1028.41,874.5
673,maize,18.0274,16.0721,-0.063378,1.26373,0.041,0.9535,730.0,345.0,100.06,7303.6,1042.9,876.5
674,maize,13.2084,16.0487,-0.285896,8.65412,0.0501,1.1656,732.0,170.0,100.06,6771.4,1083.66,874.94
675,maize,18.7205,16.1259,-0.054472,0.624844,0.0543,0.9091,730.0,205.0,100.06,7449.3,1219.32,877.82
676,maize,17.1114,16.1424,-0.046404,1.289772,0.0483,0.8942,730.0,265.0,100.06,7299.2,1121.79,878.84
677,maize,20.8132,16.2661,0.033867,1.000184,0.0432,0.8991,732.0,190.0,100.06,7845.1,1332.08,887.12
678,maize,20.4453,16.3005,-0.019796,2.191038,0.0611,0.9061,732.0,210.0,100.06,7724.7,1281.98,890.63
679,maize,17.5874,16.3998,-0.050074,1.094958,0.0476,0.8592,730.0,155.0,100.06,6559.0,1046.75,896.84
680,maize,15.6488,16.4183,-0.123926,2.998795,0.0612,1.1047,740.0,245.0,100.06,7226.3,1117.59,899.09
681,maize,13.6699,16.4089,-0.193726,4.677703,0.0563,1.0712,730.0,275.0,100.06,6436.0,896.0,899.04
682,maize,16.2729,16.3873,-0.095137,2.975188,0.0855,0.9829,742.0,190.0,100.06,7194.9,1163.54,899.5
683,maize,20.6355,16.4179,0.11833,2.647276,0.0619,0.9551,732.0,340.0,100.06,7785.6,1167.19,899.75
684,maize,19.5196,16.5768,0.113251,4.013242,0.0563,0.8999,735.0,360.0,100.06,7616.3,1103.07,908.75
685,maize,17.8777,16.6292,0.085604,1.842095,0.0649,0.9055,732.0,235.0,100.06,7337.5,1160.17,911.82
686,maize,15.8218,16.6544,-0.046826,1.110192,0.0814,1.0674,730.0,300.0,100.06,6781.1,957.27,913.01
687,maize,14.5341,16.6154,-0.034436,2.264222,0.0715,1.217,732.0,460.0,100.06,6905.1,827.08,912.23
688,maize,18.6202,16.7079,0.098581,1.051394,0.0845,0.8566,740.0,275.0,100.06,7197.3,1080.32,916.27
689,maize,11.6284,16.6883,-0.060481,2.65347,0.085,1.0719,730.0,350.0,100.06,6192.9,760.22,916.56
690,maize,17.2279,16.7004,0.060503,1.175492,0.085,0.9087,732.0,260.0,100.06,7481.1,1171.09,920.35
691,maize,16.3546,16.7351,0.019564,1.894741,0.0929,0.9314,730.0,275.0,100.06,6123.4,817.85,921.36
692,maize,13.0691,16.7565,-0.153294,8.028502,0.1009,0.8913,734.0,310.0,100.06,5694.7,673.27,922.07
693,maize,17.1789,16.7953,0.048113,0.808459,0.0976,0.8971,732.0,300.0,100.06,6486.9,882.52,923.93
694,maize,19.5812,16.8007,0.174173,4.656573,0.0932,0.9791,730.0,375.0,100.06,7705.1,1113.27,926.08
695,maize,17.1777,16.8357,0.119709,1.748897,0.0907,1.0244,734.0,385.0,100.06,7716.9,1103.83,928.43
696,maize,18.609,16.8539,0.214546,3.167264,0.0855,0.8803,742.0,290.0,100.06,7429.9,1122.28,930.67
697,maize,18.0974,16.8823,0.038831,1.351559,0.0977,0.8806,732.0,290.0,100.06,6835.8,979.76,931.08
698,maize,17.009,16.8957,0.031717,0.650252,0.0915,0.868,735.0,280.0,100.06,6768.9,971.22,932.33
699,maize,19.11,16.9233,0.048985,0.909756,0.1121,0.9482,736.0,310.0,100.06,7368.1,1090.43,935.57
700,maize,17.8377,16.9431,0.061172,1.708387,0.1048,0.9641,730.0,355.0,100.06,6707.4,883.85,935.52
701,maize,11.5479,16.8716,-0.401639,13.390138,0.1219,1.0478,747.0,375.0,100.06,6130.9,709.54,931.45
702,maize,17.8155,16.8723,-0.073641,0.971762,0.1047,0.9278,730.0,385.0,100.06,7355.3,1015.83,931.65
703,maize,18.8041,16.9333,-0.001932,0.65684,0.0941,0.8647,730.0,425.0,100.06,7453.7,1000.42,937.0
704,maize,14.9304,16.8835,-0.253747,6.709765,0.1315,0.8696,734.0,260.0,100.06,6900.7,1024.78,936.42
705,maize,18.7208,16.863,-0.063082,0.558348,0.121,0.8431,730.0,280.0,100.06,7216.9,1086.24,935.2
706,maize,15.7272,16.8402,-0.140641,4.810614,0.1075,0.8167,740.0,260.0,100.06,6195.3,844.82,935.74
707,maize,14.3523,16.802,-0.296611,6.721307,0.1266,1.0906,736.0,390.0,100.06,6407.6,770.29,935.32
708,maize,16.0803,16.807,-0.17216,2.776645,0.1508,1.1867,732.0,395.0,100.06,6775.4,859.65,935.86
709,maize,17.1704,16.8101,0.013262,1.937129,0.1158,0.9501,734.0,500.0,100.06,7091.0,832.36,934.6
710,maize,21.8455,16.9057,0.163516,4.096978,0.1032,0.8378,730.0,345.0,100.06,7790.4,1164.6,940.98
711,maize,19.0428,16.9201,0.111787,2.159528,0.1217,0.8701,734.0,295.0,100.06,7544.6,1150.74,944.93
712,maize,15.6908,16.9431,-0.027728,1.465263,0.1013,0.7985,730.0,350.0,100.06,6866.7,928.68,946.93
713,maize,16.71,16.948,-0.008504,2.444704,0.1244,1.1552,730.0,360.0,100.06,7354.5,1040.63,947.16
714,maize,16.1449,17.016,-0.053369,1.704789,0.1345,1.1423,732.0,415.0,100.06,7044.5,906.91,954.62
715,maize,17.6721,17.0322,-0.073435,0.874661,0.1435,0.9286,730.0,225.0,100.06,7022.4,1092.6,957.2
716,maize,15.2287,17.0084,-0.056072,1.643302,0.1337,0.9097,730.0,345.0,100.06,6098.5,741.62,953.25
717,maize,12.5574,16.9476,-0.139903,3.021256,0.1272,0.9284,735.0,315.0,100.06,5894.7,717.68,949.03
718,maize,17.5479,16.9669,0.140897,1.829672,0.1481,1.0165,736.0,325.0,100.06,7390.1,1080.94,951.92
719,maize,17.2781,17.0099,0.043875,0.951232,0.1429,1.1412,732.0,460.0,100.06,6547.8,737.76,950.96
720,maize,18.3635,17.0329,0.240499,6.74989,0.1468,0.97,730.0,390.0,100.06,7411.7,1024.93,953.02
721,maize,14.7349,17.0525,0.014281,0.622102,0.1517,1.184,752.0,465.0,100.06,6985.8,830.24,953.88
722,maize,17.5182,17.1267,0.101449,1.242501,0.1545,1.2076,730.0,475.0,100.06,7266.7,903.68,957.56
723,maize,12.0184,17.1177,-0.140414,2.578979,0.1415,1.04,739.0,350.0,100.06,6243.3,767.43,959.1
724,maize,14.2569,17.0563,-0.140296,1.502566,0.1574,1.0585,749.0,565.0,100.06,7029.5,742.98,955.18
725,maize,18.5349,17.0438,0.213828,4.601214,0.1315,0.8745,732.0,315.0,100.06,7794.3,1194.38,957.34
726,maize,18.1246,17.0401,0.076726,2.303035,0.1382,0.8954,730.0,340.0,100.06,7604.8,1123.2,959.2
727,maize,14.003,17.0291,-0.072923,1.780915,0.1389,1.0327,739.0,340.0,100.06,6794.4,915.21,957.1
728,maize,5.3379,16.9169,-0.397423,24.616632,0.1159,1.1548,730.0,510.0,100.06,4716.2,231.06,950.21
729,maize,8.7993,16.8444,-0.35367,11.94462,0.1134,1.2016,730.0,455.0,100.06,6094.4,630.6,949.32
730,maize,17.4276,16.8448,0.071968,0.451231,0.1264,1.0668,734.0,380.0,100.06,7441.1,1039.88,949.92
731,maize,20.1836,16.8672,0.202806,3.977379,0.1279,0.8623,742.0,260.0,100.06,8055.8,1308.76,953.52
732,maize,13.0386,16.8519,-0.096803,2.161956,0.1222,1.0587,730.0,310.0,100.06,6285.0,823.25,953.08
733,maize,13.1313,16.781,-0.151906,3.120263,0.1384,1.1368,732.0,470.0,100.06,6732.4,773.91,949.44
734,maize,11.0614,16.7295,-0.200621,4.992184,0.1291,1.0997,734.0,385.0,100.06,6060.4,689.71,946.61
735,maize,16.1533,16.7091,0.046673,0.647317,0.1303,1.0065,732.0,365.0,100.06,7081.0,966.05,945.94
736,maize,13.0893,16.6673,-0.034894,1.707511,0.1429,1.0462,751.0,430.0,100.06,6098.7,644.08,942.91
737,maize,18.4824,16.7069,0.23014,3.538265,0.1438,0.9326,740.0,430.0,100.06,7315.6,954.89,945.39
738,maize,17.4313,16.6776,0.137509,1.563678,0.1633,1.1206,740.0,520.0,100.06,7168.4,828.1,944.66
739,maize,16.8133,16.6499,0.15359,2.384331,0.1634,1.1684,730.0,375.0,100.06,7474.3,1055.58,947.6
740,maize,17.3112,16.6676,0.217497,4.008136,0.1478,1.0732,730.0,420.0,100.06,7198.7,941.68,948.86
741,maize,15.5855,16.6234,0.093348,0.636716,0.1541,0.9493,737.0,385.0,100.06,7079.3,942.63,947.56
742,maize,16.9024,16.5952,0.093974,0.713411,0.1704,1.0603,734.0,455.0,100.06,7491.8,977.55,946.92
743,maize,11.917,16.5236,-0.245068,3.933769,0.1416,1.2428,737.0,365.0,100.06,6137.1,727.08,943.93
744,maize,14.4101,16.5002,-0.11621,0.781996,0.1567,1.0951,747.0,360.0,100.06,7061.5,957.16,943.73
745,maize,15.3994,16.5158,-0.126197,1.820772,0.1604,1.078,734.0,410.0,100.06,7067.0,916.36,945.46
746,maize,16.1977,16.5212,0.029185,0.64905,0.154,0.9037,751.0,415.0,100.06,7165.9,925.87,946.9
747,maize,14.2068,16.4981,-0.127669,2.102801,0.1436,1.0177,730.0,410.0,100.06,6458.2,766.56,947.64
748,maize,16.4024,16.4692,-0.013454,0.725062,0.1468,1.1812,749.0,450.0,100.06,7184.4,896.71,948.07
749,maize,19.777,16.5091,0.210153,4.263763,0.1418,1.063,734.0,405.0,100.06,7758.8,1094.31,949.48
750,maize,19.4074,16.576,0.141303,2.441792,0.1565,0.9411,732.0,415.0,100.06,7501.5,1021.17,953.89
751,maize,14.3724,16.6085,-0.049514,0.506533,0.1511,1.1091,745.0,635.0,100.06,6919.3,647.83,956.86
752,maize,14.1865,16.5702,-0.099496,1.264934,0.1559,1.0862,734.0,435.0,100.06,6980.8,869.79,956.83
753,maize,15.6162,16.6165,-0.039469,0.454223,0.1582,1.1569,736.0,425.0,100.06,7217.4,937.76,963.44
754,maize,18.7838,16.6399,0.109537,1.394375,0.1446,0.943,730.0,380.0,100.06,7229.7,989.44,964.67
755,maize,19.0155,16.5919,0.148681,2.090603,0.1644,0.8256,744.0,420.0,100.06,7782.5,1079.22,963.75
756,maize,14.8665,16.5453,-0.187463,2.096335,0.1745,1.1184,748.0,520.0,100.06,6938.8,765.91,958.55
757,maize,15.0469,16.5532,-0.067299,0.98982,0.1541,1.1897,732.0,500.0,100.06,7151.4,848.65,961.38
758,maize,16.2778,16.5382,0.013321,0.370131,0.1643,1.0103,735.0,455.0,100.06,6958.4,843.61,960.97
759,maize,15.982,16.5166,0.020456,0.849183,0.161,0.943,730.0,490.0,100.06,6761.4,762.34,958.34
760,maize,19.0128,16.5126,0.149625,2.631769,0.173,0.8589,732.0,270.0,100.06,7714.7,1219.47,957.24
761,maize,14.8356,16.4731,0.042412,1.255648,0.1426,1.11,744.0,500.0,100.06,6926.5,785.22,955.57
762,maize,15.7763,16.414,0.049562,0.404539,0.1742,1.1832,736.0,430.0,100.06,7266.7,945.08,953.07
763,maize,17.2552,16.4701,0.12997,2.078632,0.1565,0.9126,734.0,350.0,100.06,7154.7,998.28,958.17
764,maize,16.4769,16.4784,-0.04142,1.361603,0.172,0.9289,738.0,455.0,100.06,7128.3,884.28,957.62
765,maize,14.651,16.4969,-0.149083,5.23789,0.1772,0.8502,730.0,270.0,100.06,5733.9,725.48,956.95
766,maize,11.1298,16.4297,-0.382779,10.796342,0.1563,0.9899,742.0,325.0,100.06,5474.2,598.35,952.8
767,maize,17.8047,16.416,-0.02354,0.605509,0.1759,0.9547,740.0,435.0,100.06,6627.7,777.92,950.09
768,maize,16.8184,16.3986,-0.022298,0.695581,0.197,1.0672,742.0,310.0,100.06,7190.1,1042.32,949.62
769,maize,12.0089,16.3013,-0.154459,3.734396,0.172,1.0713,760.0,690.0,100.06,6733.8,537.46,941.99
770,maize,15.3558,16.2552,-0.01539,0.632692,0.1865,1.1531,730.0,510.0,100.06,7152.3,840.07,935.93
771,maize,10.309,16.1593,-0.278193,9.393036,0.1801,0.8684,730.0,330.0,100.06,4890.3,454.58,930.73
772,maize,17.4757,16.1534,0.145764,1.976665,0.1822,0.9822,744.0,315.0,100.06,7226.7,1045.28,930.9
773,maize,7.104,16.0442,-0.336829,11.964092,0.1541,1.2008,732.0,395.0,100.06,5878.7,635.49,926.82
774,maize,17.9235,16.0913,0.230508,2.808133,0.2381,1.0611,744.0,440.0,100.06,7570.9,1006.33,926.05
775,maize,13.8834,16.043,0.089396,1.143577,0.1819,1.1978,730.0,550.0,100.06,6357.8,601.44,919.87
776,maize,16.0266,16.0321,0.2214,2.30407,0.2156,0.9376,764.0,340.0,100.06,7147.5,988.49,918.54
777,maize,17.7896,16.0019,0.235475,4.266266,0.2204,1.0816,751.0,415.0,100.06,7607.0,1036.16,915.58
778,maize,12.1469,15.9189,-0.103602,1.781812,0.2497,1.2036,752.0,365.0,100.05,6814.5,887.43,911.63
779,maize,12.1039,15.8641,-0.200766,1.401056,0.2377,1.234,738.0,255.0,100.05,6737.7,986.63,911.03
780,maize,11.7715,15.8253,-0.08788,1.197772,0.2207,1.2299,752.0,480.0,100.05,6502.5,694.44,906.8
781,maize,16.0744,15.8493,0.120262,0.904613,0.2604,1.1043,753.0,290.0,100.05,7257.8,1072.65,908.57
782,maize,13.8014,15.8246,0.016787,0.832019,0.2851,0.9157,788.0,365.0,100.05,7410.7,1014.87,907.08
783,maize,18.6425,15.8047,0.225321,4.157195,0.251,0.8921,735.0,360.0,100.05,6948.6,936.14,904.77
784,maize,15.0053,15.7595,0.216235,4.242151,0.2111,1.2229,732.0,385.0,100.05,7019.8,930.75,903.05
785,maize,20.3466,15.7842,0.429756,11.183134,0.2508,1.0207,732.0,375.0,100.05,7654.4,1099.39,902.44
786,maize,14.2171,15.7682,0.02464,0.274753,0.2437,0.9906,736.0,410.0,100.05,7019.6,903.29,901.9
787,maize,16.0595,15.7834,0.054619,0.984067,0.2556,1.0615,742.0,495.0,100.05,7123.6,840.71,902.04
788,maize,13.7229,15.7345,-0.049059,0.810477,0.2602,1.2411,748.0,515.0,100.05,6841.2,746.5,898.7
789,maize,15.67,15.7749,0.021915,1.030112,0.2451,1.0858,734.0,425.0,100.05,6777.9,829.08,899.39
790,maize,14.9595,15.7522,-0.047147,0.253933,0.2494,1.0316,750.0,345.0,100.05,7247.6,1016.89,897.84
791,maize,18.1903,15.7705,0.151079,1.624065,0.2229,1.0643,745.0,295.0,100.05,7374.0,1101.49,900.68
792,maize,13.3385,15.7732,-0.118817,1.362667,0.2209,0.9487,737.0,360.0,100.05,6134.8,731.5,901.26
793,maize,7.5893,15.6773,-0.677224,16.390581,0.2411,1.1949,732.0,545.0,100.05,5586.6,412.45,896.56
794,maize,13.1079,15.6126,-0.137207,1.857184,0.2354,1.1677,732.0,515.0,100.05,6436.3,654.87,891.98
795,maize,18.2764,15.6236,0.137904,2.720443,0.227,0.9687,762.0,415.0,100.05,7547.3,1014.63,891.09
796,maize,14.2317,15.5798,-0.191398,1.652175,0.2558,1.1085,787.0,420.0,100.05,6928.4,839.9,888.26
797,maize,17.8384,15.5772,0.067208,1.639371,0.2453,0.9124,732.0,390.0,100.05,6560.4,810.91,886.57
798,maize,15.3446,15.5606,0.046095,1.129912,0.2438,0.9173,734.0,225.0,100.05,6616.5,988.73,886.75
799,maize,10.1536,15.471,-0.298444,5.919389,0.2354,1.2656,760.0,445.0,100.05,6480.9,719.24,883.04
800,maize,17.0837,15.4635,0.28482,3.55647,0.2057,0.8927,739.0,355.0,100.05,7709.4,1128.96,885.49
801,maize,17.2861,15.5209,0.164013,2.434921,0.2228,0.9066,732.0,345.0,100.05,6869.2,933.11,887.72
802,maize,-6.6376,15.2763,-0.988984,56.732506,0.0939,1.1721,148.0,140.0,100.05,0.0,-228.8,875.28
803,maize,14.5303,15.2336,-0.058534,1.010343,0.2572,1.181,746.0,380.0,100.05,6954.4,910.99,874.38
804,maize,16.2121,15.2464,0.012711,0.799064,0.2364,0.9381,750.0,400.0,100.05,6937.5,884.37,872.98
805,maize,14.0509,15.1997,-0.033886,0.984794,0.234,1.063,734.0,320.0,100.05,6587.9,886.57,870.98
806,maize,15.1664,15.1941,0.108106,0.879033,0.2304,0.9073,769.0,315.0,100.05,7038.9,983.33,872.37
807,maize,16.5248,15.2158,0.152955,1.309405,0.2294,0.9855,762.0,300.0,100.05,7472.4,1110.89,875.77
808,maize,15.4788,15.2098,0.106927,0.994174,0.2509,0.9445,744.0,415.0,100.05,7256.3,952.67,876.7
809,maize,15.2229,15.1903,-0.023469,0.974434,0.2234,0.9499,740.0,410.0,100.05,7447.0,1007.75,878.46
810,maize,13.6707,15.1086,-0.090084,1.091815,0.2414,1.1899,742.0,430.0,100.05,6235.3,683.62,873.65
811,maize,16.756,15.0857,-0.023354,0.608078,0.2515,1.0068,746.0,415.0,100.05,7082.1,907.92,871.22
812,maize,15.8067,15.0869,-0.108085,1.151136,0.2257,1.0558,738.0,320.0,100.05,6493.4,860.54,870.54
813,maize,13.4748,15.0545,-0.097687,1.687709,0.2318,1.1296,742.0,505.0,100.05,6533.2,683.09,866.96
814,maize,17.9439,15.0725,0.1701,1.843742,0.2328,1.0728,739.0,320.0,100.05,7196.0,1035.6,868.25
815,maize,14.435,15.0402,-0.091533,2.169054,0.243,1.1035,761.0,435.0,100.05,5992.9,606.63,863.39
816,maize,14.5053,15.0329,-0.146108,1.251163,0.2736,1.1256,750.0,275.0,100.05,7357.3,1114.33,867.12
817,maize,18.3756,15.0911,0.294554,3.201969,0.2382,0.9736,738.0,320.0,100.05,7107.3,1014.02,870.08
818,maize,18.6295,15.1019,0.318864,3.943152,0.2348,0.9718,736.0,280.0,100.05,7885.5,1249.78,871.77
819,maize,19.2912,15.122,0.281414,4.092445,0.2423,0.9577,734.0,260.0,100.05,7679.9,1219.57,876.59
820,maize,14.4353,15.0828,-0.04285,0.351151,0.2922,1.2651,756.0,380.0,100.05,7585.4,1062.75,876.97
821,maize,14.5868,15.0813,0.150856,1.206062,0.2391,1.0624,743.0,210.0,100.05,7098.6,1118.85,879.85
822,maize,19.1685,15.0978,0.349833,4.943082,0.2264,0.9473,741.0,280.0,100.05,7983.4,1271.25,883.53
823,maize,15.1158,15.1288,0.02655,0.48335,0.2392,1.1739,734.0,355.0,100.05,7042.4,965.2,885.5
824,maize,14.349,15.1297,-0.099001,1.554364,0.265,1.1526,746.0,390.0,100.05,6630.2,819.94,886.27
825,maize,11.7813,15.0621,-0.29675,4.526849,0.2863,1.3353,743.0,360.0,100.05,6736.3,878.27,883.11
826,maize,19.1543,15.0724,0.237695,3.135837,0.2466,1.0752,734.0,265.0,100.05,7999.6,1294.51,884.83
827,maize,14.7485,15.0799,-0.063127,0.509463,0.2798,1.2055,770.0,190.0,100.05,7081.0,1118.26,886.86
828,maize,16.2644,15.1892,0.123618,0.743719,0.2657,1.1305,752.0,350.0,100.05,7758.4,1138.41,895.93
829,maize,15.3249,15.2544,-0.13932,0.947666,0.2883,1.1633,780.0,375.0,100.05,7364.7,998.18,899.61
830,maize,13.3607,15.2138,-0.308677,3.082537,0.296,1.1683,748.0,345.0,100.05,6455.4,820.04,897.41
831,maize,19.6068,15.208,0.152864,1.817434,0.2568,1.1018,734.0,205.0,100.05,7600.2,1254.65,896.87
832,maize,13.9254,15.2169,-0.232921,3.339608,0.2692,1.1464,734.0,310.0,100.05,6278.6,819.25,896.83
833,maize,18.8649,15.2742,0.091158,1.075565,0.2979,1.0604,739.0,430.0,100.05,7578.7,1021.27,899.3
834,maize,12.7365,15.2909,-0.513979,7.608666,0.3049,1.3534,755.0,395.0,100.05,6546.9,788.72,900.29
835,maize,16.7737,15.2971,-0.007273,0.39793,0.291,1.1818,740.0,210.0,100.05,7072.4,1114.1,901.77
836,maize,13.7418,15.3037,-0.175826,1.240249,0.2946,1.3469,758.0,365.0,100.05,6897.7,904.61,904.38
837,maize,16.3868,15.2827,0.035345,0.238694,0.2975,1.1805,739.0,265.0,100.05,7539.2,1176.39,906.59
838,maize,15.0879,15.2593,-0.040905,0.384393,0.261,1.1433,750.0,325.0,100.05,7466.0,1091.5,909.23
839,maize,12.2523,15.2137,-0.174205,2.950775,0.2634,1.1371,745.0,345.0,100.05,6528.2,840.06,907.07
840,maize,15.4042,15.1946,0.038039,0.674261,0.2686,1.463,746.0,305.0,100.05,7154.9,1036.13,908.01
841,maize,16.3103,15.2018,-0.039572,0.316087,0.2886,1.3136,742.0,315.0,100.05,6773.6,933.19,907.92
842,maize,15.7978,15.1908,0.133056,0.616778,0.2864,1.1982,752.0,345.0,100.05,7313.8,1032.24,908.47
843,maize,12.399,15.1956,-0.153324,3.763631,0.2537,1.0865,732.0,160.0,100.05,6112.3,928.88,910.48
844,maize,12.3596,15.1751,-0.135281,3.843222,0.2902,1.1825,742.0,365.0,100.05,6155.2,728.6,908.2
845,maize,16.0103,15.1812,0.205734,1.478731,0.2986,1.2625,746.0,355.0,100.05,7023.4,953.25,908.57
846,maize,9.8278,15.1175,-0.173928,3.283994,0.2862,1.44,749.0,340.0,100.05,6178.3,755.17,906.86
847,maize,15.6126,15.1316,0.185564,1.43207,0.3305,1.2736,757.0,370.0,100.05,7250.3,988.38,909.08
848,maize,14.9821,15.1174,0.244546,2.470459,0.2928,1.1773,755.0,285.0,100.05,7388.5,1109.13,911.2
849,maize,16.1988,15.0816,0.386773,4.987214,0.3064,1.2596,751.0,235.0,100.05,7463.7,1180.33,912.06
850,maize,15.8404,15.0459,0.33625,4.678498,0.3236,1.3622,771.0,395.0,100.05,7434.1,1000.92,911.86
851,maize,14.6706,15.0489,0.052538,0.717585,0.3192,1.1652,781.0,310.0,100.05,6996.8,970.6,915.09
852,maize,15.2356,15.0594,0.096405,0.636314,0.3206,1.2671,744.0,395.0,100.05,6756.1,847.62,914.87
853,maize,16.4974,15.0682,0.157087,1.857846,0.3204,1.2668,760.0,190.0,100.05,7462.1,1219.53,917.68
854,maize,10.827,14.9886,-0.526335,12.453096,0.3276,1.1233,768.0,295.0,100.05,5891.2,717.01,914.96
855,maize,15.6509,14.955,-0.100346,0.593315,0.3486,1.2421,748.0,175.0,100.05,7177.9,1170.68,915.88
856,maize,11.7033,14.9234,-0.431684,4.77479,0.3183,1.3777,770.0,395.0,100.05,6717.1,822.29,916.44
857,maize,19.8282,14.9712,0.213448,2.099602,0.3197,1.1011,756.0,250.0,100.05,8016.6,1300.54,920.96
858,maize,17.9427,14.9878,-0.006463,0.234598,0.3412,1.2261,777.0,305.0,100.05,7575.8,1122.74,923.75
859,maize,14.7411,14.9754,-0.338147,2.702876,0.3569,1.3121,788.0,345.0,100.05,7739.2,1116.99,927.3
860,maize,13.4878,14.9202,-0.2487,2.173874,0.3289,1.4552,755.0,385.0,100.05,7018.2,916.55,924.27
861,maize,13.9397,14.9112,-0.226195,1.687009,0.3473,1.234,759.0,270.0,100.05,7319.7,1104.53,927.46
862,maize,15.6125,14.9096,0.063722,1.227695,0.3023,1.3937,738.0,300.0,100.05,7002.3,1007.78,928.09
863,maize,16.4036,14.9011,-0.054127,0.383661,0.3446,1.2388,736.0,115.0,100.05,7031.0,1201.16,930.12
864,maize,10.8539,14.8448,-0.44262,7.552625,0.3367,1.1757,777.0,300.0,100.05,5692.7,656.98,927.84
865,maize,12.1361,14.8197,-0.299633,5.077294,0.3604,1.0644,782.0,220.0,100.05,6049.8,823.24,928.82
866,maize,13.99,14.8483,0.038679,2.087628,0.3482,1.3228,796.0,275.0,100.05,7301.2,1072.69,933.56
867,maize,9.7774,14.768,-0.372116,4.744536,0.3184,1.4213,818.0,230.0,100.05,6971.2,1022.01,936.0
868,maize,16.012,14.7599,0.149737,1.103426,0.3609,1.2561,745.0,265.0,100.05,7133.5,1071.36,936.29
869,maize,14.8134,14.788,0.139257,1.499435,0.3147,1.3822,750.0,425.0,100.05,6934.9,858.72,939.51
870,maize,11.0108,14.7445,-0.159711,1.076355,0.3371,1.3915,790.0,285.0,100.05,6911.7,968.93,940.8
871,maize,13.4751,14.7762,0.10972,0.535675,0.3152,1.3601,766.0,315.0,100.05,7434.9,1084.13,947.09
872,maize,15.5983,14.7574,0.400887,5.898873,0.3003,1.3606,748.0,270.0,100.05,7585.8,1177.65,948.42
873,maize,16.0826,14.8472,0.38467,4.315677,0.2783,1.3202,753.0,215.0,100.05,7414.8,1186.91,953.93
874,maize,13.4653,14.8026,0.024033,0.60419,0.3035,1.3694,755.0,280.0,100.05,6794.9,965.72,953.52
875,maize,11.4584,14.7784,-0.044045,1.52607,0.2687,1.2403,743.0,260.0,100.05,5950.4,781.81,955.33
876,maize,12.5449,14.7436,-0.048876,0.498642,0.285,1.3718,742.0,435.0,100.05,7516.9,999.02,955.43
877,maize,7.8141,14.6438,-0.44816,14.197689,0.2703,1.3095,741.0,295.0,100.05,4521.8,390.85,948.98
878,maize,14.1826,14.6642,0.116185,0.912013,0.2834,1.2714,754.0,200.0,100.05,7448.5,1209.71,952.2
879,maize,16.3576,14.7067,0.220056,2.889047,0.2994,1.1369,760.0,240.0,100.05,7346.3,1140.59,953.74
880,maize,15.905,14.748,0.163869,1.313126,0.2604,1.3018,734.0,235.0,100.05,6841.8,1035.04,957.15
881,maize,18.1159,14.7684,0.250255,3.188008,0.2777,1.165,758.0,290.0,100.05,7669.2,1172.51,958.15
882,maize,13.5152,14.7656,-0.108086,0.654239,0.2578,1.2756,743.0,305.0,100.05,6596.5,898.34,956.98
883,maize,19.1575,14.7707,0.352461,5.815731,0.2709,1.1075,751.0,150.0,100.05,7851.6,1362.31,961.24
884,maize,16.2709,14.7834,0.122567,1.441911,0.2687,1.1927,741.0,295.0,100.05,7050.9,1023.13,962.17
885,maize,15.104,14.731,0.008163,1.230894,0.2521,1.1426,750.0,170.0,100.05,7258.2,1194.55,963.12
886,maize,17.692,14.7657,0.111098,0.915803,0.2534,1.1996,744.0,200.0,100.05,7438.4,1213.19,966.22
887,maize,19.1553,14.7967,0.228076,3.630698,0.2525,1.0806,744.0,205.0,100.05,8080.2,1368.65,971.5
888,maize,17.985,14.8393,0.094304,1.118298,0.2611,1.0422,732.0,220.0,100.05,7393.7,1189.23,975.92
889,maize,13.7034,14.8196,-0.214027,2.585855,0.2337,1.2304,744.0,140.0,100.05,6927.4,1145.44,979.09
890,maize,15.6676,14.8267,-0.283991,4.322957,0.262,1.1521,742.0,135.0,100.05,7189.0,1217.05,981.09
891,maize,12.9954,14.7748,-0.428908,6.751447,0.2548,1.2832,742.0,235.0,100.05,6984.2,1065.85,980.73
892,maize,17.4686,14.8161,-0.177578,1.141199,0.2711,1.1229,752.0,280.0,100.05,7568.8,1161.01,985.03
893,maize,13.6348,14.8765,-0.410016,5.20813,0.2428,1.1739,746.0,265.0,100.05,7088.6,1059.55,991.5
894,maize,16.3666,14.9091,-0.149595,1.291,0.2589,1.0389,752.0,190.0,100.05,7118.7,1138.48,996.33
895,maize,16.456,14.8909,-0.269784,1.96308,0.2506,1.0761,744.0,210.0,100.05,7342.7,1179.28,997.98
896,maize,16.1756,14.9103,-0.154169,1.669259,0.245,1.1271,762.0,345.0,100.05,7278.3,1017.38,999.76
897,maize,13.9528,14.8715,-0.15695,1.282793,0.234,1.2807,742.0,375.0,100.05,6602.9,830.53,999.95
898,maize,16.5844,14.8839,0.00285,1.055127,0.2333,1.237,776.0,295.0,100.05,7427.1,1096.18,1001.03
899,maize,14.4028,14.9264,-0.085625,1.714396,0.2307,1.2746,772.0,160.0,100.05,7246.5,1188.43,1005.72
900,maize,17.2276,14.9278,0.147227,1.963136,0.2307,0.9616,744.0,260.0,100.05,7310.1,1121.13,1005.64
901,maize,16.9591,14.9245,0.133656,1.408102,0.2265,1.0226,752.0,220.0,100.05,6445.3,940.11,1005.71
902,maize,10.7519,15.0984,-0.267403,4.30442,0.2106,0.9831,738.0,355.0,100.05,5685.3,623.52,1014.23
903,maize,15.2474,15.1056,0.026354,0.411125,0.2341,1.0968,766.0,215.0,100.05,7047.5,1087.27,1016.0
904,maize,19.4678,15.1382,0.362763,7.122119,0.2286,0.9123,746.0,135.0,100.05,7339.0,1252.16,1019.67
905,maize,17.2685,15.1703,0.183652,3.48709,0.206,1.099,734.0,250.0,100.05,7406.4,1161.19,1022.42
906,maize,16.9745,15.1884,0.222812,3.421116,0.2042,0.9773,734.0,120.0,100.05,7376.8,1283.79,1025.42
907,maize,18.237,15.2055,0.198381,3.812339,0.1992,0.9249,737.0,190.0,100.05,7864.4,1333.89,1027.65
908,maize,13.1187,15.1819,-0.039426,0.875048,0.1769,0.8689,732.0,230.0,100.05,6221.0,886.06,1026.99
909,maize,17.8467,15.2082,0.274284,2.907342,0.2155,1.016,756.0,195.0,100.05,7741.2,1286.71,1029.78
910,maize,16.9201,15.2407,0.091644,2.373313,0.183,0.8499,730.0,110.0,100.05,7435.4,1310.85,1036.05
911,maize,15.2403,15.2255,-0.001438,3.010739,0.1728,0.9267,730.0,170.0,100.05,6457.2,1006.3,1037.03
912,maize,16.7808,15.2353,0.042822,0.499076,0.192,1.0529,730.0,205.0,100.05,7316.9,1186.23,1040.29
913,maize,13.1515,15.232,-0.143335,2.307612,0.148,1.0919,742.0,185.0,100.05,6753.6,1058.2,1044.04
914,maize,16.145,15.214,-0.04437,0.511067,0.1565,1.1091,735.0,190.0,100.05,7306.5,1195.63,1045.64
915,maize,16.8845,15.2385,0.024709,0.208102,0.1613,0.9258,732.0,135.0,100.05,7478.8,1295.5,1052.53
916,maize,20.4373,15.2978,0.258148,3.250354,0.156,1.0111,739.0,200.0,100.05,8179.2,1401.41,1055.4
917,maize,15.6022,15.2701,-0.105937,1.215365,0.1609,0.9313,741.0,185.0,100.05,7132.6,1153.56,1056.8
918,maize,17.5016,15.2588,0.003547,1.146367,0.1403,0.913,730.0,110.0,100.05,6231.0,1009.75,1054.4
919,maize,19.4258,15.2602,0.078246,0.745075,0.1469,0.8956,734.0,180.0,100.05,7800.1,1329.61,1055.5
920,maize,13.1364,15.2472,-0.264938,7.190429,0.146,0.8405,732.0,225.0,100.05,6537.3,970.13,1054.57
921,maize,10.1916,15.2032,-0.440195,20.678923,0.1507,0.9229,740.0,220.0,100.05,5227.3,642.84,1049.81
922,maize,18.2327,15.1939,-0.026584,0.601787,0.1619,0.8803,732.0,75.0,100.05,7175.7,1279.73,1049.9
923,maize,16.7105,15.2098,-0.079812,0.632909,0.1564,0.8076,730.0,80.0,100.05,7542.8,1367.7,1053.92
924,maize,18.9116,15.2555,0.10234,1.540833,0.1383,0.8326,730.0,175.0,100.05,7685.4,1308.35,1058.81
925,maize,16.8243,15.3059,-0.013791,0.30007,0.1509,1.0685,742.0,125.0,100.05,7135.9,1213.77,1062.16
926,maize,17.8657,15.293,0.033441,1.022106,0.1354,0.8927,730.0,355.0,100.05,7657.7,1121.43,1060.43
927,maize,10.7939,15.2535,-0.16698,4.68692,0.1317,1.1247,742.0,105.0,100.05,6719.1,1129.58,1060.54
928,maize,14.7756,15.2386,-0.030099,0.520043,0.1397,0.8893,745.0,165.0,100.05,6988.4,1135.1,1060.51
929,maize,15.6167,15.2415,0.011084,0.568832,0.1319,0.957,732.0,155.0,100.05,6872.8,1124.0,1061.77
930,maize,13.8596,15.2465,-0.107606,1.038927,0.1381,1.0009,752.0,205.0,100.05,6748.4,1030.91,1063.88
931,maize,19.1825,15.2422,0.097221,3.354467,0.1301,0.9066,730.0,145.0,100.05,8078.8,1436.71,1065.7
932,maize,17.0316,15.2733,0.206292,3.244819,0.1227,0.9199,732.0,180.0,100.05,7319.9,1210.77,1069.61
933,maize,11.94,15.204,-0.045927,2.806943,0.1162,0.9282,730.0,150.0,100.05,5364.5,753.11,1066.93
934,maize,18.34,15.2601,0.182651,3.966464,0.1183,0.9451,741.0,115.0,100.05,7512.8,1318.61,1072.23
935,maize,18.8969,15.2813,0.28191,6.486202,0.109,0.9023,732.0,155.0,100.05,7321.5,1236.19,1073.45
936,maize,14.1205,15.2851,0.060308,1.223166,0.13,1.1873,772.0,220.0,100.05,7117.9,1096.27,1075.37
937,maize,16.5614,15.2868,0.204733,2.787114,0.1088,1.1389,744.0,245.0,100.05,7201.6,1109.0,1074.69
938,maize,16.8988,15.305,0.10805,1.49461,0.1203,0.9687,740.0,185.0,100.05,7190.4,1168.6,1075.46
939,maize,12.8184,15.3106,-0.041504,1.157879,0.0999,1.0459,730.0,175.0,100.05,6162.2,927.55,1076.34
940,maize,9.8738,15.2553,-0.151213,5.848114,0.1149,1.3218,730.0,140.0,100.05,5744.0,858.01,1074.56
941,maize,17.5328,15.2675,0.082555,2.054614,0.1154,1.241,734.0,220.0,100.05,7595.5,1238.47,1077.61
942,maize,15.8306,15.2679,0.054078,0.873312,0.1229,1.1975,732.0,290.0,100.05,7018.9,1025.52,1077.54
943,maize,16.2514,15.3064,0.116533,1.936159,0.1162,1.0931,732.0,235.0,100.05,7498.0,1200.3,1080.26
944,maize,13.266,15.3155,-0.080886,2.204139,0.1134,1.1634,732.0,240.0,100.05,6034.6,829.46,1081.27
945,maize,20.2288,15.3576,0.131168,2.578339,0.1163,1.0405,740.0,145.0,100.05,7724.6,1342.14,1085.16
946,maize,17.2395,15.4318,0.02661,0.652161,0.1099,1.0429,737.0,175.0,100.05,6970.0,1125.31,1088.86
947,maize,14.8023,15.4237,-0.144197,2.815676,0.1494,1.3733,734.0,200.0,100.05,7091.5,1132.47,1090.3
948,maize,13.3739,15.4076,-0.203659,2.783421,0.1388,1.2608,739.0,135.0,100.05,6673.5,1089.97,1090.11
949,maize,8.4552,15.3301,-0.694844,18.948801,0.1429,1.4171,743.0,200.0,100.05,5610.7,756.88,1085.87
950,maize,18.7731,15.3595,0.13384,1.689646,0.1422,1.0375,734.0,150.0,100.05,7774.4,1353.19,1089.39
951,maize,-8.5782,15.127,-1.343588,76.882645,0.0851,1.3537,185.0,105.0,100.05,0.0,-216.0,1077.53
952,maize,18.0727,15.1553,0.06982,0.785676,0.1373,1.0318,732.0,175.0,100.05,7269.9,1203.28,1081.08
953,maize,9.9345,15.0897,-0.325042,8.798315,0.1396,1.1812,732.0,290.0,100.05,5991.5,768.68,1076.58
954,maize,15.8318,15.1398,-0.003628,0.779236,0.1407,1.2162,734.0,225.0,100.05,7390.8,1182.29,1081.23
955,maize,17.137,15.1546,0.141906,2.404134,0.1144,1.2694,735.0,210.0,100.05,7384.9,1195.24,1081.47
956,maize,13.9438,15.177,-0.15616,1.674358,0.1307,1.1578,740.0,220.0,100.05,7381.2,1181.29,1085.06
957,maize,15.1393,15.1301,-0.149022,1.424985,0.1232,1.0315,742.0,275.0,100.05,6568.5,921.92,1081.28
958,maize,15.5032,15.1057,-0.057643,1.127974,0.1237,1.1109,732.0,235.0,100.05,6271.2,893.59,1078.99
959,maize,17.4044,15.1324,0.125653,1.452145,0.1282,1.2156,734.0,340.0,100.05,7341.6,1055.0,1078.37
960,maize,17.4173,15.1717,0.130997,2.105708,0.1259,1.2702,732.0,145.0,100.05,7481.3,1286.12,1082.06
961,maize,17.212,15.2044,0.174481,3.431021,0.1225,0.9648,732.0,155.0,100.05,7485.4,1277.14,1083.79
962,maize,16.6366,15.2146,0.06678,1.107406,0.1448,1.0656,734.0,270.0,100.05,7494.6,1163.24,1085.34
963,maize,12.4662,15.1753,-0.235539,3.67569,0.1478,1.0938,732.0,75.0,100.05,6290.4,1058.39,1083.92
964,maize,17.28,15.2395,0.118143,1.365578,0.1293,1.1833,732.0,200.0,100.05,7203.5,1161.68,1088.96
965,maize,17.2462,15.2906,0.032641,0.855673,0.1263,1.0346,732.0,215.0,100.05,6682.8,1016.51,1090.9
966,maize,12.7028,15.2778,-0.110932,4.294289,0.1102,0.9539,735.0,165.0,100.05,5945.2,880.29,1088.97
967,maize,17.8147,15.3581,0.049271,0.990813,0.1265,0.9432,732.0,125.0,100.05,7259.9,1250.77,1091.26
968,maize,15.77,15.3557,0.006793,0.9272,0.1133,1.0263,746.0,135.0,100.05,6964.2,1158.46,1092.13
969,maize,11.2877,15.3204,-0.248647,6.409954,0.1114,1.1341,730.0,200.0,100.05,6142.8,897.71,1092.52
970,maize,11.3117,15.3235,-0.172988,4.226758,0.093,1.3788,730.0,275.0,100.05,5820.1,742.03,1090.25
971,maize,12.4287,15.313,-0.282714,5.714719,0.1137,1.1767,734.0,315.0,100.05,6589.8,892.06,1088.33
972,maize,14.3076,15.3001,-0.070213,0.939447,0.1054,1.1669,730.0,260.0,100.05,6497.1,926.26,1085.82
973,maize,14.9126,15.2884,-0.12002,1.472554,0.1054,1.3082,742.0,215.0,100.05,6667.3,1006.62,1084.01
974,maize,16.9149,15.3229,-0.038964,0.915834,0.108,1.0787,738.0,170.0,100.05,7311.6,1215.11,1086.51
975,maize,17.8842,15.3871,0.15428,1.61272,0.1164,0.9375,730.0,260.0,100.05,7778.4,1246.61,1091.16
976,maize,15.9675,15.4214,0.011605,0.606305,0.094,0.9664,730.0,70.0,100.05,7169.7,1284.43,1094.01
977,maize,9.5456,15.4387,-0.307614,9.349985,0.1063,1.2687,734.0,240.0,100.05,5573.5,712.98,1097.23
978,maize,12.6064,15.4229,-0.063609,0.955151,0.1084,1.25,730.0,195.0,100.05,6947.7,1103.92,1096.17
979,maize,17.3808,15.4332,0.091893,1.347198,0.1159,1.1279,740.0,130.0,100.05,7981.1,1421.27,1098.98
980,maize,19.059,15.4647,0.198941,4.521615,0.0998,0.9624,734.0,185.0,100.05,7761.7,1315.03,1101.78
981,maize,13.3088,15.4166,-0.044828,1.216274,0.1049,1.3522,742.0,225.0,100.05,6829.1,1037.07,1100.43
982,maize,17.2322,15.4538,0.054901,1.030426,0.115,0.9728,730.0,210.0,100.05,7108.1,1129.04,1102.73
983,maize,16.6416,15.4286,0.095216,1.172763,0.1164,1.2595,742.0,230.0,100.05,6858.6,1039.46,1099.5
984,maize,19.167,15.4576,0.191127,3.708457,0.1075,1.0546,734.0,155.0,100.05,7574.1,1298.13,1102.25
985,maize,19.8187,15.5047,0.246334,5.27505,0.1053,0.9257,735.0,185.0,100.05,7590.9,1271.72,1103.03
986,maize,16.4176,15.492,0.038595,1.391837,0.1223,1.212,730.0,205.0,100.05,6860.3,1072.06,1101.61
987,maize,12.47,15.4251,-0.198579,3.23922,0.1233,1.3188,742.0,200.0,100.05,7295.4,1178.64,1099.71
988,maize,16.3985,15.4093,0.000803,1.451618,0.1236,0.9533,730.0,75.0,100.05,7042.1,1247.53,1100.3
989,maize,19.1037,15.4633,0.023051,0.83684,0.1318,1.0855,740.0,185.0,100.05,7820.2,1326.05,1102.1
990,maize,18.8223,15.4948,0.057811,0.497997,0.1305,1.0066,736.0,175.0,100.05,7833.2,1341.71,1103.35
991,maize,17.5833,15.5407,-0.053156,0.389284,0.123,1.003,736.0,220.0,100.05,7563.4,1229.26,1104.98
992,maize,16.371,15.5297,-0.157527,1.411449,0.12,1.0346,756.0,315.0,100.05,7306.1,1057.91,1103.95
993,maize,17.7104,15.5705,-0.017756,0.416562,0.1165,0.971,736.0,195.0,100.05,7554.6,1252.06,1105.88
994,maize,17.0117,15.5769,-0.102077,1.112622,0.1233,0.9909,732.0,130.0,100.05,7355.5,1269.68,1107.19
995,maize,16.7494,15.5799,-0.063336,1.154562,0.1207,1.0432,734.0,165.0,100.05,7175.1,1188.37,1107.28
996,maize,17.9222,15.5973,-0.010775,0.384667,0.1159,1.0489,742.0,95.0,100.05,7322.8,1290.49,1110.01
997,maize,11.8029,15.5758,-0.354241,9.34943,0.128,1.1887,732.0,210.0,100.05,5839.8,810.76,1109.81
998,maize,14.1948,15.5519,-0.157881,2.845561,0.1016,1.1552,744.0,205.0,100.05,5989.5,845.97,1107.31
999,maize,16.4262,15.5722,0.066751,1.244513,0.1065,0.9626,730.0,215.0,100.05,7313.9,1175.49,1107.18
1000,maize,10.0414,15.5003,-0.247104,6.841035,0.1057,1.3694,730.0,195.0,100.05,5986.8,863.7,1104.61
1001,maize,15.2327,15.4831,0.036955,1.314315,0.1095,1.1579,744.0,85.0,100.05,7294.2,1292.15,1108.13
1002,maize,15.7074,15.5326,0.078584,0.955166,0.0935,0.9255,740.0,130.0,100.05,7306.1,1252.53,1114.42
1003,maize,16.6677,15.5468,0.150265,3.338765,0.0923,1.0206,747.0,225.0,100.05,7165.9,1118.28,1114.73
1004,maize,20.2271,15.5544,0.295253,8.023918,0.0892,0.9133,734.0,90.0,100.05,7923.3,1450.42,1116.71
1005,maize,21.0543,15.5923,0.34597,10.484799,0.0928,0.8785,740.0,100.0,100.05,7708.6,1383.16,1118.93
1006,maize,13.9434,15.5619,-0.010973,0.588499,0.0952,0.939,730.0,245.0,100.05,6496.0,941.01,1115.5
1007,maize,19.9266,15.5788,0.260159,7.497189,0.1016,1.0026,732.0,185.0,100.05,7726.4,1307.4,1115.24
1008,maize,16.4508,15.6122,0.158406,1.793599,0.1076,1.1295,732.0,135.0,100.05,7504.0,1301.79,1119.4
1009,maize,17.5381,15.6091,0.130161,2.46688,0.113,0.9146,735.0,105.0,100.05,6759.0,1143.74,1117.97
1010,maize,16.56,15.6055,0.002852,0.302092,0.1228,1.1986,740.0,115.0,100.05,7488.6,1313.14,1117.99
1011,maize,13.6325,15.5894,-0.112699,2.354372,0.112,1.1413,730.0,95.0,100.05,7225.0,1273.24,1120.66
1012,maize,14.6407,15.568,-0.075867,0.813554,0.119,1.1611,744.0,105.0,100.05,7500.5,1323.72,1122.03
1013,maize,14.7144,15.5836,-0.100096,0.979384,0.1237,1.3221,732.0,275.0,100.05,7313.0,1114.05,1122.59
1014,maize,11.0927,15.5331,-0.400595,12.062696,0.131,1.3402,730.0,155.0,100.05,5928.5,889.13,1119.53
1015,maize,13.6169,15.5004,-0.095602,2.708565,0.1348,0.974,732.0,135.0,100.05,6515.7,1054.74,1117.12
1016,maize,17.2735,15.4688,0.124982,1.353758,0.1268,0.9895,742.0,120.0,100.05,7526.3,1316.37,1116.27
1017,maize,13.7039,15.4498,-0.266931,3.776149,0.156,1.0705,739.0,195.0,100.05,6918.9,1091.33,1115.65
1018,maize,11.0284,15.3851,-0.205529,8.71009,0.1497,1.0649,730.0,190.0,100.05,5378.0,716.49,1112.71
1019,maize,16.3876,15.3547,0.124953,1.595473,0.1615,0.97,732.0,170.0,100.05,7361.9,1231.27,1111.73
1020,maize,17.3686,15.397,0.093484,0.893879,0.1858,0.9304,744.0,180.0,100.05,7525.4,1254.94,1114.58
1021,maize,14.6577,15.4417,-0.030044,0.665487,0.1784,1.1454,734.0,90.0,100.05,7323.8,1300.54,1121.16
1022,maize,13.8136,15.3975,-0.062059,0.593164,0.179,1.3581,750.0,205.0,100.05,7679.9,1264.98,1121.01
1023,maize,16.9146,15.3995,0.154911,2.361357,0.1715,0.9321,732.0,170.0,100.05,7053.5,1154.18,1118.87
1024,maize,13.4914,15.3453,-0.094911,1.002627,0.2052,1.2127,739.0,175.0,100.05,7022.6,1137.26,1117.16
1025,maize,13.1564,15.3086,-0.067708,0.980405,0.1913,1.2569,734.0,255.0,100.05,6502.1,930.13,1114.33
1026,maize,14.3075,15.2731,-0.025787,0.278779,0.2049,0.9795,740.0,85.0,100.05,6986.7,1217.67,1115.29
1027,maize,10.3105,15.2682,-0.26904,2.555928,0.2274,1.2365,773.0,120.0,100.05,7057.5,1180.58,1115.8
1028,maize,16.8415,15.2889,0.227186,3.299579,0.1953,0.9323,732.0,145.0,100.05,6547.6,1052.69,1114.97
1029,maize,18.829,15.321,0.336835,6.619847,0.2167,0.9805,730.0,115.0,100.05,7484.5,1318.13,1116.92
1030,maize,16.3059,15.3455,0.315661,4.555385,0.1863,1.0839,744.0,65.0,100.05,7179.9,1283.57,1119.44
1031,maize,16.8379,15.322,0.251992,3.197544,0.2033,1.1209,732.0,220.0,100.05,7327.2,1172.59,1116.8
1032,maize,15.9282,15.311,0.186578,2.757921,0.1956,1.2484,734.0,220.0,100.05,7435.4,1198.46,1116.68
1033,maize,10.9789,15.3014,-0.141486,3.108839,0.2079,1.326,762.0,215.0,100.05,6218.2,882.34,1117.97
1034,maize,17.7884,15.2959,0.323352,4.924685,0.2061,1.0217,749.0,180.0,100.05,7580.6,1265.75,1117.44
1035,maize,13.7203,15.2441,0.087486,1.033026,0.2233,1.0969,772.0,55.0,100.05,7203.0,1282.54,1117.9
1036,maize,14.8877,15.2518,-0.012181,2.370988,0.21,0.9096,742.0,180.0,100.05,6406.9,976.54,1116.71
1037,maize,16.3105,15.2493,0.082522,0.720304,0.2073,0.9904,752.0,180.0,100.05,7473.9,1237.28,1117.99
1038,maize,18.211,15.2624,0.258825,4.363122,0.2044,0.9433,739.0,165.0,100.05,7698.8,1316.3,1119.47
1039,maize,15.6575,15.2908,-0.020255,0.30987,0.2214,1.0859,734.0,145.0,100.05,7348.2,1251.66,1122.71
1040,maize,15.9418,15.3515,0.005225,0.459574,0.2146,0.8745,746.0,135.0,100.05,7153.8,1205.86,1126.19
1041,maize,13.7071,15.3132,-0.142545,1.646103,0.229,1.0544,752.0,200.0,100.05,6901.2,1074.1,1124.54
1042,maize,19.5295,15.3502,0.167372,1.829189,0.2478,0.9293,732.0,205.0,100.05,7284.1,1176.82,1126.06
1043,maize,9.4253,15.2819,-0.455551,13.27754,0.2126,0.9417,732.0,230.0,100.05,5563.4,721.65,1121.27
1044,maize,13.5512,15.2848,-0.257729,2.833749,0.2315,0.9789,732.0,230.0,100.05,7042.8,1091.5,1123.89
1045,maize,15.9564,15.2421,-0.063031,0.825647,0.2128,1.0326,756.0,115.0,100.05,7321.7,1261.82,1123.09
1046,maize,9.5257,15.1649,-0.511056,11.497155,0.2034,1.1619,732.0,250.0,100.05,5594.1,709.33,1118.93
1047,maize,13.498,15.1519,-0.279185,4.542415,0.2257,1.0174,760.0,170.0,100.05,6802.2,1074.56,1118.35
1048,maize,14.7663,15.1658,-0.242075,3.761205,0.3081,0.8338,776.0,125.0,100.05,6993.6,1157.81,1119.03
1049,maize,18.4107,15.2654,0.130815,1.388957,0.2513,0.8356,754.0,115.0,100.05,8122.9,1463.33,1126.09
1050,maize,9.9957,15.1776,-0.294411,4.803689,0.2274,0.8683,734.0,200.0,100.05,5842.5,820.23,1120.76
1051,maize,13.0535,15.3939,-0.101081,0.748844,0.2434,0.9743,750.0,180.0,100.05,7108.8,1147.19,1134.39
1052,maize,19.7057,15.4102,0.305149,6.607495,0.2537,0.732,732.0,180.0,100.05,7651.0,1293.55,1135.3
1053,maize,16.4486,15.4754,0.202132,1.572249,0.2821,0.9098,738.0,120.0,100.05,7190.3,1234.77,1139.96
1054,maize,15.6857,15.4739,0.125387,1.794814,0.2377,1.0017,742.0,170.0,100.05,7042.7,1145.48,1139.59
1055,maize,14.909,15.4516,0.158069,3.023273,0.2345,0.8272,734.0,140.0,100.05,7222.4,1225.21,1139.89
1056,maize,15.4631,15.4668,0.098614,0.724545,0.2684,0.8066,759.0,110.0,100.05,7567.2,1326.39,1141.34
1057,maize,10.7921,15.4233,-0.311543,4.981128,0.2384,0.9756,756.0,200.0,100.05,6276.6,915.54,1141.28
1058,maize,16.609,15.4344,0.163397,2.97842,0.2201,0.8273,752.0,205.0,100.05,7221.9,1149.26,1143.83
1059,maize,14.215,15.4025,0.02458,1.07398,0.2331,0.8994,741.0,110.0,100.05,6945.8,1181.84,1145.1
1060,maize,18.8089,15.4164,0.199799,3.738803,0.2062,0.7487,740.0,70.0,100.05,7429.2,1343.3,1145.67
1061,maize,17.4404,15.4187,0.118987,1.31465,0.2012,0.7589,736.0,115.0,100.05,7584.2,1339.45,1146.3
1062,maize,16.2266,15.4146,0.073204,0.743189,0.1909,0.7054,732.0,145.0,100.05,7359.0,1255.54,1147.22
1063,maize,11.363,15.4036,-0.256687,5.045145,0.1628,1.0094,736.0,140.0,100.05,6467.8,1035.35,1146.99
1064,maize,13.6201,15.367,-0.287649,4.370523,0.1805,0.8915,743.0,165.0,100.05,6386.5,985.82,1145.23
1065,maize,15.7754,15.3523,-0.125138,3.010532,0.1694,0.7245,740.0,150.0,100.05,6777.0,1100.26,1146.07
1066,maize,13.4943,15.3602,-0.410018,9.636785,0.1757,0.7684,734.0,135.0,100.05,5897.7,899.03,1146.25
1067,maize,7.8269,15.2603,-0.551469,26.276663,0.1719,0.8545,762.0,130.0,100.05,5174.5,706.41,1140.81
1068,maize,16.6989,15.2696,-0.047327,0.633911,0.1539,0.8962,734.0,120.0,100.05,7846.3,1401.18,1143.24
1069,maize,17.9831,15.3366,0.027354,0.69764,0.1503,0.6882,750.0,130.0,100.05,7755.8,1358.95,1147.85
1070,maize,8.055,15.304,-0.398238,15.086145,0.1249,0.9552,734.0,150.0,100.05,5358.6,749.25,1147.92
1071,maize,17.4511,15.3542,0.05521,0.63183,0.1291,0.781,734.0,130.0,100.05,7668.2,1346.64,1152.47
1072,maize,15.6223,15.3674,0.032186,0.991431,0.1179,0.6529,732.0,95.0,100.05,7023.1,1221.58,1155.42
1073,maize,15.6365,15.3746,0.013532,0.396192,0.1167,0.7293,742.0,70.0,100.05,7418.1,1339.33,1158.75
1074,maize,16.4344,15.3698,-0.004687,0.65311,0.1097,0.6823,732.0,100.0,100.05,6950.1,1198.33,1158.58
1075,maize,7.2775,15.2637,-0.524709,27.397692,0.1106,0.8047,732.0,95.0,100.05,4792.5,663.93,1152.75
1076,maize,14.5242,15.2493,-0.090008,1.478439,0.1138,0.631,732.0,105.0,100.05,6589.6,1103.21,1150.94
1077,maize,15.7759,15.3116,-0.039957,0.627428,0.104,0.8383,730.0,140.0,100.05,7364.3,1263.07,1156.44
1078,maize,18.8999,15.3745,0.085434,3.574906,0.0906,0.5897,740.0,135.0,100.05,7920.7,1401.18,1159.42
1079,maize,18.5672,15.3864,0.13398,2.902411,0.0909,0.7414,742.0,95.0,100.05,7721.9,1390.26,1159.11
1080,maize,18.0883,15.3767,0.050368,2.861899,0.0859,0.6177,730.0,65.0,100.05,7359.8,1336.95,1159.32
1081,maize,11.3054,15.3566,-0.10908,5.877905,0.0581,0.9052,740.0,100.0,100.05,6456.3,1070.07,1159.65
1082,maize,15.5239,15.3396,-0.007102,0.315786,0.0713,0.6463,730.0,80.0,100.05,6846.9,1193.72,1160.3
1083,maize,15.6241,15.3294,0.03998,0.837501,0.067,0.7496,750.0,90.0,100.05,7426.4,1316.59,1163.07
1084,maize,18.2382,15.3201,0.082356,2.234309,0.0587,0.6652,732.0,100.0,100.05,7737.4,1395.15,1164.04
1085,maize,14.8559,15.2705,-0.036868,1.89405,0.0656,0.7438,730.0,115.0,100.05,6226.3,1003.57,1161.36
1086,maize,15.7969,15.2643,-0.018311,0.517823,0.0649,0.8187,730.0,75.0,100.05,7242.1,1297.53,1163.62
1087,maize,14.9569,15.2891,-0.028816,0.444879,0.055,0.8344,730.0,160.0,100.05,7301.3,1227.33,1164.1
1088,maize,11.8467,15.2436,-0.096291,3.26066,0.054,0.6598,740.0,180.0,100.05,6159.7,915.92,1160.79
1089,maize,14.4653,15.1972,0.035027,0.85457,0.0544,0.6883,732.0,175.0,100.05,7032.6,1143.95,1158.97
1090,maize,12.3882,15.1329,-0.043832,0.714053,0.0491,0.835,730.0,185.0,100.05,6860.2,1092.06,1156.47
1091,maize,20.0089,15.1571,0.149498,6.714487,0.0428,0.6131,730.0,90.0,100.05,7839.7,1431.93,1158.5
1092,maize,14.6704,15.1401,-0.010739,1.036412,0.0676,0.8339,730.0,70.0,100.05,6512.5,1120.14,1159.12
1093,maize,9.9633,15.0627,-0.092088,9.391729,0.0417,0.6322,730.0,125.0,100.05,5222.3,742.58,1154.02
1094,maize,18.988,15.0824,0.174863,7.098379,0.0413,0.6894,730.0,105.0,100.05,7468.4,1324.1,1154.57
1095,maize,15.1774,15.0667,0.070218,0.583252,0.0504,0.8572,730.0,110.0,100.05,7239.4,1261.84,1155.3
1096,maize,16.0196,15.0477,0.085874,2.301929,0.0548,0.793,730.0,110.0,100.05,7286.3,1273.58,1155.13
1097,maize,17.3781,15.1034,0.129993,3.374301,0.0377,0.6761,730.0,200.0,100.05,6689.5,1034.37,1157.37
1098,maize,19.8438,15.1599,0.147234,5.786073,0.0431,0.685,730.0,70.0,100.05,7849.6,1454.4,1163.45
1099,maize,6.1516,15.0572,-0.15391,29.058123,0.0464,0.7555,730.0,85.0,100.05,4389.5,574.37,1157.44
1100,maize,14.0479,15.0973,-0.042127,1.726662,0.042,0.8665,730.0,85.0,100.05,6363.6,1067.91,1159.48
1101,maize,10.4147,15.0491,-0.114926,4.967135,0.044,0.9785,730.0,90.0,100.05,6541.8,1107.45,1157.64
1102,maize,18.4823,15.0768,0.108145,3.274503,0.0301,0.7709,730.0,60.0,100.05,7661.7,1417.43,1159.29
1103,maize,11.7803,15.0279,-0.061471,2.348057,0.0407,0.9183,730.0,45.0,100.05,6351.8,1104.95,1159.15
1104,maize,11.0447,14.9361,-0.026594,19.695309,0.0376,0.6949,730.0,60.0,100.05,4496.0,625.99,1150.91
1105,maize,19.8181,14.9238,0.117511,5.582856,0.0399,0.8003,730.0,55.0,100.05,7422.5,1362.63,1150.7
1106,maize,16.2059,14.9464,0.002957,0.56101,0.042,0.6322,730.0,30.0,100.05,6921.3,1262.32,1153.92
1107,maize,17.5777,14.9229,0.053095,1.762671,0.0435,0.8375,730.0,140.0,100.05,7319.1,1251.78,1153.36
1108,maize,18.1991,14.9404,0.053301,1.36231,0.0528,0.688,732.0,30.0,100.05,7471.0,1398.54,1154.33
1109,maize,17.4144,14.9391,0.054008,0.951023,0.0517,0.6646,732.0,50.0,100.05,7130.5,1293.43,1155.83
1110,maize,16.6996,14.9405,-0.000914,0.404544,0.0595,0.8413,730.0,200.0,100.05,7330.6,1194.66,1154.64
1111,maize,18.9107,14.9933,0.023431,1.333147,0.0348,0.545,730.0,60.0,100.05,7812.8,1455.2,1156.46
1112,maize,17.7852,15.0248,-0.02421,0.311041,0.0392,0.8172,730.0,240.0,100.05,7203.1,1122.76,1154.45
1113,maize,15.0798,15.0284,-0.07513,1.16861,0.0492,0.8195,730.0,35.0,100.05,6965.7,1268.44,1155.99
1114,maize,14.165,15.0591,-0.060558,3.888443,0.0558,0.8772,730.0,60.0,100.05,6419.4,1106.85,1158.17
1115,maize,19.0366,15.1133,0.032267,1.150862,0.0468,0.5179,730.0,25.0,100.05,8323.6,1617.91,1163.8
1116,maize,16.1774,15.1024,-0.128927,1.282996,0.0515,0.8662,739.0,125.0,100.05,7544.0,1317.61,1163.82
1117,maize,15.8573,15.1239,-0.120653,1.847726,0.0637,0.7417,732.0,125.0,100.05,7152.2,1223.86,1165.14
1118,maize,5.8158,15.0718,-0.236611,37.330791,0.0491,0.6861,730.0,30.0,100.05,4164.4,573.1,1163.71
1119,maize,20.3843,15.1118,0.0796,2.823218,0.0537,0.7374,730.0,85.0,100.05,8237.2,1536.3,1166.76
1120,maize,12.8238,15.0663,-0.103115,3.494891,0.0437,0.8226,730.0,40.0,100.05,6861.9,1237.49,1166.58
1121,maize,16.5939,15.0857,-0.016113,0.752956,0.042,0.3475,730.0,55.0,100.05,6933.2,1240.31,1165.98
1122,maize,20.1772,15.1493,0.064304,3.46871,0.0452,0.6778,730.0,85.0,100.05,8254.8,1540.69,1168.74
1123,maize,13.0233,15.1104,-0.103846,4.636181,0.0636,0.5211,730.0,110.0,100.05,5545.6,838.4,1165.58
1124,maize,17.0862,15.1463,0.080239,4.304023,0.0466,0.739,730.0,120.0,100.05,7375.7,1285.93,1167.07
1125,maize,18.7515,15.2023,0.018536,2.61753,0.0411,0.2277,730.0,5.0,100.05,7459.2,1421.79,1171.98
1126,maize,16.3146,15.2224,0.049576,1.954989,0.0445,0.5709,730.0,110.0,100.05,7317.4,1281.36,1172.62
1127,maize,17.8092,15.2973,0.054668,1.578508,0.0353,0.4633,730.0,5.0,100.05,7117.1,1336.26,1174.18
1128,maize,11.815,15.2471,-0.058712,2.72551,0.0446,0.7104,730.0,30.0,100.05,6445.7,1143.41,1175.08
1129,maize,10.8579,15.1674,-0.148754,4.609921,0.0613,0.7024,734.0,35.0,100.05,6178.7,1069.27,1172.6
1130,maize,15.2411,15.1567,0.002999,1.28605,0.0482,0.612,732.0,110.0,100.05,6900.9,1176.04,1171.52
1131,maize,19.4616,15.183,0.045545,2.89268,0.0377,0.4263,730.0,10.0,100.05,7394.8,1400.7,1173.8
1132,maize,14.4789,15.1685,-0.027234,2.012306,0.0439,0.3749,730.0,0.0,100.05,6632.8,1220.21,1174.02
1133,maize,12.9474,15.1882,-0.044234,2.157393,0.0484,0.4792,730.0,95.0,100.05,7090.9,1239.73,1177.59
1134,maize,18.7194,15.1975,0.043897,2.099356,0.0437,0.3617,730.0,15.0,100.05,7505.0,1423.26,1179.17
1135,maize,15.5191,15.2155,-0.003374,0.403077,0.0549,0.2636,730.0,0.0,100.05,7174.2,1355.55,1179.9
1136,maize,12.58,15.1924,-0.048649,3.313006,0.0462,0.4198,730.0,5.0,100.05,6345.3,1143.31,1181.57
1137,maize,12.9469,15.1587,-0.016742,2.514689,0.0406,0.3313,730.0,40.0,100.05,6801.8,1222.44,1181.42
1138,maize,19.4015,15.1706,0.072571,6.486182,0.0442,0.2257,732.0,0.0,100.05,7814.0,1514.31,1183.4
1139,maize,16.5365,15.1794,0.046855,2.019601,0.0318,0.2442,730.0,50.0,100.05,7304.1,1338.03,1184.26
1140,maize,14.1407,15.1614,-0.0355,1.261979,0.0508,0.4495,730.0,25.0,100.05,6218.0,1091.49,1183.12
1141,maize,14.3394,15.1677,-0.01264,0.404644,0.0492,0.349,732.0,0.0,100.05,6906.8,1287.5,1185.25
1142,maize,18.4107,15.1566,0.047092,2.503017,0.0475,0.432,730.0,100.0,100.05,7415.1,1315.76,1186.64
1143,maize,16.804,15.2303,0.041036,1.534676,0.0504,0.4145,730.0,10.0,100.05,7465.6,1418.41,1193.61
1144,maize,14.4581,15.2394,-0.011008,1.660887,0.0427,0.2345,730.0,5.0,100.05,6405.6,1158.4,1194.28
1145,maize,12.8586,15.2084,-0.000206,0.943742,0.0384,0.5433,730.0,55.0,100.05,6454.6,1120.64,1192.87
1146,maize,13.2986,15.2462,-0.010015,1.112063,0.0487,0.4993,735.0,125.0,100.05,6588.1,1081.02,1196.58
1147,maize,14.0823,15.252,0.002718,0.62822,0.0543,0.6451,732.0,175.0,100.05,7032.2,1143.85,1197.28
1148,maize,18.2231,15.2866,0.06848,3.973682,0.0384,0.4202,732.0,5.0,100.05,7430.2,1413.35,1199.83
1149,maize,17.7314,15.2798,0.109487,3.966649,0.0546,0.4432,730.0,95.0,100.05,7311.1,1294.76,1198.14
1150,maize,12.7408,15.3072,-0.000105,2.956093,0.0293,0.4369,730.0,5.0,100.05,6092.7,1080.16,1200.74
1151,maize,15.6608,15.3333,0.029335,0.56536,0.0341,0.3368,730.0,90.0,100.05,7120.8,1252.21,1201.79
1152,maize,11.4854,15.2511,-0.076507,2.569659,0.0454,0.6794,730.0,65.0,100.05,6659.6,1161.91,1200.48
1153,maize,21.402,15.3006,0.052878,6.961237,0.0328,0.2563,730.0,5.0,100.05,7674.5,1475.62,1202.89
1154,maize,18.9939,15.3337,0.069679,2.70174,0.0324,0.5186,730.0,25.0,100.05,7539.6,1421.89,1205.65
1155,maize,16.9946,15.3546,0.043704,0.511507,0.0397,0.6105,730.0,60.0,100.05,7377.9,1346.47,1206.86
1156,maize,15.8575,15.3585,-0.002104,0.984,0.0321,0.4902,730.0,95.0,100.05,7363.8,1307.96,1206.68
1157,maize,13.4198,15.3848,-0.046459,4.20182,0.0408,0.4551,730.0,45.0,100.05,7005.7,1268.43,1210.21
1158,maize,16.3184,15.3819,-0.052455,2.23031,0.046,0.6875,730.0,30.0,100.05,7299.4,1356.86,1212.28
1159,maize,19.4219,15.434,0.027793,1.062024,0.0252,0.3931,730.0,85.0,100.05,7452.2,1340.05,1213.87
1160,maize,16.0281,15.4062,-0.071662,1.453007,0.0345,0.6851,732.0,235.0,100.05,6716.5,1004.93,1210.48
1161,maize,16.2897,15.3947,-0.053498,1.414816,0.0436,0.6855,730.0,85.0,100.05,7198.5,1276.61,1209.85
1162,maize,13.1681,15.3641,-0.208453,4.991228,0.0546,0.7296,730.0,275.0,100.05,6453.9,900.48,1206.3
1163,maize,13.0882,15.3813,-0.113429,6.181454,0.0354,0.4619,730.0,50.0,100.05,6212.6,1065.16,1206.6
1164,maize,17.7454,15.4226,0.032562,1.486622,0.0293,0.6658,730.0,60.0,100.05,7414.3,1355.56,1210.3
1165,maize,12.4481,15.3893,-0.091062,2.752047,0.0354,0.7712,730.0,30.0,100.05,6371.3,1124.82,1210.54
1166,maize,19.9915,15.4543,0.059363,2.734448,0.044,0.2578,730.0,10.0,100.05,8071.8,1569.95,1217.25
1167,maize,17.4815,15.5508,0.028082,1.070946,0.0404,0.3819,730.0,10.0,100.05,6890.6,1274.64,1222.94
1168,maize,13.1045,15.5149,-0.097423,1.15802,0.0435,0.7936,730.0,155.0,100.05,6588.9,1054.23,1219.47
1169,maize,17.2794,15.5078,0.015313,1.161665,0.0502,0.4638,730.0,40.0,100.05,7612.5,1425.14,1220.13
1170,maize,18.2372,15.6097,0.073169,3.173261,0.0372,0.728,730.0,65.0,100.05,7757.5,1436.36,1227.0
1171,maize,17.5628,15.6108,0.036282,4.005338,0.0366,0.6718,730.0,70.0,100.05,7580.6,1387.16,1227.4
1172,maize,11.2314,15.5669,-0.116778,5.640499,0.0388,0.7562,730.0,40.0,100.05,6136.6,1056.14,1225.75
1173,maize,15.5659,15.5662,0.020312,0.521559,0.0388,0.5544,732.0,40.0,100.05,7276.9,1340.02,1225.76
1174,maize,13.7671,15.5395,-0.02666,2.664963,0.045,0.5472,730.0,45.0,100.05,6508.0,1144.0,1225.21
1175,maize,6.4707,15.5314,-0.15468,24.457451,0.0311,0.4914,735.0,85.0,100.05,4595.4,622.85,1224.8
1176,maize,10.1184,15.4874,-0.209005,7.573838,0.0569,0.6862,732.0,145.0,100.05,5790.8,863.51,1222.41
1177,maize,12.637,15.456,-0.03287,2.724036,0.0326,0.5842,730.0,50.0,100.05,6020.8,1017.21,1219.95
1178,maize,14.2458,15.4094,-0.006942,0.62641,0.0372,0.7205,732.0,40.0,100.05,6786.6,1217.46,1218.11
1179,maize,15.1095,15.3749,0.000453,1.234917,0.0413,0.6471,730.0,90.0,100.05,7199.8,1271.96,1216.93
1180,maize,15.2924,15.3469,0.023805,1.249566,0.0322,0.6695,730.0,90.0,100.05,7343.7,1307.91,1216.64
1181,maize,16.2728,15.3966,0.034281,0.793809,0.0394,0.5279,730.0,20.0,100.05,7188.0,1338.99,1219.33
1182,maize,17.8131,15.4195,0.090353,1.905262,0.0312,0.4746,740.0,80.0,100.05,7313.1,1304.27,1220.43
1183,maize,11.4414,15.3776,-0.030728,8.328238,0.0391,0.4676,730.0,40.0,100.05,5416.1,876.02,1216.03
1184,maize,9.8696,15.2939,-0.102245,10.558963,0.0397,0.3496,734.0,15.0,100.05,5914.0,1023.1,1212.31
1185,maize,16.1779,15.3072,0.058428,1.188581,0.0397,0.7042,730.0,125.0,100.05,7393.4,1285.35,1215.12
1186,maize,18.9259,15.3385,0.11612,4.624737,0.0304,0.6715,730.0,100.0,100.05,7630.0,1369.5,1215.84
1187,maize,13.0041,15.3189,-0.087591,1.493397,0.0494,0.8748,730.0,130.0,100.05,6774.0,1125.5,1214.82
1188,maize,18.4219,15.3847,0.072473,3.387219,0.0275,0.4089,730.0,55.0,100.05,7556.0,1396.01,1219.63
1189,maize,16.4536,15.4046,0.027158,0.580383,0.0353,0.6492,732.0,230.0,100.05,7141.9,1116.28,1219.35
1190,maize,15.9874,15.4406,-0.013259,0.402864,0.0435,0.7361,730.0,280.0,100.05,7145.8,1068.45,1219.11
1191,maize,18.4636,15.4251,0.021768,0.682696,0.037,0.4726,730.0,15.0,100.05,7703.7,1472.93,1219.52
1192,maize,6.1025,15.3394,-0.39434,31.934107,0.0543,0.9754,730.0,135.0,100.05,4910.5,654.63,1214.87
1193,maize,10.0524,15.3403,-0.16195,15.583883,0.0466,0.6468,730.0,200.0,100.05,5216.1,666.02,1214.1
1194,maize,17.5506,15.3259,0.024937,0.721618,0.0407,0.71,732.0,145.0,100.05,7775.3,1359.62,1214.46
1195,maize,17.7242,15.3514,0.031863,1.78561,0.0577,0.5924,730.0,80.0,100.05,7886.7,1453.68,1216.38
1196,maize,8.8105,15.2793,-0.192442,13.283748,0.0397,0.8878,732.0,65.0,100.05,5696.0,919.81,1212.84
1197,maize,13.6275,15.2418,-0.024652,1.325117,0.0554,0.701,730.0,55.0,100.05,6890.1,1229.52,1214.79
1198,maize,20.2583,15.246,0.068696,3.354488,0.0294,0.6351,730.0,160.0,100.05,7941.2,1387.3,1214.12
1199,maize,15.4264,15.3387,-0.058431,0.650738,0.0601,0.8115,752.0,175.0,100.05,7314.5,1202.41,1220.4
1200,maize,17.3254,15.3715,0.058186,0.598294,0.0392,0.7007,730.0,85.0,100.05,7239.3,1286.84,1222.59
1201,maize,14.6107,15.4134,-0.031731,0.910432,0.0415,0.6946,732.0,55.0,100.05,6508.2,1132.86,1222.84
1202,maize,14.781,15.3764,-0.007469,0.676716,0.0366,0.7661,730.0,125.0,100.05,6987.3,1183.83,1220.51
1203,maize,18.3348,15.442,0.021289,1.688006,0.0533,0.7239,730.0,125.0,100.05,7394.7,1285.69,1222.31
1204,maize,16.1924,15.4935,-0.038929,0.681743,0.048,0.6865,732.0,210.0,100.05,7164.4,1141.9,1227.47
1205,maize,14.9635,15.4449,-0.022651,0.305307,0.0552,0.7771,732.0,105.0,100.05,6815.8,1159.74,1225.44
1206,maize,9.6971,15.3798,-0.152325,9.354145,0.0421,0.719,730.0,20.0,100.05,5918.7,1021.69,1223.04
1207,maize,13.5073,15.3391,-0.065959,1.805883,0.0528,0.8708,730.0,100.0,100.05,6405.3,1063.32,1221.15
1208,maize,17.4431,15.3316,0.073849,1.467589,0.0545,0.7729,732.0,110.0,100.05,7481.4,1321.15,1220.38
1209,maize,17.1717,15.3291,0.065191,1.976995,0.046,0.81,730.0,115.0,100.05,7503.2,1322.8,1220.67
1210,maize,19.7156,15.3593,0.058748,3.736562,0.0488,0.7496,730.0,90.0,100.05,7695.1,1395.78,1222.68
1211,maize,18.2008,15.3522,0.095185,1.926997,0.0513,0.8756,730.0,190.0,100.05,7400.1,1222.04,1220.35
1212,maize,14.3656,15.318,-0.056331,1.361176,0.0608,0.9086,732.0,125.0,100.05,7635.8,1344.76,1222.57
1213,maize,-6.3242,15.104,-0.665413,55.602074,0.0095,1.2695,140.0,120.0,100.05,0.0,-204.0,1207.85
1214,maize,13.5374,15.0977,-0.120217,2.333426,0.0477,0.9529,742.0,120.0,100.05,6683.6,1105.7,1207.84
1215,maize,16.1764,15.0691,-0.003424,0.53554,0.0566,0.8796,730.0,170.0,100.05,7464.5,1258.13,1204.24
1216,maize,16.7662,15.075,0.132519,1.408361,0.0512,0.9925,732.0,235.0,100.05,7490.5,1198.43,1203.05
1217,maize,11.3395,15.0298,-0.173641,5.868995,0.0515,1.1886,730.0,315.0,100.05,5857.9,711.48,1197.92
1218,maize,17.8679,15.1503,0.145833,2.995463,0.0377,0.857,730.0,150.0,100.05,7536.2,1296.06,1205.15
1219,maize,10.3115,15.0496,-0.095354,6.15771,0.0466,1.1198,740.0,150.0,100.05,6796.7,1105.18,1200.84
1220,maize,17.5226,15.0966,0.092124,1.987886,0.0425,0.9787,730.0,105.0,100.05,7169.8,1249.46,1200.96
1221,maize,19.0885,15.1215,0.149712,3.737005,0.0392,0.9351,730.0,185.0,100.05,7800.9,1327.21,1201.83
1222,maize,18.8124,15.1079,0.161567,4.223521,0.0413,0.8994,730.0,185.0,100.05,7968.7,1369.17,1200.11
1223,maize,17.0639,15.1483,0.065936,0.87575,0.0431,0.9816,732.0,285.0,100.05,7580.1,1170.83,1203.44
1224,maize,16.4331,15.1417,0.051374,1.049387,0.0581,0.9673,730.0,170.0,100.05,7079.3,1161.82,1202.2
1225,maize,14.0492,15.0947,-0.041564,1.681197,0.0663,1.0526,730.0,280.0,100.05,6897.9,1006.48,1198.04
1226,maize,15.6156,15.0877,0.005208,0.918909,0.0638,1.0393,740.0,200.0,100.05,7053.3,1119.33,1196.42
1227,maize,19.2458,15.1021,0.069225,1.786922,0.0629,0.8732,730.0,130.0,100.05,7187.5,1228.89,1195.35
1228,maize,14.6228,15.1302,-0.075679,1.315575,0.0702,1.0479,730.0,255.0,100.05,7051.3,1069.84,1194.62
1229,maize,18.1789,15.2034,0.030466,0.58595,0.0642,0.9354,732.0,180.0,100.05,7672.1,1298.83,1196.91
1230,maize,16.2897,15.2139,-0.031874,0.524997,0.0684,1.1548,730.0,220.0,100.05,7144.8,1128.19,1196.43
1231,maize,14.4205,15.1635,-0.114977,3.388631,0.0724,0.9971,730.0,115.0,100.05,6997.2,1196.3,1194.39
1232,maize,16.634,15.185,0.007931,0.495419,0.0544,0.9078,730.0,135.0,100.05,7089.4,1199.35,1194.18
1233,maize,12.2903,15.1784,-0.20881,5.622073,0.0628,1.0646,730.0,180.0,100.05,6502.6,1007.65,1191.86
1234,maize,11.4229,15.1055,-0.215688,6.807328,0.061,1.0919,732.0,130.0,100.05,5582.4,826.41,1185.89
1235,maize,17.0374,15.1207,0.048142,1.479656,0.0574,0.9072,732.0,105.0,100.05,7078.8,1225.49,1184.59
1236,maize,15.0982,15.1458,-0.140764,4.03932,0.0671,0.9563,732.0,95.0,100.05,7058.4,1230.39,1185.46
1237,maize,12.8338,15.1447,-0.03668,3.961764,0.0478,1.3183,730.0,215.0,100.05,6830.4,1054.61,1183.78
1238,maize,19.981,15.1505,0.14,4.315271,0.0648,0.965,730.0,160.0,100.05,8012.1,1405.02,1182.69
1239,maize,17.0358,15.1555,0.007742,1.863956,0.06,0.9477,730.0,235.0,100.05,7219.4,1131.84,1180.63
1240,maize,18.5624,15.1997,0.130756,3.982453,0.0604,0.9807,740.0,170.0,100.05,7857.3,1350.32,1183.22
1241,maize,13.2761,15.1891,-0.042134,1.265736,0.0686,1.1427,740.0,230.0,100.05,6975.8,1069.94,1181.04
1242,maize,18.2484,15.1874,0.066849,1.08818,0.0559,0.9512,732.0,245.0,100.05,7664.2,1231.84,1180.2
1243,maize,14.1567,15.161,-0.105811,2.286135,0.0688,1.136,730.0,200.0,100.05,6253.5,925.39,1175.27
1244,maize,16.6523,15.1829,0.018062,0.494473,0.0606,1.1297,730.0,305.0,100.05,6743.8,942.94,1173.12
1245,maize,12.3152,15.1775,-0.13,2.2948,0.0682,1.271,732.0,170.0,100.05,6620.7,1045.97,1172.37
1246,maize,13.0926,15.1754,-0.152097,3.802469,0.0721,1.1828,730.0,160.0,100.05,6677.7,1071.42,1172.27
1247,maize,15.2303,15.1869,0.042838,0.332858,0.0546,1.0579,732.0,160.0,100.05,7364.9,1242.03,1173.25
1248,maize,13.6859,15.1415,-0.068869,4.074259,0.0589,1.027,730.0,250.0,100.05,6538.6,946.64,1168.59
1249,maize,15.6886,15.1211,0.049013,0.69755,0.052,0.9997,730.0,210.0,100.05,7439.5,1211.88,1167.76
1250,maize,16.1769,15.1555,0.097107,1.048535,0.0676,1.0935,742.0,320.0,100.05,7146.1,1021.31,1167.17
1251,maize,14.4785,15.1436,-0.030687,0.528351,0.0583,1.3647,730.0,200.0,100.05,7237.8,1171.46,1166.36
1252,maize,17.0369,15.1992,0.077912,1.092811,0.061,0.9646,730.0,200.0,100.05,7365.1,1203.28,1166.78
1253,maize,12.0301,15.1054,-0.127676,7.386933,0.0643,1.0365,730.0,380.0,100.05,5906.0,658.49,1158.61
1254,maize,17.5526,15.091,0.094947,0.921532,0.0656,0.9946,732.0,175.0,100.05,7544.2,1271.85,1157.11
1255,maize,17.1564,15.0926,0.024321,0.619754,0.0656,1.0739,732.0,210.0,100.05,7076.4,1119.89,1154.84
1256,maize,14.9772,15.0838,-0.042785,0.355507,0.067,1.0454,730.0,250.0,100.05,6871.2,1029.79,1152.06
1257,maize,17.0701,15.1203,0.046822,0.547086,0.0909,1.2341,730.0,220.0,100.05,7354.5,1180.64,1151.18
1258,maize,17.3534,15.1307,0.061795,0.718543,0.0815,1.0044,740.0,200.0,100.05,7536.7,1240.17,1150.01
1259,maize,13.6191,15.0727,-0.116393,3.609479,0.0738,1.0146,730.0,320.0,100.05,6617.9,896.48,1145.58
1260,maize,17.0896,15.0833,0.044418,0.762817,0.0903,1.1017,735.0,145.0,100.05,7457.9,1278.48,1148.31
1261,maize,13.7223,15.0576,-0.247368,2.808706,0.0842,1.3755,742.0,185.0,100.05,6901.4,1095.14,1146.5
1262,maize,20.5964,15.1319,0.098522,2.340698,0.0783,0.915,730.0,125.0,100.05,8274.1,1505.51,1152.55
1263,maize,15.594,15.1569,-0.075637,1.55234,0.0865,1.007,740.0,280.0,100.05,7213.1,1079.28,1152.69
1264,maize,16.5079,15.1446,-0.091815,1.685372,0.0943,0.9746,730.0,150.0,100.05,7992.7,1410.18,1153.24
1265,maize,17.3873,15.194,0.013556,1.00913,0.0824,1.1438,730.0,235.0,100.05,7719.8,1256.96,1154.56
1266,maize,16.5712,15.1598,-0.03534,0.555038,0.09,1.1814,732.0,140.0,100.05,7105.1,1197.07,1150.83
1267,maize,16.3146,15.1481,-0.039348,0.303202,0.0751,1.0618,730.0,235.0,100.05,7577.0,1221.26,1150.29
1268,maize,16.3845,15.1809,-0.023057,0.193128,0.1122,1.0375,740.0,185.0,100.05,7523.3,1251.83,1152.27
1269,maize,14.8502,15.1566,-0.091814,1.068495,0.1099,1.0441,744.0,290.0,100.05,6783.9,959.58,1147.61
1270,maize,10.7364,15.0816,-0.324537,7.772322,0.104,1.4763,732.0,260.0,100.05,6134.2,834.34,1141.59
1271,maize,12.8139,15.0341,-0.152011,1.429078,0.1175,1.3058,737.0,210.0,100.05,7289.4,1170.14,1139.42
1272,maize,15.6557,15.0783,0.021436,1.732386,0.109,1.0845,740.0,250.0,100.05,6422.4,911.59,1137.98
1273,maize,13.7815,15.0605,-0.024003,0.463427,0.1119,1.0702,736.0,160.0,100.05,6960.7,1138.58,1135.96
1274,maize,17.8645,15.1015,0.324901,7.013789,0.0951,0.9689,737.0,225.0,100.05,7374.0,1176.31,1136.29
1275,maize,17.0851,15.2076,0.269477,4.535247,0.0951,1.0428,742.0,220.0,100.05,6912.2,1062.86,1140.69
1276,maize,13.7434,15.2439,0.060217,1.541954,0.1086,1.0685,732.0,165.0,100.05,6598.5,1045.42,1142.51
1277,maize,12.7036,15.2445,0.001174,1.185703,0.1071,1.1166,730.0,335.0,100.05,6152.7,765.17,1139.99
1278,maize,11.5672,15.2177,-0.134942,4.102438,0.1092,1.0061,740.0,190.0,100.05,5228.7,673.18,1134.54
1279,maize,15.7248,15.2239,0.144269,2.85798,0.1072,1.1627,732.0,165.0,100.05,7160.4,1185.9,1133.68
1280,maize,18.1835,15.2528,0.239336,5.253995,0.1146,1.0608,730.0,140.0,100.05,7561.0,1312.26,1133.73
1281,maize,17.0644,15.2607,0.216594,4.564639,0.12,1.1587,734.0,245.0,100.05,7310.4,1142.19,1131.76
1282,maize,12.6441,15.209,-0.007378,0.680848,0.107,1.207,734.0,180.0,100.05,7199.7,1179.53,1130.51
1283,maize,19.2502,15.2871,0.246609,6.351662,0.1027,1.0066,734.0,195.0,100.05,7822.4,1320.2,1134.95
1284,maize,16.2699,15.3511,0.023793,0.569493,0.1157,1.0949,745.0,325.0,100.05,7090.6,1000.65,1134.73
1285,maize,16.5841,15.3552,0.090135,0.987234,0.1188,1.0343,740.0,395.0,100.05,7478.5,1030.62,1132.18
1286,maize,14.3421,15.3094,-0.034466,1.119431,0.125,1.0586,732.0,235.0,100.05,6699.3,1000.63,1128.49
1287,maize,14.6642,15.326,-0.08157,1.765404,0.1353,1.1948,732.0,220.0,100.05,6898.9,1065.52,1127.89
1288,maize,11.7101,15.2588,-0.214957,5.202994,0.1205,1.1531,734.0,305.0,100.05,6488.0,876.6,1122.7
1289,maize,14.6404,15.2407,-0.129312,2.593116,0.1236,1.0391,730.0,220.0,100.05,7187.7,1138.93,1122.92
1290,maize,15.9794,15.2406,-0.007808,0.49793,0.133,1.2028,730.0,365.0,100.05,7364.1,1038.03,1122.62
1291,maize,14.4217,15.2002,-0.04022,1.194379,0.135,1.0251,732.0,205.0,100.05,7054.7,1119.48,1119.09
1292,maize,16.9201,15.3084,0.084447,0.529838,0.1558,1.0296,742.0,150.0,100.05,7678.9,1324.52,1125.79
1293,maize,13.2583,15.3404,-0.13122,2.169172,0.1535,1.263,744.0,240.0,100.05,6561.4,953.96,1128.66
1294,maize,9.3425,15.2584,-0.454722,7.749122,0.1603,1.4587,741.0,340.0,100.05,5797.3,664.74,1121.72
1295,maize,16.6806,15.2479,0.059718,0.882642,0.1517,1.0912,744.0,290.0,100.05,7624.0,1169.61,1118.87
1296,maize,15.7936,15.3178,0.03502,0.281091,0.1666,1.0613,732.0,275.0,100.05,7597.8,1185.25,1121.53
1297,maize,16.7578,15.3491,0.110992,1.065607,0.1627,1.1628,741.0,105.0,100.05,7036.0,1209.4,1121.33
1298,maize,8.8502,15.235,-0.271069,7.554298,0.1464,1.2796,732.0,260.0,100.05,5849.1,763.08,1115.09
1299,maize,15.8974,15.2397,0.121279,1.624601,0.1423,1.1814,732.0,265.0,100.05,7104.8,1072.01,1113.78
1300,maize,13.2508,15.1989,-0.091981,0.74836,0.1614,1.2766,744.0,190.0,100.05,7260.5,1178.73,1112.7
1301,maize,14.9073,15.2019,0.041075,0.405228,0.1583,1.0591,730.0,245.0,100.05,7403.6,1167.9,1113.05
1302,maize,12.8478,15.1826,-0.062017,1.837454,0.1458,1.1013,742.0,190.0,100.05,6141.7,900.22,1110.21
1303,maize,16.3792,15.163,0.117429,1.109286,0.1562,1.0643,730.0,220.0,100.05,6627.7,998.92,1107.35
1304,maize,10.3358,15.1045,-0.34362,5.330642,0.1345,1.4137,752.0,365.0,100.05,6393.2,782.11,1103.75
1305,maize,16.8729,15.1235,0.121549,1.514838,0.1386,1.1474,730.0,190.0,100.05,7264.1,1188.02,1104.03
1306,maize,14.3643,15.1702,0.003934,0.493284,0.1365,1.0668,730.0,145.0,100.05,6521.8,1047.46,1104.29
1307,maize,13.8808,15.174,-0.11918,1.821103,0.1405,1.2393,732.0,160.0,100.05,6380.8,996.0,1103.62
1308,maize,12.6537,15.1261,-0.097848,1.198574,0.1461,1.1376,742.0,165.0,100.05,6410.1,992.34,1100.33
1309,maize,15.8658,15.113,0.074993,0.854731,0.1386,1.1709,732.0,175.0,100.05,7163.8,1176.74,1098.87
1310,maize,15.9121,15.075,0.149329,2.666898,0.1238,1.2064,730.0,255.0,100.05,7299.6,1131.9,1096.23
1311,maize,11.9942,15.0129,-0.13832,1.469366,0.132,1.2696,752.0,340.0,100.05,6895.8,932.74,1093.34
1312,maize,15.0318,15.0196,0.126008,1.857541,0.128,1.1803,734.0,210.0,100.05,6932.5,1082.73,1090.72
1313,maize,17.322,15.256,0.100446,2.390972,0.1321,1.0238,734.0,155.0,100.05,7817.7,1359.03,1106.35
1314,maize,15.7513,15.2782,0.134579,1.542042,0.132,1.2189,730.0,225.0,100.05,7249.7,1149.42,1106.78
1315,maize,15.5095,15.2715,-0.013779,0.369842,0.1306,1.1691,745.0,270.0,100.05,7000.2,1033.05,1104.53
1316,maize,17.6529,15.2804,0.070698,0.581714,0.1402,1.1676,740.0,90.0,100.05,7172.3,1259.07,1105.14
1317,maize,15.3733,15.3207,0.05618,0.455363,0.1337,1.2491,734.0,225.0,100.05,6894.6,1058.26,1108.61
1318,maize,16.3197,15.3052,0.042946,0.890692,0.1308,1.0607,742.0,150.0,100.05,7233.3,1213.13,1107.78
1319,maize,17.7298,15.3794,-0.009322,0.35073,0.1349,1.1837,734.0,275.0,100.05,7468.7,1151.78,1108.24
1320,maize,15.9324,15.3635,-0.080603,2.345071,0.1272,1.0386,730.0,205.0,100.05,7155.5,1145.88,1107.21
1321,maize,16.228,15.3349,-0.0191,1.025139,0.1339,1.0798,730.0,220.0,100.05,7258.3,1156.58,1105.5
1322,maize,15.0913,15.2977,-0.207267,2.719156,0.1294,1.1564,750.0,260.0,100.05,7027.3,1046.83,1102.28
1323,maize,18.0079,15.3071,-0.036614,0.514955,0.1318,1.2448,730.0,155.0,100.05,7551.4,1294.84,1103.52
1324,maize,14.1231,15.284,-0.240936,3.162827,0.1385,1.2383,734.0,190.0,100.05,6822.4,1075.21,1102.65
1325,maize,14.5954,15.2895,-0.165321,1.610128,0.1301,1.3481,734.0,245.0,100.05,7426.7,1171.28,1104.3
1326,maize,14.3905,15.2772,-0.100708,1.709625,0.1333,1.3538,730.0,160.0,100.05,7073.5,1170.39,1104.81
1327,maize,12.7311,15.2121,-0.161769,3.451534,0.1408,1.3311,732.0,305.0,100.05,6660.1,920.82,1101.73
1328,maize,12.0042,15.1859,-0.215685,3.256533,0.1377,1.3156,766.0,280.0,100.05,6868.5,977.52,1100.81
1329,maize,13.0226,15.1343,0.012514,1.004055,0.1292,1.3029,730.0,170.0,100.05,6943.8,1127.94,1099.1
1330,maize,16.591,15.1373,0.164766,1.738056,0.1407,1.0615,730.0,195.0,100.05,7125.2,1148.3,1099.3
1331,maize,15.7785,15.1509,0.193854,1.543953,0.1391,1.1204,744.0,145.0,100.05,7306.4,1235.2,1099.69
1332,maize,12.7275,15.1119,0.000617,0.430889,0.1374,1.3085,734.0,270.0,100.05,6804.1,990.62,1097.6
1333,maize,17.2872,15.1618,0.261471,3.791833,0.1403,1.0246,740.0,285.0,100.05,7228.7,1078.16,1098.31
1334,maize,11.3775,15.1614,-0.045933,0.763996,0.1523,1.3987,732.0,275.0,100.05,6517.4,915.16,1099.19
1335,maize,13.9089,15.1301,0.044677,0.908355,0.1835,1.0149,759.0,165.0,100.05,6887.5,1101.48,1097.95
1336,maize,11.9196,15.0983,-0.004961,0.372687,0.1686,1.2425,734.0,330.0,100.05,6581.9,875.07,1094.4
1337,maize,14.5549,15.1155,0.163848,2.263058,0.1662,1.0474,732.0,190.0,100.05,6312.8,949.0,1093.34
1338,maize,13.6155,15.0519,0.066516,1.417184,0.1667,1.2518,732.0,275.0,100.05,7130.4,1068.4,1089.98
1339,maize,8.7893,14.9694,-0.18499,3.50739,0.164,1.1736,734.0,205.0,100.05,5511.1,732.38,1085.98
1340,maize,13.2539,14.9163,0.054946,1.444786,0.1747,1.3741,732.0,150.0,100.05,6452.4,1023.91,1082.72
1341,maize,13.3712,14.9173,0.118118,1.17145,0.1831,1.1237,750.0,185.0,100.05,7524.8,1246.21,1084.48
1342,maize,17.1949,14.9067,0.207983,4.361715,0.196,1.0248,738.0,150.0,100.05,6859.4,1122.04,1083.38
1343,maize,16.6039,14.9312,0.28455,4.286256,0.1854,1.1483,736.0,255.0,100.05,7296.6,1127.54,1085.41
1344,maize,14.2644,14.9073,0.113588,1.669284,0.1917,1.2143,736.0,280.0,100.05,7106.2,1054.96,1086.53
1345,maize,14.6213,14.9304,0.035441,1.255672,0.1868,1.2282,734.0,150.0,100.05,7619.2,1314.39,1089.21
1346,maize,15.3555,14.953,0.076836,0.743423,0.2052,1.1754,734.0,175.0,100.05,7193.8,1183.04,1090.33
1347,maize,10.8971,14.9097,-0.343486,5.384004,0.2251,1.4369,754.0,410.0,100.05,6327.9,719.59,1085.1
1348,maize,16.4424,14.9372,0.025475,0.62296,0.2026,1.2511,732.0,225.0,100.05,7207.2,1137.59,1087.01
1349,maize,12.7778,14.9081,-0.338743,3.928209,0.2023,1.0847,762.0,185.0,100.05,6644.6,1018.94,1085.08
1350,maize,19.4945,14.9413,0.056659,1.702632,0.2355,0.9804,738.0,110.0,100.05,7678.5,1366.82,1088.54
1351,maize,17.3647,14.9702,-0.107872,1.152472,0.2026,1.1231,730.0,105.0,100.05,7316.7,1286.18,1089.68
1352,maize,12.564,14.9254,-0.343571,4.412829,0.2184,1.2866,742.0,235.0,100.05,7088.1,1091.83,1088.57
1353,maize,9.0704,14.8959,-0.694015,16.151527,0.2062,1.1889,748.0,50.0,100.05,6294.6,1074.84,1092.73
1354,maize,18.3167,14.9035,-0.008276,1.362259,0.1851,1.0581,732.0,320.0,100.05,7906.9,1217.53,1092.19
1355,maize,14.5692,14.8776,-0.125662,2.632479,0.2019,1.077,732.0,175.0,100.05,7180.4,1180.9,1092.8
1356,maize,15.3675,14.8815,-0.190993,1.524318,0.1841,1.3148,738.0,320.0,100.05,7578.9,1131.93,1093.82
1357,maize,18.6983,14.8978,0.072969,2.522994,0.1754,0.8751,730.0,105.0,100.05,7224.3,1263.09,1094.65
1358,maize,12.4123,14.8484,-0.29087,3.557495,0.1785,1.4243,749.0,210.0,100.05,6987.5,1087.47,1093.12
1359,maize,14.7849,14.8601,-0.127118,1.739214,0.1911,1.2009,744.0,190.0,100.05,6840.9,1073.83,1094.89
1360,maize,16.0679,14.8498,-0.03291,0.531386,0.1644,0.9926,734.0,140.0,100.05,6635.2,1078.39,1092.89
1361,maize,14.149,14.8541,-0.014984,0.286807,0.1532,1.0333,734.0,275.0,100.05,6843.1,995.38,1091.89
1362,maize,16.499,14.8131,0.157167,2.819652,0.1726,1.114,736.0,215.0,100.05,7251.2,1156.21,1088.4
1363,maize,1.8329,14.6755,-0.669839,33.57753,0.1488,1.3495,730.0,195.0,100.05,4017.4,371.35,1081.32
1364,maize,18.3131,14.6936,0.214964,8.265865,0.1489,1.0981,732.0,140.0,100.05,7569.1,1313.07,1080.35
1365,maize,13.3968,14.6537,0.077407,1.227541,0.1398,1.2118,734.0,165.0,100.05,7412.7,1247.78,1080.26
1366,maize,14.029,14.6282,0.07564,1.165196,0.1442,1.0622,732.0,205.0,100.05,7065.9,1122.28,1079.51
1367,maize,14.5772,14.6109,0.051474,4.885615,0.1418,1.2221,730.0,240.0,100.05,7194.4,1120.59,1078.5
1368,maize,15.8219,14.6052,0.112094,5.448663,0.1284,1.2114,734.0,140.0,100.05,7156.0,1208.59,1078.07
1369,maize,15.3776,14.6105,0.218844,3.114701,0.1397,1.1902,742.0,445.0,100.05,7274.2,928.35,1077.76
1370,maize,12.488,14.628,-0.130474,3.166517,0.1212,1.3311,730.0,300.0,100.05,6515.7,890.93,1078.32
1371,maize,15.9916,14.6598,0.168759,3.00719,0.1325,1.0804,730.0,195.0,100.05,7410.8,1219.69,1078.82
1372,maize,18.8841,14.6921,0.177946,4.900367,0.1318,1.011,732.0,205.0,100.05,7715.3,1284.62,1082.55
1373,maize,16.8369,14.7226,0.101692,1.767522,0.1207,0.9942,730.0,240.0,100.05,7594.1,1220.52,1083.37
1374,maize,13.2165,14.6762,-0.082457,1.042305,0.1266,1.1842,732.0,235.0,100.05,7338.8,1160.5,1083.21
1375,maize,14.3225,14.6485,-0.076323,1.647719,0.1031,1.0171,730.0,205.0,100.05,6509.4,984.35,1082.43
1376,maize,17.7115,14.6882,0.105484,2.051989,0.1116,0.9623,740.0,100.0,100.05,7937.8,1440.44,1086.38
1377,maize,16.9124,14.7303,-0.002249,0.172465,0.1069,1.0013,732.0,160.0,100.05,7236.6,1209.96,1090.82
1378,maize,10.3205,14.7178,-0.228732,8.201853,0.0915,1.2173,730.0,365.0,100.05,6095.8,720.94,1091.3
1379,maize,18.4504,14.7451,0.125065,2.148967,0.0882,1.0336,730.0,370.0,100.05,7554.1,1080.52,1090.25
1380,maize,18.5354,14.7486,0.128548,1.866213,0.0966,0.9696,730.0,290.0,100.05,7859.1,1236.78,1089.49
1381,maize,11.0204,14.6882,-0.135006,12.402514,0.0884,0.9922,732.0,230.0,100.05,5497.9,705.28,1085.12
1382,maize,15.1581,14.7133,-0.085943,1.293,0.0869,0.9934,732.0,280.0,100.05,6834.1,989.33,1083.22
1383,maize,14.366,14.6645,-0.221929,4.26447,0.0866,0.9796,734.0,115.0,100.05,6871.6,1162.51,1081.65
1384,maize,15.2615,14.6544,-0.057618,0.707684,0.0909,1.0541,732.0,320.0,100.05,7088.9,1013.03,1081.77
1385,maize,14.5577,14.6341,-0.100536,2.153975,0.0805,1.0149,730.0,365.0,100.05,7009.4,949.34,1080.96
1386,maize,9.5593,14.5863,-0.306826,8.976752,0.0778,1.3581,740.0,280.0,100.05,6239.9,835.98,1079.31
1387,maize,13.5488,14.5751,-0.075437,0.952334,0.073,1.1734,732.0,275.0,100.05,7144.7,1071.97,1079.37
1388,maize,17.2397,14.6304,0.037985,1.186222,0.0665,0.9644,730.0,190.0,100.05,7405.4,1223.36,1082.84
1389,maize,15.3201,14.6372,0.079258,1.101588,0.0549,0.947,735.0,225.0,100.05,7117.6,1113.4,1082.59
1390,maize,17.7099,14.6545,0.14248,3.52259,0.0505,1.0472,730.0,130.0,100.05,7179.8,1226.95,1084.48
1391,maize,10.8235,14.6186,-0.074413,1.449678,0.0534,1.2759,732.0,200.0,100.05,6436.5,969.92,1082.98
1392,maize,13.1153,14.5805,-0.017973,1.093974,0.0466,0.9004,730.0,120.0,100.05,6163.1,982.76,1079.56
1393,maize,12.9105,14.577,0.010769,0.52717,0.0497,1.0053,730.0,225.0,100.05,6578.8,981.69,1079.84
1394,maize,15.754,14.6411,0.190023,2.481124,0.0466,1.2063,730.0,225.0,100.05,7353.1,1175.27,1084.95
1395,maize,19.4922,14.6693,0.169539,12.800058,0.0343,0.9228,730.0,195.0,100.05,7905.6,1343.41,1086.68
1396,maize,15.7938,14.6693,0.036649,2.01678,0.0406,0.9277,730.0,210.0,100.05,7415.7,1205.93,1086.89
1397,maize,19.0299,14.692,0.226756,9.573206,0.0284,0.8783,730.0,225.0,100.05,7925.6,1318.41,1087.98
1398,maize,17.0877,14.7744,0.070159,4.504071,0.0329,0.963,730.0,270.0,100.05,7466.0,1158.49,1091.93
1399,maize,16.535,14.7807,0.100871,1.884971,0.0324,0.8477,732.0,190.0,100.05,7662.5,1286.42,1094.08
1400,maize,12.2719,14.771,-0.099193,1.809057,0.0285,1.1262,730.0,260.0,100.05,7034.6,1060.64,1092.9
1401,maize,12.5832,14.7477,-0.128782,2.104338,0.034,1.2169,732.0,160.0,100.05,6978.4,1145.4,1092.67
1402,maize,14.4321,14.7636,-0.051319,1.173855,0.0283,0.8166,740.0,140.0,100.05,6323.7,996.93,1093.64
1403,maize,17.1097,14.7709,0.04332,0.796319,0.0237,0.8967,732.0,340.0,100.05,6619.9,875.77,1092.41
1404,maize,15.666,14.8242,0.001824,0.796155,0.032,0.9814,732.0,185.0,100.05,7423.3,1231.62,1096.9
1405,maize,18.6024,14.8415,0.048532,1.123611,0.0298,0.7236,730.0,100.0,100.05,7741.1,1397.28,1099.0
1406,maize,15.0947,14.8488,-0.013807,0.564093,0.0304,1.0043,730.0,195.0,100.05,7050.2,1129.54,1099.82
1407,maize,11.9893,14.8298,-0.09655,5.209847,0.0302,0.8192,730.0,170.0,100.05,5982.9,887.74,1098.73
1408,maize,14.6303,14.8496,0.003439,0.580778,0.0253,0.9042,730.0,230.0,100.05,6919.6,1061.89,1099.43
1409,maize,17.4715,14.8657,0.061174,1.415279,0.0201,0.7111,730.0,185.0,100.05,7653.1,1290.27,1100.57
1410,maize,19.6086,14.9026,0.037084,1.518152,0.0186,0.7131,730.0,150.0,100.05,7711.5,1339.88,1102.65
1411,maize,14.9011,14.9317,-0.040875,0.555254,0.0306,0.9067,730.0,215.0,100.05,7199.6,1146.9,1104.79
1412,maize,17.3614,14.955,-0.01156,0.825945,0.0275,0.9191,730.0,100.0,100.05,7374.1,1305.52,1107.01
1413,maize,10.7783,14.8896,-0.125467,12.255879,0.0222,0.8103,730.0,155.0,100.05,5513.0,785.24,1101.28
1414,maize,19.217,14.9242,0.103507,3.77635,0.0144,0.6998,730.0,80.0,100.05,7870.1,1449.52,1104.28
1415,maize,16.7243,14.9364,0.025228,1.030958,0.0172,0.7209,730.0,85.0,100.05,7437.9,1336.47,1107.31
1416,maize,16.9361,14.9292,0.019592,0.589065,0.0192,0.7158,730.0,110.0,100.05,7204.3,1253.09,1107.25
1417,maize,17.1032,14.9465,0.034267,0.641737,0.0204,0.8381,730.0,175.0,100.05,7273.4,1205.35,1108.72
1418,maize,15.1529,14.9348,0.000994,0.36121,0.0243,0.9409,730.0,240.0,100.05,7256.0,1135.99,1107.95
1419,maize,17.8609,14.9361,-0.006557,0.236297,0.0235,0.8487,732.0,290.0,100.05,7526.5,1152.42,1107.96
1420,maize,13.4303,14.9111,-0.134936,4.851433,0.0222,0.9579,730.0,315.0,100.05,6913.7,975.42,1106.25
1421,maize,17.0269,14.9191,-0.036786,0.682014,0.023,0.8292,730.0,200.0,100.05,7514.1,1240.54,1107.09
1422,maize,11.3044,14.8812,-0.240709,12.481519,0.0259,0.8804,730.0,225.0,100.05,6381.7,932.44,1105.95
1423,maize,17.6681,14.8778,-0.032149,0.536513,0.0226,0.7986,730.0,140.0,100.05,7510.6,1299.66,1106.0
1424,maize,12.7723,14.8643,-0.175838,10.721514,0.0248,0.8983,730.0,340.0,100.05,5828.6,679.15,1102.04
1425,maize,14.9454,14.8678,-0.099721,2.215283,0.0212,0.736,730.0,70.0,100.05,7102.2,1267.54,1103.0
1426,maize,15.6264,14.8802,-0.007875,0.414466,0.0213,0.7708,730.0,120.0,100.05,7497.5,1316.37,1104.46
1427,maize,13.2247,14.8851,-0.052047,2.474045,0.017,0.7273,730.0,140.0,100.05,6692.4,1095.1,1106.2
1428,maize,16.6818,14.9319,0.034042,0.589327,0.0186,0.7251,730.0,135.0,100.05,7419.6,1281.89,1109.25
1429,maize,14.3742,14.9454,-0.043215,0.620739,0.019,0.746,730.0,100.0,100.05,6946.4,1198.59,1109.95
1430,maize,11.0182,14.8897,-0.088289,3.554667,0.0159,0.7103,730.0,230.0,100.05,5962.3,822.57,1106.7
1431,maize,13.75,14.8694,0.002743,0.710557,0.0135,0.6971,730.0,95.0,100.05,7611.5,1369.87,1108.04
1432,maize,15.4042,14.8962,0.031703,0.845139,0.0198,0.6214,730.0,50.0,100.05,7287.1,1333.76,1111.47
1433,maize,12.0351,14.8437,-0.00094,0.486205,0.0178,0.6991,730.0,100.0,100.05,6484.1,1083.04,1111.52
1434,maize,12.2812,14.8527,0.006666,0.878286,0.0208,0.6723,732.0,140.0,100.05,6612.6,1073.96,1113.11
1435,maize,11.2037,14.8256,-0.042583,1.959341,0.019,0.5891,730.0,65.0,100.05,6319.3,1076.82,1112.86
1436,maize,14.3966,14.8504,0.076238,1.816963,0.021,0.5782,730.0,95.0,100.05,7433.1,1325.27,1117.37
1437,maize,15.557,14.8604,0.070541,4.054827,0.0116,0.5972,730.0,130.0,100.05,7306.3,1258.57,1120.46
1438,maize,13.7693,14.862,0.007628,0.841417,0.0151,0.6187,730.0,45.0,100.05,6447.0,1128.74,1121.06
1439,maize,16.0663,14.9347,0.197042,4.789324,0.0144,0.5807,730.0,135.0,100.05,7818.4,1381.6,1127.56
1440,maize,18.2395,14.9846,0.037932,5.989513,0.0153,0.4449,730.0,40.0,100.05,7218.1,1326.53,1130.58
1441,maize,14.1064,14.9919,0.005587,3.385802,0.0182,0.515,730.0,0.0,100.05,6224.3,1118.07,1129.3
1442,maize,15.662,14.9766,0.055357,1.713895,0.0198,0.5382,730.0,140.0,100.05,7000.3,1172.08,1129.8
1443,maize,15.0875,14.9614,0.019484,0.313683,0.0175,0.5626,732.0,130.0,100.05,7123.8,1211.74,1130.64
1444,maize,9.8558,14.9174,-0.10537,6.308681,0.0213,0.6064,730.0,150.0,100.05,6248.8,974.21,1129.84
1445,maize,13.7051,14.9082,-0.006838,0.420432,0.0158,0.4829,730.0,80.0,100.05,7216.5,1286.13,1129.55
1446,maize,15.4335,14.909,0.001862,1.031024,0.0165,0.3779,730.0,85.0,100.05,6752.0,1164.99,1129.37
1447,maize,13.3979,14.934,-0.017002,2.357975,0.016,0.5254,730.0,0.0,100.05,7393.6,1410.4,1136.28
1448,maize,18.1518,14.9511,0.056535,2.593541,0.0135,0.432,730.0,50.0,100.05,6593.5,1160.37,1136.51
1449,maize,14.7376,14.9707,-0.003899,0.259883,0.0178,0.508,730.0,50.0,100.05,6963.8,1252.96,1138.85
1450,maize,15.1044,14.9268,-0.044185,0.765128,0.0175,0.4466,732.0,170.0,100.05,6982.0,1136.3,1136.54
1451,maize,15.7931,14.9111,-0.02235,0.678269,0.0198,0.3977,730.0,90.0,100.05,7281.8,1292.45,1136.61
1452,maize,13.7759,14.9232,-0.038688,0.748794,0.0166,0.5303,730.0,75.0,100.05,6450.0,1099.5,1136.68
1453,maize,15.6247,14.9887,0.002774,2.212309,0.0221,0.618,730.0,20.0,100.05,6929.3,1274.31,1138.68
1454,maize,19.9025,15.0046,0.058201,7.661192,0.016,0.4697,730.0,15.0,100.05,7685.7,1468.42,1141.19
1455,maize,7.5758,14.9346,-0.163674,12.839625,0.0203,0.5691,732.0,90.0,100.05,4703.8,646.75,1135.85
1456,maize,13.7105,14.9181,0.002865,0.90676,0.0185,0.458,732.0,40.0,100.05,6465.1,1137.07,1135.9
1457,maize,11.9176,14.8503,-0.014516,1.628247,0.0181,0.4587,730.0,40.0,100.05,5517.6,901.41,1132.28
1458,maize,11.1927,14.8381,-0.022807,1.667677,0.0174,0.5304,732.0,60.0,100.05,5762.1,941.32,1130.82
1459,maize,14.123,14.8315,0.003101,1.315089,0.016,0.4073,730.0,20.0,100.05,7197.8,1341.46,1133.5
1460,maize,18.8503,14.8593,0.070752,8.279139,0.0165,0.4822,730.0,70.0,100.05,7521.9,1372.49,1136.44
1461,maize,6.4026,14.7818,-0.07431,9.16759,0.019,0.6154,730.0,50.0,100.05,4827.3,718.83,1133.67
1462,maize,8.7281,14.7041,-0.064162,4.122115,0.0136,0.6126,730.0,160.0,100.05,4974.0,645.5,1128.56
1463,maize,16.2132,14.8479,0.068048,5.444874,0.0126,0.5665,730.0,130.0,100.05,7399.9,1281.97,1137.67
1464,maize,16.397,14.8287,0.077319,13.142646,0.0151,0.5939,730.0,100.0,100.05,7608.2,1364.06,1138.18
1465,maize,18.7242,14.882,0.155648,13.216949,0.0107,0.3874,730.0,105.0,100.05,7719.3,1386.82,1139.57
1466,maize,15.0078,14.8918,0.022256,5.713693,0.0183,0.6172,730.0,50.0,100.05,7327.6,1343.89,1141.79
1467,maize,10.9294,14.8553,-0.031604,4.798153,0.0165,0.8086,730.0,135.0,100.05,6524.9,1058.24,1141.16
1468,maize,15.5417,14.8525,0.084991,6.812535,0.0124,0.6647,730.0,145.0,100.05,7206.8,1218.71,1141.26
1469,maize,12.8786,14.8275,0.048759,2.538407,0.0172,0.9334,730.0,30.0,100.05,6820.2,1237.05,1144.35
1470,maize,15.8331,14.861,0.102443,4.873936,0.0104,0.7642,730.0,235.0,100.05,7274.9,1145.73,1146.9
1471,maize,12.002,14.8211,0.042718,0.587496,0.0167,0.8849,730.0,160.0,100.05,6961.0,1142.26,1146.12
1472,maize,7.2644,14.7049,-0.080784,11.422586,0.0139,0.7038,730.0,100.0,100.05,4607.3,613.83,1139.42
1473,maize,14.6967,14.6835,0.031295,0.649917,0.01,0.8206,730.0,125.0,100.05,7072.7,1205.17,1139.26
1474,maize,18.0948,14.7323,0.057215,3.004897,0.0136,0.8128,730.0,55.0,100.05,7001.3,1257.34,1140.23
1475,maize,12.7252,14.7163,-0.080197,1.837271,0.0159,0.9639,730.0,110.0,100.05,6652.7,1115.18,1141.54
1476,maize,13.456,14.6738,-0.029849,2.180142,0.0148,0.876,730.0,110.0,100.05,6852.5,1165.13,1138.79
1477,maize,12.5737,14.6304,-0.087965,2.969964,0.0188,1.0854,730.0,205.0,100.05,6694.7,1030.66,1136.99
1478,maize,13.6589,14.6637,-0.066149,1.722128,0.0169,0.9107,730.0,175.0,100.05,6772.3,1080.07,1140.59
1479,maize,12.4691,14.6039,-0.144639,3.077002,0.0163,1.1219,730.0,155.0,100.05,7042.7,1167.68,1141.46
1480,maize,14.0352,14.5589,0.004752,1.226675,0.0131,0.9104,730.0,100.0,100.05,6866.1,1178.52,1140.87
1481,maize,15.1799,14.6005,0.014252,0.893608,0.0148,0.9394,730.0,115.0,100.05,6611.9,1099.96,1144.82
1482,maize,14.7737,14.5967,-0.049083,0.555694,0.0189,1.0542,730.0,215.0,100.05,7030.7,1104.68,1145.97
1483,maize,4.5906,14.4989,-0.298422,32.765148,0.0167,1.0936,730.0,360.0,100.05,3999.7,201.93,1136.37
1484,maize,13.0668,14.477,-0.097483,1.228834,0.0182,0.898,730.0,305.0,100.05,6442.7,867.69,1134.92
1485,maize,11.381,14.4452,-0.077269,1.113387,0.0183,0.9982,730.0,110.0,100.05,6134.8,985.69,1135.28
1486,maize,6.182,14.4114,-0.178916,11.653649,0.0157,0.9651,732.0,160.0,100.05,4188.7,447.96,1131.4
1487,maize,18.8476,14.4644,0.126109,8.499578,0.0182,0.9092,730.0,215.0,100.05,7565.3,1238.33,1133.06
1488,maize,12.91,14.4211,0.014981,0.344608,0.016,0.9193,730.0,160.0,100.05,6536.9,1036.22,1131.19
1489,maize,13.8068,14.406,0.057157,2.192381,0.0188,0.9409,730.0,150.0,100.05,6956.7,1151.18,1131.57
1490,maize,14.7796,14.3767,0.131264,3.266201,0.0137,0.9294,730.0,135.0,100.05,6199.1,976.78,1129.07
1491,maize,17.5484,14.4439,0.123705,10.010678,0.0149,0.9246,730.0,235.0,100.05,7487.8,1198.95,1131.36
1492,maize,14.7795,14.4606,0.077935,2.446595,0.0132,0.8832,732.0,145.0,100.05,6935.9,1149.79,1133.03
1493,maize,13.6896,14.4684,0.060078,1.004686,0.0116,1.0619,730.0,290.0,100.05,6756.0,961.01,1132.82
1494,maize,13.5297,14.4461,0.036862,1.306084,0.0158,0.9161,730.0,135.0,100.05,6999.8,1176.94,1132.84
1495,maize,11.5245,14.3665,-0.036984,0.619994,0.0185,1.1193,730.0,240.0,100.05,6324.9,903.23,1128.44
1496,maize,15.4632,14.3632,0.056284,1.620111,0.0136,0.9013,730.0,215.0,100.05,7081.0,1117.25,1127.55
1497,maize,11.359,14.2864,-0.189835,3.90406,0.0201,1.1743,730.0,245.0,100.05,6452.0,929.99,1123.66
1498,maize,16.4984,14.2806,0.094862,2.457854,0.0148,0.97,730.0,185.0,100.05,7131.5,1159.88,1123.68
1499,maize,15.5552,14.2708,0.033177,0.579311,0.0149,0.9184,730.0,80.0,100.05,7088.5,1254.12,1123.36
1500,maize,15.0242,14.2983,-0.022568,0.643213,0.0157,0.8909,730.0,205.0,100.05,6944.2,1093.05,1123.68
1501,maize,11.3851,14.2863,-0.064083,11.231545,0.0107,0.8327,730.0,90.0,100.05,5701.6,897.4,1121.2
1502,maize,17.2618,14.3146,0.001738,0.781121,0.013,0.991,730.0,180.0,100.05,7525.4,1263.34,1123.86
1503,maize,15.1891,14.2954,-0.029581,2.608687,0.0113,0.7365,732.0,80.0,100.05,7283.0,1301.54,1128.12
1504,maize,12.1327,14.2601,-0.18565,4.47093,0.0133,1.1187,730.0,160.0,100.05,6706.9,1078.73,1126.59
1505,maize,19.5577,14.2696,0.046049,1.419673,0.0101,0.8742,730.0,270.0,100.05,7728.3,1224.08,1124.86
1506,maize,15.0273,14.2689,-0.086215,2.738163,0.0113,0.8684,732.0,220.0,100.05,6632.9,999.02,1123.56
1507,maize,15.6849,14.3059,-0.037438,1.032118,0.0108,0.9218,730.0,155.0,100.05,7204.7,1208.16,1126.76
1508,maize,16.5058,14.3246,0.044088,0.470717,0.0097,1.0042,730.0,250.0,100.05,7398.1,1161.52,1127.76
1509,maize,16.4759,14.3147,-0.017706,0.258543,0.0083,0.9193,730.0,190.0,100.05,7553.2,1260.3,1127.46
1510,maize,16.6343,14.2849,0.048695,1.060606,0.0082,0.8821,730.0,155.0,100.05,7439.7,1266.93,1126.73
1511,maize,12.2995,14.2589,-0.038222,5.395544,0.0056,0.8823,730.0,175.0,100.05,5922.6,867.66,1123.93
1512,maize,14.8656,14.234,0.020582,0.420916,0.0074,1.0466,730.0,200.0,100.05,7015.6,1115.89,1122.04
1513,maize,12.1336,14.2475,-0.092038,2.54578,0.0093,1.1831,730.0,385.0,100.05,6891.6,899.89,1123.18
1514,maize,16.7315,14.2227,0.074052,0.737917,0.0061,0.8538,730.0,165.0,100.05,7320.1,1227.03,1120.96
1515,maize,10.8409,14.1638,-0.158692,5.056328,0.0085,1.0852,730.0,280.0,100.05,6522.1,912.51,1116.72
1516,maize,18.6491,14.181,0.115198,4.110319,0.0042,0.8808,730.0,65.0,100.05,7479.8,1366.96,1117.86
1517,maize,15.7327,14.1673,0.050243,0.326952,0.0075,0.8591,732.0,285.0,100.05,7504.2,1151.86,1117.32
1518,maize,10.4547,14.1203,-0.084478,6.666341,0.0045,0.8955,730.0,140.0,100.05,6226.8,978.7,1115.75
1519,maize,13.8166,14.0798,0.011173,1.917286,0.0048,0.8451,730.0,160.0,100.05,6307.9,978.98,1114.02
1520,maize,15.5771,14.1013,0.086002,0.89448,0.0041,0.8556,730.0,175.0,100.05,7333.6,1220.4,1116.47
1521,maize,15.0023,14.0811,0.045278,0.897138,0.0035,0.8286,730.0,150.0,100.05,6832.1,1120.02,1115.26
1522,maize,15.989,14.1279,0.014744,1.563367,0.0045,0.8274,730.0,140.0,100.05,7419.4,1276.85,1118.71
1523,maize,9.9077,14.0503,-0.151021,8.945183,0.0077,1.0192,730.0,135.0,100.05,5869.8,894.46,1114.65
1524,maize,14.6053,14.0686,-0.042633,0.685337,0.006,0.8541,730.0,150.0,100.05,6839.4,1121.85,1119.08
1525,maize,15.3426,14.0726,0.000675,0.364387,0.0064,0.8684,730.0,120.0,100.05,7064.0,1208.01,1118.48
1526,maize,18.1532,14.0979,0.108626,5.224484,0.0041,0.8367,730.0,105.0,100.05,8128.8,1489.21,1120.21
1527,maize,15.9318,14.1249,0.01775,0.659691,0.006,0.8508,730.0,305.0,100.05,6557.3,896.33,1118.23
1528,maize,13.2953,14.0911,-0.128618,2.207275,0.0081,1.1488,730.0,225.0,100.05,6785.9,1033.47,1115.74
1529,maize,16.2323,14.1097,0.031141,0.494647,0.0049,0.8561,730.0,140.0,100.05,7398.6,1271.66,1116.47
1530,maize,10.9018,14.1085,-0.163015,5.700037,0.0065,1.236,730.0,165.0,100.05,6267.4,963.86,1117.88
1531,maize,16.897,14.14,0.016496,0.520505,0.0063,0.7863,730.0,140.0,100.05,7869.6,1389.4,1118.08
1532,maize,13.7703,14.1236,-0.026889,1.186195,0.0039,0.855,730.0,255.0,100.05,6381.1,902.28,1113.77
1533,maize,14.7589,14.1509,-0.064509,0.858733,0.0061,0.9193,730.0,310.0,100.05,7466.3,1118.56,1114.12
1534,maize,13.1752,14.1598,-0.101738,1.449427,0.0065,1.0495,730.0,205.0,100.05,7344.3,1193.06,1115.31
1535,maize,16.7186,14.215,0.106396,1.857986,0.0038,0.8582,732.0,230.0,100.05,7495.0,1204.56,1116.59
1536,maize,14.476,14.2157,0.017489,1.404347,0.0057,0.7993,730.0,190.0,100.05,6124.7,903.17,1112.37
1537,maize,14.8751,14.2089,0.016509,0.229717,0.0048,0.8733,730.0,230.0,100.05,7391.1,1179.77,1111.58
1538,maize,14.5479,14.2167,0.043391,0.483911,0.0052,0.9727,730.0,225.0,100.05,7205.6,1138.4,1111.68
1539,maize,9.2141,14.1482,-0.135059,4.840666,0.0063,1.1423,730.0,320.0,100.05,6275.3,810.83,1105.97
1540,maize,12.7818,14.0936,-0.027371,0.471378,0.0072,1.0805,730.0,230.0,100.05,6952.0,1070.01,1103.4
1541,maize,19.6036,14.1486,0.149084,6.777694,0.0037,0.829,730.0,130.0,100.05,7919.6,1411.91,1106.34
1542,maize,17.1356,14.1633,0.032658,1.7896,0.0071,0.9865,730.0,105.0,100.05,7251.3,1269.83,1107.32
1543,maize,16.0923,14.1734,0.050462,1.809088,0.0068,0.8461,730.0,205.0,100.05,7284.2,1178.05,1106.98
1544,maize,13.4558,14.2094,-0.008345,0.348591,0.0054,0.8678,730.0,150.0,100.05,6857.4,1126.35,1108.5
1545,maize,11.4472,14.1868,-0.024776,1.993584,0.0049,0.869,730.0,160.0,100.05,5875.3,870.83,1104.35
1546,maize,13.3223,14.1657,-0.034073,0.649729,0.009,1.1506,730.0,170.0,100.05,7057.0,1156.26,1104.26
1547,maize,17.2753,14.2045,0.07062,2.537149,0.0061,0.8237,730.0,115.0,100.05,7804.1,1398.03,1104.14
1548,maize,18.5118,14.2081,0.197853,7.488397,0.003,0.8544,730.0,175.0,100.05,7822.9,1342.72,1105.96
1549,maize,11.5487,14.1762,-0.059038,0.762879,0.0068,1.1008,732.0,240.0,100.05,6898.8,1045.5,1103.89
1550,maize,17.407,14.1992,0.072446,2.658036,0.0052,0.7734,730.0,120.0,100.05,7946.4,1428.59,1106.81
1551,maize,18.9332,14.2306,0.108911,4.00233,0.007,0.891,730.0,135.0,100.05,7705.2,1353.31,1107.42
1552,maize,15.8016,14.2509,0.043436,1.16826,0.007,0.8282,730.0,125.0,100.05,7309.3,1264.34,1109.07
1553,maize,12.1478,14.2161,-0.136363,2.954597,0.008,1.0273,730.0,235.0,100.05,6777.2,1021.31,1106.54
1554,maize,9.8642,14.1157,-0.185462,9.1407,0.0091,0.9998,730.0,205.0,100.05,5513.6,735.41,1099.21
1555,maize,10.2489,14.1424,-0.01156,8.18029,0.0048,0.7607,730.0,155.0,100.05,5418.5,761.61,1100.36
1556,maize,12.827,14.1336,-0.069596,1.275594,0.0099,1.2004,730.0,195.0,100.05,6857.5,1081.37,1099.8
1557,maize,16.9509,14.1839,0.04119,1.248488,0.0074,0.8795,730.0,165.0,100.05,7558.0,1286.49,1103.65
1558,maize,14.9944,14.2219,0.007404,0.372112,0.0071,0.9268,730.0,110.0,100.05,7122.9,1232.73,1106.57
1559,maize,11.1504,14.1922,-0.066539,3.613938,0.0063,1.0098,730.0,160.0,100.05,6336.0,985.99,1103.01
1560,maize,15.7087,14.1608,0.06229,1.258352,0.005,0.829,730.0,195.0,100.05,7712.0,1294.99,1102.24
1561,maize,18.938,14.2862,0.091293,4.428471,0.0052,0.8127,730.0,95.0,100.05,7883.9,1437.98,1109.43
1562,maize,16.5401,14.3643,0.033716,0.728129,0.0082,0.8232,730.0,120.0,100.05,7589.3,1339.32,1116.37
1563,maize,15.4326,14.3565,0.003369,0.259684,0.0075,0.9403,730.0,130.0,100.05,7281.4,1252.34,1116.07
1564,maize,17.7936,14.3704,0.002444,1.523585,0.0067,0.8334,730.0,130.0,100.05,7648.5,1344.12,1115.87
1565,maize,17.5178,14.3584,-0.004424,0.263237,0.0053,0.8215,730.0,110.0,100.05,7373.3,1295.33,1114.95
1566,maize,16.6544,14.3748,0.013934,0.374139,0.0038,0.7888,730.0,195.0,100.05,7726.6,1298.65,1114.5
1567,maize,14.0761,14.4063,-0.053726,5.324987,0.0033,0.7569,730.0,140.0,100.05,6426.8,1028.7,1114.21
1568,maize,17.0278,14.4212,-0.01429,0.336293,0.0049,0.9232,730.0,75.0,100.05,7298.7,1311.67,1115.14
1569,maize,12.5737,14.4181,-0.11304,8.423687,0.0077,0.7895,730.0,135.0,100.05,6788.8,1124.21,1114.01
1570,maize,12.9252,14.389,-0.207896,9.391688,0.0065,0.8008,732.0,145.0,100.05,6353.9,1004.27,1112.59
1571,maize,15.5984,14.425,-0.094443,3.080796,0.0083,0.8556,730.0,190.0,100.05,7448.7,1234.16,1113.51
1572,maize,16.4342,14.5167,-0.012897,0.439536,0.005,0.7945,732.0,170.0,100.05,7400.6,1240.94,1119.78
1573,maize,16.9834,14.5396,0.014008,0.602849,0.0056,0.7664,730.0,170.0,100.05,7450.0,1254.49,1120.28
1574,maize,14.4684,14.5033,-0.067769,1.480183,0.0064,0.7838,730.0,150.0,100.05,7300.0,1237.0,1120.07
1575,maize,11.0767,14.4868,-0.120187,8.951588,0.0058,0.8088,730.0,105.0,100.05,5805.9,908.48,1118.01
1576,maize,15.525,14.5075,-0.028523,0.434579,0.005,0.947,730.0,220.0,100.05,7453.9,1205.47,1118.41
1577,maize,18.6268,14.568,0.114281,2.775084,0.0032,0.7536,730.0,180.0,100.05,7800.9,1332.23,1121.43
1578,maize,12.7232,14.5587,-0.095169,1.590195,0.0052,1.0642,730.0,300.0,100.05,6707.2,938.8,1120.01
1579,maize,13.086,14.5649,-0.00885,0.595065,0.0049,0.8366,730.0,135.0,100.05,6384.6,1023.15,1118.57
1580,maize,14.184,14.5663,0.070326,1.033046,0.0037,0.8707,730.0,220.0,100.05,7311.7,1169.92,1118.48
1581,maize,12.4089,14.5386,0.004453,1.626017,0.0038,0.778,730.0,140.0,100.05,6047.0,933.75,1116.82
1582,maize,14.7242,14.5381,0.074346,2.128088,0.0057,0.792,730.0,130.0,100.05,7526.1,1313.52,1118.91
1583,maize,13.9883,14.6321,0.049119,0.915878,0.0067,0.8292,730.0,160.0,100.05,6794.3,1100.57,1127.89
1584,maize,16.1141,14.6626,0.074659,3.948591,0.0042,0.8155,730.0,150.0,100.05,7425.9,1268.48,1131.9
1585,maize,8.567,14.6344,-0.041537,2.262022,0.0046,0.8387,730.0,260.0,100.05,5606.1,703.52,1129.08
1586,maize,9.1006,14.6636,-0.090058,2.58866,0.0093,1.1889,730.0,155.0,100.05,6639.1,1066.77,1135.27
1587,maize,14.6396,14.6216,0.047205,2.042832,0.0069,0.82,730.0,180.0,100.05,6962.0,1122.5,1134.11
1588,maize,15.577,14.6482,0.090067,2.968895,0.0062,0.9633,730.0,230.0,100.05,7198.2,1131.54,1135.06
1589,maize,12.51,14.6353,0.020065,1.006525,0.0082,0.907,730.0,140.0,100.05,6668.5,1089.13,1134.44
1590,maize,16.077,14.6482,0.08786,4.193871,0.0046,0.8127,730.0,180.0,100.05,7244.7,1193.19,1136.61
1591,maize,14.7363,14.6201,0.036504,1.9628,0.0069,1.0286,730.0,120.0,100.05,7064.5,1208.12,1136.7
1592,maize,18.832,14.6606,0.157939,8.832844,0.0024,0.8024,730.0,180.0,100.05,7624.8,1288.2,1138.08
1593,maize,10.0562,14.6243,-0.116194,3.286246,0.0065,0.9593,730.0,170.0,100.05,6145.4,928.35,1137.76
1594,maize,19.345,14.6824,0.128154,5.276773,0.0028,0.8199,730.0,105.0,100.05,7590.1,1354.52,1139.53
1595,maize,12.4952,14.6922,0.019269,3.857194,0.0028,0.7859,730.0,90.0,100.05,6718.9,1151.71,1142.02
1596,maize,15.3738,14.6913,0.037715,1.003368,0.0033,0.8024,730.0,170.0,100.05,6954.8,1130.69,1142.15
1597,maize,14.1293,14.719,-0.071355,1.215482,0.0051,0.9531,730.0,135.0,100.05,6875.5,1145.88,1144.31
1598,maize,15.0276,14.7043,-0.011809,0.443491,0.0047,0.9126,730.0,75.0,100.05,7364.8,1328.2,1145.99
1599,maize,15.22,14.7009,0.015106,0.945976,0.004,0.7978,732.0,80.0,100.05,7127.0,1262.55,1146.08
1600,maize,12.414,14.6748,-0.047096,0.808408,0.0056,0.968,730.0,90.0,100.05,7063.1,1237.78,1147.53
1601,maize,13.376,14.6947,-0.069804,1.942572,0.0037,0.9669,730.0,200.0,100.05,6853.5,1075.37,1149.31
1602,maize,14.4542,14.6666,0.002219,0.964562,0.0034,1.016,730.0,310.0,100.05,7122.2,1032.54,1147.0
1603,maize,18.3178,14.6979,0.070124,2.555841,0.0039,0.8186,730.0,150.0,100.05,7592.4,1310.09,1147.08
1604,maize,16.333,14.7399,0.093161,1.77258,0.0031,0.9044,730.0,170.0,100.05,7539.9,1276.97,1149.06
1605,maize,16.0084,14.7044,0.030902,0.573873,0.0042,0.9381,730.0,180.0,100.05,7235.8,1190.94,1148.73
1606,maize,18.9533,14.7437,0.116008,4.45098,0.0029,0.6434,730.0,45.0,100.05,7570.2,1409.56,1152.84
1607,maize,17.9483,14.7663,0.093159,2.310539,0.0029,0.819,730.0,230.0,100.05,7909.8,1309.44,1153.85
1608,maize,14.7021,14.7483,-0.045833,0.545307,0.0047,1.1026,730.0,140.0,100.05,7246.4,1233.6,1154.57
1609,maize,16.7719,14.7513,0.016404,0.631102,0.005,0.7914,732.0,210.0,100.05,7396.7,1199.98,1153.97
1610,maize,10.7908,14.6928,-0.185216,8.603055,0.0048,0.8783,730.0,220.0,100.05,5913.3,820.31,1149.5
1611,maize,13.9521,14.7093,-0.024444,3.47519,0.0032,0.8047,730.0,130.0,100.05,6588.8,1079.2,1151.62
1612,maize,13.2668,14.6934,-0.117797,2.499526,0.0045,0.9678,730.0,135.0,100.05,6947.6,1163.91,1152.1
1613,maize,8.1672,14.6537,-0.232209,10.126542,0.0053,1.2064,730.0,225.0,100.05,6105.4,863.34,1151.73
1614,maize,15.4839,14.6412,-0.043804,1.013306,0.0039,0.8256,730.0,265.0,100.05,6978.3,1041.58,1149.88
1615,maize,14.018,14.673,-0.043239,0.757175,0.0043,0.8119,730.0,170.0,100.05,7088.1,1164.02,1152.39
1616,maize,19.0997,14.6775,0.103621,3.035758,0.0022,0.6994,730.0,85.0,100.05,7932.4,1460.11,1153.33
1617,maize,9.9108,14.6193,-0.144486,6.120832,0.0044,0.7973,730.0,180.0,100.05,5963.3,872.83,1150.53
1618,maize,16.2869,14.6776,0.041314,1.773746,0.0025,0.6801,730.0,80.0,100.05,7437.9,1341.47,1154.16
1619,maize,14.0243,14.6797,-0.020448,0.505312,0.0046,0.7317,730.0,110.0,100.05,6977.3,1196.32,1156.34
1620,maize,13.9984,14.6639,-0.004815,0.593898,0.0025,0.7295,730.0,100.0,100.05,6758.0,1151.5,1155.65
1621,maize,19.0427,14.7043,0.135972,6.180979,0.0016,0.5757,730.0,85.0,100.05,7484.5,1348.13,1157.93
1622,maize,13.7823,14.6822,0.004955,0.843743,0.0033,0.7398,730.0,150.0,100.05,6731.9,1094.97,1156.11
1623,maize,16.7703,14.7508,0.09394,2.089431,0.002,0.6675,730.0,80.0,100.05,6738.0,1166.49,1158.83
1624,maize,14.7077,14.7519,0.023242,0.666369,0.0038,0.7316,730.0,160.0,100.05,7180.5,1197.13,1159.58
1625,maize,11.1681,14.7101,-0.052268,3.569765,0.0021,0.6662,730.0,140.0,100.05,5758.0,861.5,1156.12
1626,maize,16.168,14.6903,0.006374,0.544905,0.0026,0.6782,730.0,60.0,100.05,7685.2,1423.31,1155.46
1627,maize,8.6906,14.6179,-0.111896,8.431068,0.0046,0.7379,730.0,105.0,100.05,5427.7,813.92,1154.63
1628,maize,17.5153,14.6601,0.067674,2.336184,0.0017,0.6895,730.0,45.0,100.05,7763.7,1457.92,1158.88
1629,maize,7.8564,14.5763,-0.125055,9.689079,0.0044,0.6404,730.0,80.0,100.05,5487.9,853.97,1154.7
1630,maize,12.8816,14.5961,-0.05723,1.977228,0.0043,0.5804,730.0,95.0,100.05,7272.0,1285.0,1157.91
1631,maize,15.9569,14.5867,-0.018902,0.428042,0.0031,0.4627,730.0,120.0,100.05,7410.3,1294.58,1156.97
1632,maize,14.6552,14.5956,-0.002629,0.367574,0.0032,0.7358,732.0,110.0,100.05,6992.2,1198.85,1159.93
1633,maize,16.2207,14.6102,0.055374,1.279461,0.0039,0.5445,730.0,150.0,100.05,7215.0,1215.76,1160.9
1634,maize,17.6123,14.6545,0.051456,2.520836,0.0022,0.6881,730.0,20.0,100.05,7519.1,1421.77,1163.19
1635,maize,14.082,14.6282,0.026501,0.342703,0.004,0.5413,730.0,170.0,100.05,7331.6,1224.89,1163.39
1636,maize,14.9786,14.6332,0.014296,0.848468,0.003,0.6256,730.0,50.0,100.05,7093.3,1285.31,1167.21
1637,maize,16.7396,14.6518,0.056804,1.561993,0.0028,0.4816,730.0,135.0,100.05,7815.3,1380.83,1169.23
1638,maize,19.197,14.6983,0.042477,2.44145,0.0023,0.4597,730.0,40.0,100.05,7825.0,1478.25,1172.62
1639,maize,8.6488,14.6927,-0.092966,8.301186,0.0063,0.7263,730.0,100.0,100.05,6508.9,1089.22,1175.41
1640,maize,17.3048,14.7379,0.000611,0.273323,0.0033,0.5788,730.0,45.0,100.05,7481.9,1387.47,1178.58
1641,maize,14.4077,14.686,0.015338,0.42747,0.002,0.5782,730.0,90.0,100.05,7298.0,1296.5,1177.43
1642,maize,10.4229,14.6188,-0.071001,4.133704,0.0034,0.5484,730.0,40.0,100.05,6838.0,1231.51,1177.05
1643,maize,8.4653,14.5426,-0.055989,17.700596,0.0031,0.4908,730.0,60.0,100.05,5613.6,905.41,1174.32
1644,maize,13.9414,14.5474,-0.054282,1.282871,0.0035,0.5336,730.0,30.0,100.05,7444.1,1393.03,1176.99
1645,maize,14.6723,14.5797,0.008363,0.536266,0.005,0.5171,730.0,85.0,100.05,7489.1,1349.26,1181.77
1646,maize,14.4741,14.5912,-0.003859,0.418826,0.0034,0.5177,730.0,120.0,100.05,7210.8,1244.7,1182.65
1647,maize,17.9678,14.5981,0.14113,3.676685,0.0028,0.4935,730.0,80.0,100.05,7308.7,1309.17,1181.77
1648,maize,15.9589,14.5726,-0.003206,1.336806,0.0053,0.5512,730.0,10.0,100.05,7276.3,1371.06,1182.05
1649,maize,12.1777,14.5789,-0.057815,1.573848,0.0055,0.6102,730.0,80.0,100.05,6414.3,1085.57,1182.45
1650,maize,15.6441,14.5612,0.002103,0.501079,0.0042,0.5109,730.0,120.0,100.05,6841.8,1152.46,1179.69
1651,maize,16.3335,14.5352,0.038674,1.834133,0.0033,0.4193,730.0,80.0,100.05,6289.6,1054.4,1176.7
1652,maize,15.8718,14.5359,0.0131,1.326896,0.005,0.6073,730.0,10.0,100.05,7357.8,1391.45,1177.97
1653,maize,10.8462,14.5229,-0.065836,4.836099,0.0074,0.6235,730.0,140.0,100.05,5740.2,857.05,1176.33
1654,maize,12.1836,14.5461,-0.059643,2.674111,0.0071,0.5869,730.0,60.0,100.05,6101.4,1027.35,1179.25
1655,maize,13.3398,14.577,0.006207,0.606195,0.0058,0.6292,730.0,220.0,100.05,7013.8,1095.44,1182.59
1656,maize,16.1281,14.61,0.032886,1.539121,0.0048,0.597,730.0,40.0,100.05,7702.3,1447.58,1186.25
1657,maize,15.4463,14.595,0.025383,1.286241,0.0042,0.5611,730.0,100.0,100.05,6604.8,1113.2,1184.51
1658,maize,12.866,14.5737,-0.059679,1.237189,0.0079,0.6509,730.0,105.0,100.05,6869.1,1174.28,1183.93
1659,maize,15.5171,14.6174,0.009383,0.194029,0.0058,0.5886,730.0,50.0,100.05,7377.6,1356.4,1187.63
1660,maize,13.639,14.5967,-0.001031,0.684878,0.0057,0.643,730.0,65.0,100.05,7025.0,1253.26,1187.22
1661,maize,14.3704,14.551,-0.003634,0.750812,0.0047,0.5424,730.0,40.0,100.05,6935.2,1255.8,1185.39
1662,maize,6.531,14.4509,-0.102478,14.785108,0.0065,0.6546,730.0,90.0,100.05,4995.5,720.87,1179.21
1663,maize,13.746,14.434,-0.016423,1.297064,0.0062,0.4501,730.0,50.0,100.05,6807.8,1213.94,1178.83
1664,maize,8.6807,14.3429,-0.066072,6.653491,0.0059,0.5471,730.0,85.0,100.05,5254.6,790.64,1173.29
1665,maize,15.2788,14.3205,0.063011,2.255802,0.0059,0.4775,730.0,90.0,100.05,6997.4,1221.35,1172.55
1666,maize,13.4007,14.288,0.068013,0.643199,0.0051,0.5391,730.0,115.0,100.05,6845.5,1158.37,1171.15
1667,maize,13.0784,14.278,0.001487,0.80667,0.0061,0.4242,730.0,0.0,100.05,6649.3,1224.33,1173.11
1668,maize,16.361,14.2713,0.054741,2.139457,0.0076,0.5016,730.0,55.0,100.05,7411.2,1359.81,1173.59
1669,maize,15.1792,14.2974,0.094367,2.263458,0.0039,0.5913,730.0,40.0,100.05,7777.5,1466.38,1177.01
1670,maize,11.4928,14.2831,-0.068951,1.246685,0.0114,0.7444,730.0,120.0,100.05,6917.0,1171.25,1178.68
1671,maize,11.9406,14.2465,-0.010876,1.121916,0.0065,0.6265,730.0,80.0,100.05,5904.8,958.19,1175.92
1672,maize,17.017,14.2523,0.052405,4.933249,0.0073,0.5922,730.0,145.0,100.05,7312.1,1245.03,1175.96
1673,maize,9.3525,14.176,-0.102827,3.727105,0.0096,0.7561,730.0,180.0,100.05,5860.2,847.04,1171.88
1674,maize,14.3289,14.1746,0.003623,2.142157,0.0084,0.6203,730.0,100.0,100.05,7396.0,1311.0,1172.62
1675,maize,20.3072,14.2669,0.068548,9.888898,0.0074,0.4417,730.0,15.0,100.05,8277.8,1616.45,1179.7
1676,maize,13.4865,14.2465,-0.038299,1.312479,0.0109,0.7227,730.0,180.0,100.05,6861.3,1097.33,1178.62
1677,maize,17.9362,14.2396,0.084945,3.952988,0.0084,0.5005,730.0,60.0,100.05,7087.5,1273.88,1178.04
1678,maize,13.6825,14.2492,-0.023621,0.575711,0.0096,0.6526,730.0,55.0,100.05,6841.6,1217.39,1180.83
1679,maize,12.2901,14.2413,-0.053243,2.15208,0.0099,0.7532,730.0,165.0,100.05,6377.8,991.44,1180.51
1680,maize,15.2775,14.2522,-0.006166,0.819634,0.011,0.743,730.0,100.0,100.05,7355.3,1300.83,1181.82
1681,maize,18.1454,14.3096,0.050813,2.036861,0.0072,0.4833,730.0,100.0,100.05,7398.6,1311.64,1185.6
1682,maize,11.3248,14.2756,-0.015301,7.914567,0.0081,0.6201,730.0,100.0,100.05,5981.5,957.37,1182.03
1683,maize,16.5343,14.301,0.105151,1.211167,0.0081,0.7023,730.0,175.0,100.05,7302.8,1212.69,1183.16
1684,maize,16.9431,14.3093,0.05797,1.691786,0.0073,0.745,730.0,80.0,100.05,7413.5,1335.37,1183.82
1685,maize,18.0209,14.4039,0.019227,0.486756,0.0074,0.6942,730.0,95.0,100.05,7434.0,1325.49,1190.04
1686,maize,15.7799,14.4707,-0.011545,0.639207,0.0107,0.7766,730.0,60.0,100.05,7405.9,1353.47,1192.91
1687,maize,11.4074,14.4383,-0.181525,8.756028,0.0152,1.0042,730.0,85.0,100.05,6873.7,1195.42,1193.64
1688,maize,15.0983,14.4335,-0.106174,3.090565,0.0105,0.7393,730.0,105.0,100.05,7110.7,1234.68,1194.67
1689,maize,11.4602,14.423,-0.147663,8.25961,0.0145,0.9947,730.0,100.0,100.05,6816.4,1166.11,1195.44
1690,maize,17.9781,14.4421,0.009226,1.013618,0.0097,0.6402,730.0,100.0,100.05,7413.4,1315.35,1196.66
1691,maize,16.577,14.4605,-0.025607,1.138887,0.0112,0.7472,730.0,60.0,100.05,6510.4,1129.6,1195.88
1692,maize,13.992,14.4121,-0.070388,1.398127,0.0164,0.7773,730.0,160.0,100.05,6816.6,1106.14,1194.06
1693,maize,16.1868,14.4734,-0.000187,0.354242,0.0123,0.7704,730.0,85.0,100.05,7545.0,1363.25,1198.41
1694,maize,15.5592,14.4355,-0.078484,1.09575,0.0164,0.5846,730.0,210.0,100.05,7272.3,1170.08,1196.56
1695,maize,16.7656,14.4782,-0.001195,1.389387,0.0108,0.7357,730.0,80.0,100.05,7964.6,1473.15,1199.78
1696,maize,16.3545,14.488,-0.092421,2.636488,0.0191,0.8054,730.0,75.0,100.05,7614.3,1390.58,1202.38
1697,maize,13.4728,14.4815,-0.065869,1.733607,0.0212,0.8168,730.0,70.0,100.05,6938.9,1226.72,1203.18
1698,maize,18.9678,14.5209,0.040034,3.996978,0.013,0.7427,730.0,60.0,100.05,7713.9,1430.47,1204.21
1699,maize,14.5635,14.5143,0.027915,0.487809,0.0121,0.6736,730.0,80.0,100.05,6781.7,1177.43,1203.36
1700,maize,17.3891,14.564,0.063271,2.206273,0.0103,0.6365,730.0,55.0,100.05,8062.6,1522.65,1206.2
1701,maize,8.9641,14.5199,-0.201199,7.804627,0.0191,0.8453,730.0,115.0,100.05,6224.8,1003.19,1205.48
1702,maize,13.2564,14.508,-0.071871,2.014872,0.0157,0.7141,730.0,170.0,100.05,6504.0,1018.01,1205.34
1703,maize,14.7329,14.4721,0.001244,0.298961,0.0129,0.7593,730.0,90.0,100.05,7103.9,1247.98,1204.72
1704,maize,17.4148,14.4829,0.062807,2.257159,0.0103,0.4949,730.0,90.0,100.05,7731.4,1404.86,1205.99
1705,maize,10.1091,14.4239,-0.219665,4.599873,0.0228,1.0345,730.0,190.0,100.05,6418.1,976.54,1203.85
1706,maize,15.8356,14.3928,0.042916,2.429869,0.0112,0.5952,730.0,65.0,100.05,7333.9,1330.48,1203.06
1707,maize,10.8568,14.3218,-0.020026,1.266492,0.0159,0.6949,730.0,120.0,100.05,7229.2,1249.3,1202.46
1708,maize,11.8317,14.2931,-0.035049,0.923209,0.0143,0.7446,730.0,80.0,100.05,6680.4,1152.09,1201.64
1709,maize,12.6323,14.2517,-0.023404,0.789951,0.0167,0.7624,730.0,120.0,100.05,6819.7,1146.92,1201.11
1710,maize,13.9048,14.2829,0.00138,2.058902,0.0123,0.5764,737.0,40.0,100.05,7058.0,1282.31,1205.73
1711,maize,17.9566,14.3229,0.121161,5.319436,0.007,0.5024,730.0,140.0,100.05,7623.0,1327.75,1208.22
1712,maize,13.7499,14.3278,0.10635,1.521224,0.0107,0.6331,730.0,185.0,100.05,6912.7,1105.18,1207.63
1713,maize,12.1086,14.3672,-0.015709,1.805915,0.0132,0.6903,730.0,130.0,100.05,6386.6,1028.65,1209.28
1714,maize,13.4325,14.3467,0.01088,0.488593,0.0153,0.6659,730.0,85.0,100.05,7214.2,1280.55,1211.67
1715,maize,18.4247,14.3907,0.164138,6.145269,0.0049,0.5616,730.0,70.0,100.05,8017.4,1496.36,1215.0
1716,maize,18.8862,14.3886,0.095253,4.488983,0.0057,0.518,730.0,70.0,100.05,7912.1,1470.03,1215.1
1717,maize,13.7178,14.4267,0.022539,3.021387,0.0061,0.4047,730.0,15.0,100.05,6233.4,1105.34,1217.42
1718,maize,14.8604,14.4124,-0.010496,0.747867,0.0083,0.488,730.0,100.0,100.05,7124.3,1243.07,1216.44
1719,maize,10.36,14.3757,-0.09182,9.703235,0.0094,0.3658,730.0,105.0,100.05,5644.2,868.04,1213.16
1720,maize,14.5052,14.3808,0.02345,1.765414,0.0113,0.6521,730.0,60.0,100.05,7240.7,1312.19,1214.76
1721,maize,9.7928,14.2883,-0.068385,8.246402,0.0073,0.615,732.0,120.0,100.05,5671.9,858.77,1209.87
1722,maize,14.1202,14.2917,-0.003433,3.774817,0.007,0.5107,730.0,30.0,100.05,6617.1,1186.27,1210.78
1723,maize,9.4918,14.2189,-0.109097,6.770826,0.0105,0.6281,730.0,60.0,100.05,5970.2,994.54,1209.06
1724,maize,16.7749,14.2396,0.074481,2.100867,0.0093,0.5607,730.0,105.0,100.05,7602.2,1357.55,1210.67
1725,maize,15.1858,14.2798,0.065165,1.790578,0.0066,0.5854,730.0,90.0,100.05,7006.7,1223.68,1214.29
1726,maize,14.167,14.2597,0.032565,1.771997,0.0047,0.5917,730.0,40.0,100.05,6869.3,1239.33,1212.45
1727,maize,10.7796,14.2806,-0.033669,1.571517,0.0072,0.565,730.0,50.0,100.05,6208.4,1064.09,1214.95
1728,maize,15.7013,14.2625,0.058399,3.404828,0.0048,0.5496,732.0,60.0,100.05,7455.8,1364.76,1214.02
1729,maize,15.3945,14.3379,0.027961,0.977225,0.0056,0.5599,730.0,100.0,100.05,7174.0,1255.49,1218.03
1730,maize,14.1414,14.3505,-0.014397,0.484719,0.0053,0.527,730.0,25.0,100.05,6719.0,1216.74,1217.35
1731,maize,7.6455,14.2674,-0.043232,7.216077,0.007,0.4532,730.0,30.0,100.05,5509.4,909.34,1213.5
1732,maize,13.9899,14.2607,0.016092,1.302573,0.0089,0.5598,730.0,80.0,100.05,6946.5,1218.64,1213.7
1733,maize,12.3991,14.2225,-0.006884,0.964651,0.0046,0.2459,730.0,5.0,100.05,6827.2,1263.8,1214.18
1734,maize,13.1516,14.1779,0.020404,1.314999,0.0053,0.5333,730.0,90.0,100.05,7019.2,1226.8,1212.23
1735,maize,8.8655,14.1257,-0.043352,3.259542,0.0073,0.4452,730.0,15.0,100.05,5459.0,911.74,1209.1
1736,maize,17.331,14.1492,0.025496,4.908898,0.0065,0.2961,730.0,50.0,100.05,7561.0,1402.26,1210.26
1737,maize,15.3771,14.1356,0.046446,2.715022,0.0051,0.4811,730.0,20.0,100.05,7391.7,1389.92,1210.36
1738,maize,14.2717,14.0864,0.001133,2.4662,0.0061,0.6129,730.0,60.0,100.05,7013.9,1255.48,1208.13
1739,maize,14.9161,14.149,0.076705,2.169241,0.0058,0.5391,730.0,65.0,100.05,6855.2,1210.8,1209.34
1740,maize,10.1892,14.0779,-0.054365,5.266949,0.0042,0.4775,730.0,105.0,100.05,5547.7,843.93,1203.91
1741,maize,13.2973,14.0668,-0.04676,0.75797,0.0082,0.6744,730.0,190.0,100.05,6465.5,988.38,1200.83
1742,maize,14.334,14.1059,0.032748,1.038003,0.0054,0.6025,730.0,15.0,100.05,6667.5,1213.86,1200.65
1743,maize,16.0501,14.1817,0.015665,1.650381,0.0082,0.4926,730.0,10.0,100.05,7679.2,1471.8,1206.31
1744,maize,14.8455,14.1908,0.01456,0.935791,0.0063,0.4301,730.0,5.0,100.05,6677.8,1226.45,1204.65
1745,maize,6.1918,14.106,-0.158481,18.220245,0.0069,0.6153,730.0,140.0,100.05,4838.3,631.58,1197.47
1746,maize,13.9611,14.1008,-0.003807,0.53546,0.0086,0.5323,730.0,90.0,100.05,7459.2,1336.8,1198.39
1747,maize,16.7713,14.0889,0.059343,2.777603,0.0053,0.5572,730.0,110.0,100.05,7825.8,1408.45,1199.39
1748,maize,12.4041,14.0533,-0.022831,0.827401,0.0099,0.6281,730.0,20.0,100.05,6623.6,1197.91,1197.65
1749,maize,13.9411,14.071,0.000154,0.223778,0.0086,0.6435,730.0,30.0,100.05,7498.2,1406.54,1200.86
1750,maize,16.0166,14.0747,0.024938,0.631313,0.0062,0.5139,730.0,70.0,100.05,7332.9,1325.21,1202.59
1751,maize,18.1154,14.0925,0.014902,2.152449,0.0067,0.3986,730.0,30.0,100.05,7637.3,1441.32,1206.46
1752,maize,15.5558,14.0894,0.013346,0.639683,0.009,0.4539,730.0,10.0,100.05,7310.6,1379.66,1206.34
1753,maize,16.8912,14.1498,0.105092,1.956508,0.0072,0.4901,730.0,80.0,100.05,7235.8,1290.94,1210.68
1754,maize,12.4992,14.153,-0.005916,3.353461,0.0072,0.5606,730.0,110.0,100.05,6315.1,1030.78,1210.72
1755,maize,12.7543,14.1471,-0.027313,3.513651,0.0055,0.5692,730.0,60.0,100.05,6775.0,1195.75,1211.72
1756,maize,12.6243,14.1121,-0.081523,2.180591,0.0101,0.7816,730.0,80.0,100.05,7062.9,1247.72,1209.72
1757,maize,13.3501,14.0911,-0.008048,1.662509,0.0054,0.523,730.0,110.0,100.05,6640.1,1112.03,1209.71
1758,maize,13.5975,14.0984,-0.020498,1.387582,0.01,0.5029,730.0,30.0,100.05,7183.0,1327.75,1211.24
1759,maize,12.1777,14.065,-0.095447,3.268287,0.0109,0.5838,730.0,115.0,100.05,6370.5,1039.62,1208.08
1760,maize,16.6581,14.0952,0.007355,1.013163,0.0085,0.2805,730.0,10.0,100.05,7793.9,1500.49,1210.55
1761,maize,15.6266,14.1078,-0.018367,0.866015,0.0116,0.5402,730.0,5.0,100.05,7370.8,1399.71,1211.99
1762,maize,13.6159,14.1786,-0.007919,1.06398,0.009,0.5231,730.0,60.0,100.05,6206.0,1053.49,1215.31
1763,maize,15.0506,14.1917,-0.003755,0.575991,0.0085,0.5609,730.0,85.0,100.05,7090.1,1249.52,1215.67
1764,maize,14.442,14.2493,0.005131,0.843607,0.0109,0.6385,730.0,40.0,100.05,7996.9,1521.22,1222.98
1765,maize,19.7345,14.2938,0.066333,7.099707,0.0066,0.5028,730.0,30.0,100.05,8271.6,1599.91,1226.76
1766,maize,10.7488,14.2673,-0.098779,2.701229,0.02,0.7866,730.0,145.0,100.05,6667.7,1083.94,1226.02
1767,maize,11.7738,14.2543,-0.06475,2.501522,0.0089,0.6339,730.0,20.0,100.05,6190.0,1089.49,1224.67
1768,maize,15.0778,14.2414,0.016958,0.372545,0.0109,0.6624,730.0,65.0,100.05,7092.4,1270.1,1223.77
1769,maize,13.6404,14.2261,-0.012018,0.321449,0.0136,0.6755,730.0,70.0,100.05,7308.4,1319.11,1222.3
1770,maize,12.8273,14.2394,-0.038482,0.670692,0.015,0.7508,730.0,120.0,100.05,6942.1,1177.54,1222.36
1771,maize,15.8779,14.2788,0.020464,1.309075,0.0067,0.6223,730.0,30.0,100.05,7650.1,1444.52,1227.22
1772,maize,17.7382,14.286,0.087577,3.444112,0.0058,0.682,730.0,120.0,100.05,7558.5,1331.63,1228.09
1773,maize,2.2107,14.2146,-0.158793,33.278053,0.0104,0.7894,730.0,60.0,100.05,4295.8,575.95,1225.38
1774,maize,16.2781,14.2341,0.03179,1.78258,0.0065,0.5507,730.0,30.0,100.05,7440.7,1392.18,1226.19
1775,maize,11.8271,14.1493,-0.017088,2.107032,0.0111,0.7138,730.0,90.0,100.05,6206.2,1023.56,1220.26
1776,maize,16.9594,14.184,0.081655,2.52243,0.0068,0.5784,730.0,40.0,100.05,7603.9,1422.98,1223.52
1777,maize,16.202,14.1666,0.092464,3.483007,0.0124,0.6545,730.0,50.0,100.05,7350.5,1349.64,1224.28
1778,maize,12.2934,14.1528,-0.029885,1.740874,0.0157,0.6523,730.0,160.0,100.05,6573.7,1045.42,1222.56
1779,maize,17.9511,14.2094,0.089281,3.002915,0.0066,0.6964,730.0,140.0,100.05,7772.5,1365.12,1226.29
1780,maize,13.8822,14.1954,-0.005322,0.46656,0.0162,0.7638,730.0,120.0,100.05,7105.5,1218.37,1225.47
1781,maize,11.6051,14.13,-0.032277,0.724293,0.0144,0.8372,730.0,30.0,100.05,7096.3,1306.08,1225.41
1782,maize,15.314,14.1699,0.034222,1.050472,0.0106,0.7208,730.0,70.0,100.05,7092.5,1265.11,1228.49
1783,maize,15.1915,14.1565,0.047549,0.326536,0.014,0.8084,730.0,100.0,100.05,7374.8,1305.71,1229.42
1784,maize,16.1422,14.1485,0.035656,0.824715,0.0092,0.6661,730.0,100.0,100.05,7364.5,1303.11,1229.1
1785,maize,15.1498,14.1198,-0.006745,1.009587,0.0103,0.4568,730.0,50.0,100.05,6841.3,1222.32,1228.07
1786,maize,4.5052,14.007,-0.129293,21.487173,0.0145,0.7828,730.0,40.0,100.05,4708.3,699.07,1221.52
1787,maize,11.5572,14.0085,-0.065557,1.782789,0.0126,0.7408,730.0,110.0,100.05,6599.7,1101.94,1220.59
1788,maize,12.6178,13.9837,-0.009292,0.817733,0.0088,0.6999,730.0,75.0,100.05,7305.7,1313.41,1221.38
1789,maize,16.3546,14.0326,0.064456,1.480994,0.0097,0.6697,730.0,80.0,100.05,7633.9,1390.48,1223.62
1790,maize,15.9357,14.0122,0.056429,1.096753,0.0144,0.6909,730.0,140.0,100.05,7435.2,1280.8,1223.27
1791,maize,12.8855,13.9753,-0.030518,1.10315,0.0152,0.7208,730.0,80.0,100.05,6675.7,1150.92,1223.49
1792,maize,11.3716,13.9491,-0.070531,1.595094,0.011,0.7423,730.0,135.0,100.05,6140.8,962.2,1222.05
1793,maize,16.8766,13.956,0.028467,1.105553,0.0134,0.7373,730.0,150.0,100.05,7140.5,1197.13,1220.39
1794,maize,7.37,13.8741,-0.282827,9.279879,0.025,1.0822,732.0,210.0,100.05,6463.9,966.78,1218.35
1795,maize,13.6664,13.8431,-0.037355,1.061,0.0247,0.8148,730.0,100.0,100.05,7041.0,1222.24,1215.84
1796,maize,12.8906,13.8085,-0.048005,0.85649,0.0145,0.7026,730.0,40.0,100.05,6766.9,1213.72,1214.08
1797,maize,14.5642,13.8194,0.017005,0.471147,0.0195,0.698,730.0,50.0,100.05,7208.1,1314.03,1214.95
1798,maize,7.7304,13.707,-0.181736,8.50107,0.025,0.986,730.0,130.0,100.05,5838.5,891.63,1209.56
1799,maize,14.8677,13.7101,0.020585,0.443974,0.013,0.7663,730.0,115.0,100.05,7317.1,1276.26,1210.55
1800,maize,17.707,13.7132,0.098324,4.24869,0.0107,0.5909,730.0,90.0,100.05,7685.3,1393.33,1209.25
1801,maize,11.6483,13.7401,-0.027617,0.832008,0.0157,0.9255,730.0,110.0,100.05,6481.6,1072.39,1209.95
1802,maize,12.0939,13.7285,0.044819,2.505789,0.0099,0.687,730.0,100.0,100.05,5803.9,912.98,1208.9
1803,maize,14.6896,13.728,0.106774,1.613317,0.015,0.9413,735.0,190.0,100.05,7627.4,1275.86,1209.18
1804,maize,15.2349,13.7062,0.087121,1.643731,0.0129,0.7183,730.0,180.0,100.05,6695.9,1055.96,1205.69
1805,maize,17.0883,13.776,-0.004974,1.79328,0.0155,0.4699,730.0,30.0,100.05,7482.5,1402.63,1209.95
1806,maize,13.8661,13.7563,0.008825,0.800096,0.0201,0.7266,730.0,75.0,100.05,7318.6,1316.66,1209.81
1807,maize,16.3693,13.8114,0.068256,1.318876,0.0132,0.7282,730.0,125.0,100.05,7487.7,1308.93,1210.41
1808,maize,17.5029,13.8682,0.062941,1.365824,0.0159,0.6877,730.0,165.0,100.05,7599.7,1296.94,1211.85
1809,maize,12.2102,13.8639,-0.05952,2.557696,0.0227,0.7302,730.0,70.0,100.05,6419.5,1096.86,1211.35
1810,maize,15.382,13.8787,0.003041,0.355859,0.0219,0.6918,730.0,185.0,100.05,6967.9,1118.97,1209.72
1811,maize,12.3177,13.8223,-0.050087,3.417171,0.0283,0.8253,730.0,220.0,100.05,6696.0,1016.01,1206.6
1812,maize,10.4264,13.7891,-0.119715,4.931314,0.0228,0.8565,730.0,80.0,100.05,6802.9,1182.72,1207.38
1813,maize,8.8718,13.7567,-0.135186,16.02137,0.0164,0.7081,730.0,130.0,100.05,5857.2,896.29,1206.05
1814,maize,13.4218,13.7566,-0.099376,1.343926,0.0264,0.8522,730.0,200.0,100.05,7082.0,1132.5,1204.57
1815,maize,15.0878,13.7232,0.017414,0.127024,0.0254,0.7246,730.0,145.0,100.05,7511.2,1294.81,1202.56
1816,maize,18.5851,13.7202,0.065296,2.141577,0.0195,0.7159,730.0,160.0,100.05,7642.7,1312.67,1200.98
1817,maize,15.6119,13.7392,0.055413,0.913238,0.0175,0.7076,732.0,80.0,100.05,7063.8,1246.75,1202.4
1818,maize,13.9074,13.7296,-0.052489,0.551661,0.0301,1.0294,730.0,255.0,100.05,6981.6,1052.41,1200.49
1819,maize,15.1586,13.7776,0.036955,0.542622,0.0221,0.8669,730.0,110.0,100.05,7354.0,1290.49,1204.72
1820,maize,14.2377,13.775,-0.016023,0.642689,0.0177,0.7106,732.0,190.0,100.05,6825.7,1077.22,1202.37
1821,maize,14.3599,13.8206,0.010604,0.648558,0.033,0.9313,730.0,175.0,100.05,7219.7,1191.93,1205.7
1822,maize,15.5822,13.8352,0.035904,0.986235,0.0288,0.8254,732.0,200.0,100.05,7319.6,1190.7,1205.74
1823,maize,9.5515,13.8358,-0.157159,3.785667,0.0284,0.9396,732.0,195.0,100.05,6508.5,992.93,1205.73
1824,maize,13.1468,13.7996,-0.012477,7.349951,0.0243,0.6005,730.0,80.0,100.05,5518.1,861.53,1200.77
1825,maize,8.3228,13.7309,-0.135623,8.288231,0.031,0.7647,730.0,185.0,100.05,5632.4,785.1,1196.38
1826,maize,13.2846,13.7221,0.007325,0.229136,0.028,0.8165,730.0,240.0,100.05,7340.1,1157.02,1195.56
1827,maize,9.5706,13.71,-0.163829,7.303404,0.025,0.728,730.0,170.0,100.05,5252.9,705.23,1191.97
1828,maize,12.5053,13.6781,0.01167,2.813363,0.0198,0.6565,730.0,210.0,100.05,6374.1,945.54,1187.78
1829,maize,17.1656,13.6958,0.056732,3.981514,0.0165,0.6479,730.0,120.0,100.05,7081.4,1212.36,1187.35
1830,maize,14.238,13.6967,0.06063,0.677611,0.0229,0.659,730.0,175.0,100.05,6703.2,1062.8,1185.81
1831,maize,15.3248,13.7735,0.079402,1.438537,0.0271,0.7309,732.0,190.0,100.05,7095.7,1144.72,1188.16
1832,maize,12.605,13.7597,0.005556,0.23658,0.026,0.7607,732.0,220.0,100.05,7337.2,1175.11,1187.72
1833,maize,13.5808,13.7715,0.022135,0.532367,0.0244,0.5889,730.0,170.0,100.05,6410.3,994.58,1185.03
1834,maize,15.8792,13.7988,0.033271,3.67913,0.0247,0.5793,730.0,160.0,100.05,7732.1,1335.02,1186.11
1835,maize,12.9917,13.84,-0.015099,0.568264,0.0354,0.8813,732.0,140.0,100.05,6677.2,1090.1,1187.9
1836,maize,13.2241,13.799,-0.002272,0.185074,0.0293,0.7642,730.0,250.0,100.05,7337.5,1146.39,1185.34
1837,maize,10.2946,13.7481,-0.059626,2.046066,0.0315,0.8395,730.0,240.0,100.05,6733.8,1005.44,1181.49
1838,maize,16.9345,13.7748,0.12374,2.318444,0.0323,0.6166,730.0,265.0,100.05,7629.3,1204.33,1180.98
1839,maize,13.9463,13.7651,-0.071514,0.76728,0.0409,0.8911,730.0,370.0,100.05,7100.4,967.11,1178.55
1840,maize,15.5275,13.8185,0.056612,1.451051,0.0203,0.5721,730.0,210.0,100.05,7239.9,1161.97,1181.73
1841,maize,16.7519,13.853,0.113918,2.700085,0.0213,0.5608,730.0,155.0,100.05,7573.7,1300.42,1184.85
1842,maize,13.0229,13.8399,-0.031528,0.78485,0.0364,0.7759,730.0,165.0,100.05,6991.4,1144.86,1184.16
1843,maize,9.1448,13.7708,-0.218145,12.078382,0.0386,0.8093,730.0,200.0,100.05,5813.6,815.4,1177.59
1844,maize,14.4432,13.7668,-0.05429,1.005668,0.0407,0.8552,730.0,230.0,100.05,7105.6,1108.4,1176.41
1845,maize,13.9037,13.8439,-0.041055,2.350391,0.0323,0.6724,730.0,140.0,100.05,6510.4,1049.61,1180.59
1846,maize,12.7125,13.8314,-0.0196,1.235581,0.0342,0.6976,730.0,210.0,100.05,6921.8,1082.44,1178.05
1847,maize,13.7567,13.8013,-0.035639,0.642925,0.0343,0.653,732.0,180.0,100.05,6705.7,1057.22,1174.54
1848,maize,14.4364,13.8216,-0.010238,0.4876,0.0347,0.8705,730.0,145.0,100.05,7345.4,1253.35,1175.09
1849,maize,13.5706,13.8179,0.022062,0.618036,0.0404,0.7193,730.0,200.0,100.05,6711.5,1039.87,1171.42
1850,maize,16.2318,13.8201,0.084141,2.38579,0.0388,0.6228,732.0,120.0,100.05,7479.2,1310.61,1171.28
1851,maize,11.3284,13.7522,-0.011204,2.012034,0.0351,0.6299,735.0,130.0,100.05,5844.3,890.08,1165.77
1852,maize,14.4199,13.7408,0.072708,1.962657,0.0361,0.6601,732.0,150.0,100.05,6659.1,1075.59,1162.72
1853,maize,12.0894,13.6928,0.025442,2.766504,0.0451,0.8589,730.0,160.0,100.05,6983.0,1147.74,1161.29
1854,maize,10.8295,13.6761,-0.126033,1.047983,0.0425,0.9401,734.0,355.0,100.05,6851.5,917.47,1160.16
1855,maize,17.2135,13.7207,0.086022,4.141671,0.0474,0.6789,730.0,120.0,100.05,7669.4,1359.35,1161.8
1856,maize,15.6807,13.7513,0.041396,2.299193,0.0366,0.5888,730.0,140.0,100.05,6929.0,1154.24,1160.86
1857,maize,12.6791,13.7446,0.006764,0.264587,0.0425,0.9174,730.0,220.0,100.05,7724.7,1273.17,1162.47
1858,maize,14.026,13.7489,0.064954,0.893335,0.0264,0.5066,735.0,120.0,100.05,7413.4,1292.35,1162.12
1859,maize,12.1175,13.7483,-0.035449,1.754912,0.0458,0.7352,732.0,190.0,100.05,6879.0,1090.55,1162.63
1860,maize,8.1628,13.6633,-0.118186,7.63913,0.0326,0.5358,730.0,110.0,100.05,5495.4,825.84,1155.88
1861,maize,11.6224,13.6233,-0.020608,1.588787,0.0579,0.5818,730.0,170.0,100.05,6713.3,1070.32,1152.59
1862,maize,10.4682,13.5918,-0.121213,6.139477,0.0397,0.5734,730.0,140.0,100.05,6030.8,929.69,1151.35
1863,maize,9.5816,13.5371,-0.132333,5.253401,0.0339,0.6007,732.0,210.0,100.05,6088.9,873.03,1147.58
1864,maize,14.1792,13.5345,-0.012362,0.868625,0.0396,0.5796,740.0,160.0,100.05,7274.5,1214.63,1144.52
1865,maize,14.7727,13.4848,0.018482,0.816143,0.0254,0.5888,734.0,200.0,100.05,7658.5,1274.23,1141.26
1866,maize,13.9984,13.5173,0.000841,0.415479,0.0365,0.7074,732.0,185.0,100.05,6884.5,1096.93,1141.39
1867,maize,13.4849,13.5345,0.017645,3.427928,0.0187,0.5431,730.0,120.0,100.05,6414.2,1045.55,1140.95
1868,maize,15.926,13.5429,0.059713,1.593001,0.0278,0.3752,730.0,165.0,100.05,7137.0,1181.24,1140.06
1869,maize,18.3834,13.5904,0.103894,2.93906,0.0231,0.4707,730.0,105.0,100.05,7494.1,1330.52,1140.18
1870,maize,10.2051,13.5641,-0.131729,4.190126,0.0322,0.5428,730.0,135.0,100.05,6111.7,954.92,1137.95
1871,maize,15.7226,13.5626,0.016385,0.625815,0.0322,0.5318,730.0,150.0,100.05,7381.6,1257.4,1136.08
1872,maize,15.0822,13.536,0.021949,0.566524,0.0258,0.5333,730.0,170.0,100.05,7130.9,1174.72,1134.51
1873,maize,12.4133,13.6381,-0.014114,2.060894,0.0209,0.4816,730.0,150.0,100.05,6642.1,1072.53,1139.48
1874,maize,15.5565,13.6308,0.012118,0.523368,0.0147,0.5079,730.0,170.0,100.05,7319.5,1221.87,1137.77
1875,maize,15.053,13.6631,0.015771,0.760552,0.0253,0.4696,730.0,130.0,100.05,6730.0,1114.49,1138.68
1876,maize,15.4057,13.6476,0.031766,0.611079,0.0205,0.5909,730.0,230.0,100.05,7277.6,1151.41,1135.97
1877,maize,17.1526,13.6571,0.015378,1.471634,0.0298,0.6517,730.0,135.0,100.05,7536.4,1311.1,1135.58
1878,maize,18.4804,13.7189,0.050536,3.567071,0.0156,0.5341,730.0,190.0,100.05,8099.4,1396.86,1139.1
1879,maize,9.0802,13.6302,-0.135967,10.157204,0.0246,0.5448,730.0,140.0,100.05,5605.9,823.47,1133.68
1880,maize,9.7816,13.5892,-0.152364,8.45577,0.0288,0.6512,730.0,190.0,100.05,6302.1,947.51,1130.97
1881,maize,18.5458,13.6586,0.009146,3.0069,0.0204,0.5514,730.0,100.0,100.05,7886.4,1433.59,1132.25
1882,maize,14.3299,13.6488,-0.109201,3.173525,0.0281,0.6052,730.0,200.0,100.05,7442.2,1222.56,1131.82
1883,maize,12.4629,13.6215,-0.106015,4.879759,0.0201,0.4811,730.0,100.0,100.05,6503.5,1087.88,1129.64
1884,maize,11.1407,13.5715,-0.066971,6.233322,0.0193,0.3737,730.0,160.0,100.05,6022.8,907.71,1125.69
1885,maize,7.4347,13.4943,-0.12703,13.209411,0.0242,0.4238,730.0,125.0,100.05,5738.6,871.66,1122.18
1886,maize,13.707,13.5864,-0.030204,2.742546,0.0245,0.5385,730.0,160.0,100.05,7265.4,1218.35,1127.38
1887,maize,12.1447,13.5922,-0.01742,0.814218,0.0195,0.4484,730.0,170.0,100.05,6270.1,959.51,1125.95
1888,maize,16.7925,13.634,0.016782,5.291733,0.0213,0.4734,730.0,140.0,100.05,7773.9,1365.48,1126.47
1889,maize,9.3287,13.5637,-0.037807,6.359257,0.0225,0.5663,730.0,170.0,100.05,6118.4,921.61,1121.78
1890,maize,11.8001,13.5224,-0.009133,3.126887,0.0229,0.5105,730.0,150.0,100.05,5625.5,818.38,1117.16
1891,maize,9.3169,13.4867,-0.112747,3.052443,0.0281,0.6761,732.0,190.0,100.05,6167.1,912.59,1114.78
1892,maize,12.5735,13.4987,0.05047,1.451082,0.0227,0.3971,732.0,200.0,100.05,6516.0,989.8,1115.05
1893,maize,12.1581,13.4515,0.003863,0.747017,0.0246,0.4316,730.0,190.0,100.05,6580.2,1017.06,1113.25
1894,maize,12.7803,13.5056,0.064092,3.285696,0.0258,0.615,730.0,190.0,100.05,7224.1,1178.03,1115.36
1895,maize,18.7703,13.5566,0.21472,12.961761,0.0179,0.4139,732.0,140.0,100.05,7734.9,1354.52,1116.69
1896,maize,16.8213,13.596,0.104479,6.107295,0.0222,0.5506,730.0,180.0,100.05,7380.2,1227.05,1116.82
1897,maize,16.0832,13.6111,0.083952,3.078567,0.0203,0.434,730.0,120.0,100.05,7313.7,1270.43,1116.38
1898,maize,11.5148,13.649,-0.000279,1.268756,0.0253,0.4731,730.0,250.0,100.05,6383.1,907.78,1116.54
1899,maize,14.7368,13.6477,-0.001689,1.606138,0.0301,0.5795,730.0,145.0,100.05,7267.3,1233.84,1116.12
1900,maize,17.1466,13.6421,0.117828,5.457186,0.0218,0.606,730.0,195.0,100.05,7435.9,1225.97,1114.45
1901,maize,17.0422,13.696,0.054807,4.77308,0.028,0.5468,730.0,110.0,100.05,7571.8,1344.94,1117.17
1902,maize,10.3486,13.6786,-0.076939,3.354616,0.0298,0.8167,730.0,260.0,100.05,6596.4,951.09,1117.55
1903,maize,9.5552,13.6272,-0.078303,6.231062,0.0287,0.83,730.0,305.0,100.05,5918.0,736.5,1112.16
1904,maize,16.4135,13.639,0.072564,1.154496,0.0315,0.6388,732.0,195.0,100.05,7640.6,1275.95,1114.36
1905,maize,8.9106,13.5572,-0.153819,11.832818,0.0368,0.642,730.0,170.0,100.05,5562.7,782.68,1108.16
1906,maize,13.8248,13.5568,-0.036476,1.265059,0.0321,0.6342,730.0,110.0,100.05,7178.7,1246.66,1107.46
1907,maize,17.8237,13.5714,0.153271,4.856137,0.0178,0.5865,730.0,150.0,100.05,8150.0,1449.5,1108.87
1908,maize,15.1766,13.5481,0.033724,0.976973,0.028,0.678,730.0,180.0,100.05,7599.7,1281.92,1108.72
1909,maize,15.8438,13.5844,0.049006,1.145235,0.0288,0.649,730.0,210.0,100.05,7413.9,1205.48,1109.8
1910,maize,15.1583,13.5822,0.03761,0.428832,0.0254,0.6205,732.0,200.0,100.05,7563.6,1251.69,1111.13
1911,maize,13.3271,13.5923,-0.049745,0.919936,0.0351,0.796,732.0,215.0,100.05,7081.2,1116.1,1112.13
1912,maize,13.047,13.6185,-0.037047,0.642155,0.0292,0.6611,730.0,205.0,100.05,7290.5,1179.63,1112.1
1913,maize,15.3463,13.6832,0.018175,0.678493,0.0271,0.8272,730.0,200.0,100.05,7642.4,1272.59,1115.86
1914,maize,16.1783,13.7108,-0.008664,0.265499,0.0305,0.7078,730.0,140.0,100.05,7373.0,1265.24,1117.19
1915,maize,10.6997,13.6669,-0.10307,3.461388,0.0283,0.8452,730.0,155.0,100.05,6168.4,949.1,1113.73
1916,maize,14.4342,13.6254,-0.017445,0.509341,0.0304,0.6968,730.0,120.0,100.05,6857.6,1156.39,1112.17
1917,maize,11.8531,13.5878,-0.097463,2.803818,0.0325,0.8188,730.0,150.0,100.05,6328.4,994.11,1109.64
1918,maize,11.6291,13.565,-0.085023,2.492492,0.0235,0.6864,732.0,165.0,100.05,6181.6,941.2,1108.53
1919,maize,12.0833,13.5343,-0.027637,0.952609,0.0253,0.7277,730.0,280.0,100.05,6866.3,998.57,1105.61
1920,maize,11.1026,13.5029,-0.105797,1.675528,0.0301,0.9217,734.0,290.0,100.05,6574.2,913.14,1103.97
1921,maize,17.4357,13.5337,0.077265,5.71274,0.0215,0.6908,730.0,170.0,100.05,7720.1,1322.03,1105.27
1922,maize,15.5448,13.5333,0.068247,2.717593,0.0242,0.8238,732.0,230.0,100.05,7697.7,1255.23,1105.92
1923,maize,10.0445,13.5383,-0.076937,2.015087,0.0251,1.0005,730.0,300.0,100.05,6028.1,769.02,1103.68
1924,maize,11.9863,13.5266,-0.040782,1.29871,0.0232,0.8903,730.0,200.0,100.05,6962.0,1102.51,1106.09
1925,maize,12.0111,13.5635,0.015473,1.307447,0.0203,0.7849,730.0,300.0,100.05,6795.1,960.77,1107.85
1926,maize,13.8594,13.5693,0.075976,5.802607,0.0212,0.8844,730.0,180.0,100.05,7023.0,1137.76,1107.65
1927,maize,8.7526,13.5611,-0.098299,2.57705,0.0181,0.9654,732.0,195.0,100.05,5832.1,823.82,1108.84
1928,maize,14.1764,13.5778,0.084417,1.9988,0.0125,0.7013,730.0,300.0,100.05,7257.8,1076.44,1110.15
1929,maize,13.9922,13.5461,0.020243,0.928866,0.0152,0.7293,730.0,180.0,100.05,7221.6,1187.41,1109.9
1930,maize,10.24,13.5061,-0.034496,1.676909,0.0144,0.9972,730.0,230.0,100.05,5932.7,815.18,1107.42
1931,maize,16.867,13.5215,0.168272,6.912112,0.0103,0.7066,730.0,120.0,100.05,7790.5,1389.61,1109.87
1932,maize,13.048,13.5259,0.030479,0.335389,0.0139,0.8562,730.0,190.0,100.05,7196.9,1171.22,1109.83
1933,maize,12.6808,13.5169,0.023986,0.487164,0.0134,0.8445,730.0,140.0,100.05,6738.5,1106.63,1110.95
1934,maize,14.9004,13.5072,0.09542,1.550527,0.0102,0.7842,732.0,160.0,100.05,7441.9,1261.27,1110.22
1935,maize,18.7753,13.565,0.236004,8.798518,0.008,0.7151,730.0,225.0,100.05,7479.7,1206.93,1111.38
1936,maize,12.8968,13.5617,0.027395,1.37779,0.0096,0.7465,730.0,180.0,100.05,7253.5,1195.38,1111.87
1937,maize,13.2655,13.5914,-0.040094,0.937761,0.0118,0.985,730.0,255.0,100.05,7332.9,1140.21,1113.22
1938,maize,14.5957,13.568,0.004632,1.005005,0.0112,0.7365,730.0,260.0,100.05,7110.7,1079.68,1111.97
1939,maize,14.3736,13.5723,0.039385,0.69253,0.0118,0.7905,730.0,110.0,100.05,7358.7,1291.68,1115.22
1940,maize,16.4931,13.582,0.082682,1.224137,0.0088,0.7348,730.0,170.0,100.05,7146.0,1178.49,1115.39
1941,maize,13.0786,13.5452,-0.029247,1.810191,0.009,0.7668,730.0,200.0,100.05,6543.4,997.86,1112.36
1942,maize,15.7967,13.573,0.020394,0.386564,0.0108,0.7704,730.0,230.0,100.05,7387.9,1178.97,1112.7
1943,maize,13.0683,13.6122,-0.114116,2.273357,0.0134,0.9258,732.0,260.0,100.05,6945.2,1037.1,1114.92
1944,maize,15.197,13.6197,0.026853,0.589088,0.0135,0.8669,730.0,210.0,100.05,7400.9,1202.21,1115.86
1945,maize,13.9317,13.62,-0.031302,0.642485,0.0128,0.8265,730.0,65.0,100.05,7307.9,1323.97,1118.6
1946,maize,13.7737,13.6306,-0.031896,0.859568,0.0125,0.9178,730.0,180.0,100.05,7198.1,1181.53,1119.59
1947,maize,9.5021,13.5881,-0.155725,9.911114,0.0118,0.8357,730.0,210.0,100.05,5350.2,689.54,1115.91
1948,maize,14.8133,13.5919,0.019913,0.444677,0.0106,0.8096,730.0,105.0,100.05,7466.5,1323.62,1116.62
1949,maize,15.2413,13.6086,-0.000434,1.094611,0.0109,0.8153,730.0,190.0,100.05,7309.2,1199.29,1118.21
1950,maize,12.9526,13.5758,-0.048546,1.423772,0.0096,0.9162,730.0,195.0,100.05,7023.4,1122.84,1116.33
1951,maize,6.518,13.5277,-0.335517,14.502417,0.0122,1.0377,732.0,170.0,100.05,6330.6,973.44,1117.17
1952,maize,13.3259,13.5167,-0.020876,0.520793,0.0107,0.8389,730.0,230.0,100.05,7150.4,1119.6,1117.61
1953,maize,14.7979,13.5438,0.003843,2.846342,0.0086,0.839,730.0,140.0,100.05,7061.3,1187.32,1118.0
1954,maize,14.2644,13.5782,0.008522,0.811984,0.0075,0.788,730.0,170.0,100.05,6705.1,1068.27,1119.51
1955,maize,14.6205,13.5522,-0.009095,1.431833,0.0088,0.8178,730.0,160.0,100.05,7144.7,1188.19,1117.8
1956,maize,13.8413,13.5338,0.03587,0.66832,0.0073,0.8164,730.0,150.0,100.05,6767.9,1103.98,1117.3
1957,maize,9.8078,13.5051,-0.11354,3.200405,0.007,0.875,730.0,200.0,100.05,6595.5,1010.89,1114.67
1958,maize,13.5271,13.5001,-0.010625,0.93721,0.0074,0.8784,730.0,235.0,100.05,7292.2,1150.05,1113.25
1959,maize,11.3632,13.4926,-0.058671,2.025075,0.0068,0.8435,730.0,145.0,100.05,6401.3,1017.32,1112.52
1960,maize,14.7121,13.5581,0.029211,0.436495,0.0074,0.9977,730.0,95.0,100.05,7244.3,1278.08,1117.04
1961,maize,7.2188,13.5141,-0.210245,13.912468,0.0084,0.9295,730.0,155.0,100.05,5640.8,817.21,1114.51
1962,maize,13.0002,13.5394,-0.044545,1.245789,0.0059,0.8106,732.0,165.0,100.05,6505.5,1022.16,1115.43
1963,maize,15.6165,13.5997,-0.030539,0.342351,0.006,0.8134,730.0,130.0,100.05,6983.5,1177.88,1118.48
1964,maize,14.5442,13.6034,0.065803,0.755671,0.0065,0.7966,730.0,170.0,100.05,7161.7,1182.41,1118.16
1965,maize,11.7009,13.5727,-0.059393,1.458698,0.0071,0.9963,730.0,225.0,100.05,7275.9,1155.97,1116.98
1966,maize,13.4101,13.5668,-0.007061,0.324381,0.0064,0.8169,732.0,200.0,100.05,6786.3,1057.37,1116.58
1967,maize,8.5565,13.5175,-0.158753,6.247284,0.0099,1.1184,730.0,230.0,100.05,5849.3,794.33,1114.07
1968,maize,15.3974,13.5122,0.033089,0.929892,0.0068,0.8018,730.0,160.0,100.05,7421.7,1257.43,1114.83
1969,maize,12.5528,13.4539,-0.023606,0.736761,0.0074,0.9845,730.0,60.0,100.05,6892.3,1225.08,1113.78
1970,maize,14.202,13.4939,0.046206,1.265343,0.0091,0.9697,730.0,230.0,100.05,7280.5,1152.13,1115.75
1971,maize,13.838,13.475,0.06864,0.866123,0.0055,0.8711,730.0,160.0,100.05,7287.4,1223.85,1115.41
1972,maize,15.2662,13.4769,0.064223,0.898564,0.0062,0.838,730.0,270.0,100.05,7060.9,1057.24,1114.24
1973,maize,14.4991,13.4977,0.045428,0.61505,0.0077,0.8467,730.0,135.0,100.05,6794.0,1125.49,1114.77
1974,maize,13.5382,13.4775,-0.063707,1.119705,0.0102,1.0678,730.0,170.0,100.05,7105.2,1168.3,1114.23
1975,maize,16.4694,13.4917,0.048141,1.203961,0.0094,0.8752,730.0,95.0,100.05,7526.5,1348.63,1116.57
1976,maize,9.7349,13.435,-0.060651,8.477731,0.0092,0.8548,730.0,140.0,100.05,5385.6,768.41,1112.74
1977,maize,11.0958,13.3744,-0.090819,4.109995,0.0125,1.0234,730.0,270.0,100.05,6504.4,918.1,1108.81
1978,maize,15.26,13.3422,0.057986,0.543324,0.009,0.8782,730.0,125.0,100.05,7324.3,1268.07,1107.53
1979,maize,17.3187,13.4246,0.141354,2.1184,0.0074,0.8285,730.0,195.0,100.05,7899.5,1341.88,1112.71
1980,maize,18.0667,13.5075,0.053294,1.414888,0.0105,0.848,730.0,160.0,100.05,8216.6,1456.15,1117.8
1981,maize,13.3866,13.4559,-0.147152,3.502718,0.0114,0.8918,730.0,190.0,100.05,6493.8,995.46,1113.42
1982,maize,16.0508,13.4731,-0.019749,0.681294,0.0106,0.9216,730.0,150.0,100.05,7176.3,1206.07,1113.25
1983,maize,7.4297,13.4227,-0.219274,25.946072,0.0126,0.9538,730.0,105.0,100.05,4881.9,677.48,1109.15
1984,maize,12.0396,13.4317,-0.074954,2.101063,0.0153,1.0809,730.0,120.0,100.05,7035.2,1200.79,1112.08
1985,maize,16.6743,13.5241,0.016553,0.376687,0.012,0.918,730.0,205.0,100.05,7516.0,1236.0,1115.72
1986,maize,13.3594,13.5207,-0.069724,1.594278,0.016,1.2465,730.0,330.0,100.05,7162.4,1022.59,1113.76
1987,maize,11.5217,13.5144,-0.088411,5.981927,0.0142,0.931,730.0,165.0,100.05,5919.0,876.75,1112.94
1988,maize,15.3358,13.4999,-0.001257,0.276678,0.0127,0.9136,730.0,215.0,100.05,7672.1,1265.02,1111.93
1989,maize,14.4295,13.5509,-0.018263,0.638446,0.0182,1.0167,730.0,250.0,100.05,7426.4,1168.59,1114.4
1990,maize,10.7444,13.5403,-0.122011,3.199912,0.02,1.1378,730.0,185.0,100.05,7150.7,1164.67,1117.86
1991,maize,14.1743,13.5889,-0.071527,0.447638,0.02,0.9869,732.0,205.0,100.05,7012.1,1108.81,1119.83
1992,maize,13.6755,13.5999,0.042206,1.418499,0.0201,1.2436,732.0,395.0,100.05,7149.0,953.04,1119.46
1993,maize,17.9622,13.6579,0.11164,3.50451,0.0172,0.9704,730.0,225.0,100.05,7676.1,1256.03,1121.85
1994,maize,14.2676,13.6728,0.031481,0.635609,0.0193,0.9804,730.0,125.0,100.05,6910.2,1164.55,1121.71
1995,maize,12.6156,13.6113,-0.049842,1.188677,0.0227,1.0343,730.0,265.0,100.05,6699.3,971.82,1117.89
1996,maize,16.2373,13.6054,0.056382,0.919194,0.0194,1.0772,730.0,85.0,100.05,7488.3,1349.07,1119.11
1997,maize,8.3037,13.5276,-0.135084,8.466555,0.0227,1.0069,730.0,250.0,100.05,5822.8,767.7,1114.08
1998,maize,12.2917,13.5354,0.02088,0.720478,0.0231,1.0863,730.0,275.0,100.05,6705.3,963.31,1114.63
1999,maize,11.6362,13.5044,-0.136669,2.103955,0.0213,1.0783,730.0,300.0,100.05,6555.2,900.81,1111.3
2000,maize,10.4184,13.4371,-0.123353,4.209361,0.0246,1.0718,730.0,255.0,100.05,5959.3,796.83,1107.01
2001,maize,15.0721,13.4174,0.108931,1.222199,0.0237,1.0694,735.0,145.0,100.05,7604.3,1315.07,1106.71
2002,maize,12.2789,13.4367,-0.006972,0.398878,0.0262,1.3901,730.0,260.0,100.05,7121.1,1082.27,1108.03
2003,maize,13.9667,13.4808,0.106843,1.79851,0.0279,0.9781,732.0,95.0,100.05,6529.6,1098.21,1111.64
2004,maize,15.1398,13.4681,0.11384,2.093139,0.0276,0.9492,732.0,190.0,100.05,7687.6,1292.69,1111.81
2005,maize,13.4621,13.5136,0.073204,0.930239,0.0279,0.9961,730.0,365.0,100.05,7212.7,1000.17,1113.99
2006,maize,10.5448,13.4808,-0.031999,2.486424,0.0278,0.9666,730.0,250.0,100.05,5875.0,780.74,1109.33
2007,maize,14.1821,13.4444,0.10522,1.220958,0.0307,0.982,739.0,300.0,100.05,7337.8,1091.05,1105.74
2008,maize,16.0242,13.4529,0.17578,3.826994,0.0262,0.9729,730.0,125.0,100.05,7902.4,1412.61,1107.05
2009,maize,11.7297,13.4117,0.050488,1.163489,0.0281,1.0821,730.0,230.0,100.05,6468.6,949.14,1104.49
2010,maize,16.4712,13.4249,0.112773,1.556268,0.0292,0.9304,735.0,70.0,100.05,7392.4,1337.09,1105.34
2011,maize,13.9913,13.4315,0.051916,1.886112,0.0328,1.1104,735.0,155.0,100.05,7485.7,1275.42,1106.93
2012,maize,11.5561,13.4166,-0.027768,0.501517,0.0365,1.1874,734.0,325.0,100.05,6909.5,961.98,1104.76
2013,maize,13.83,13.4014,-0.055548,0.650303,0.0379,1.345,732.0,355.0,100.05,7406.8,1057.5,1102.61
2014,maize,10.459,13.3442,-0.207193,3.95594,0.0405,1.2296,732.0,150.0,100.05,6041.6,921.2,1099.16
2015,maize,11.8941,13.3562,-0.049872,0.843811,0.0399,1.074,732.0,165.0,100.05,7104.4,1171.91,1101.39
2016,maize,13.3176,13.345,-0.039361,0.447485,0.0374,1.1605,735.0,270.0,100.05,6747.8,975.94,1099.59
2017,maize,14.2001,13.3685,-0.021329,0.477443,0.0341,0.9936,730.0,285.0,100.05,6578.8,921.69,1098.86
2018,maize,15.7046,13.4092,0.115865,1.844026,0.0332,0.9759,730.0,145.0,100.05,6742.5,1102.62,1100.48
2019,maize,9.1239,13.3796,-0.110156,8.051011,0.0357,1.0061,730.0,185.0,100.05,5845.1,838.28,1098.88
2020,maize,10.7857,13.3765,-0.024384,2.348813,0.0341,0.9806,730.0,190.0,100.05,6304.5,948.14,1099.23
2021,maize,12.3812,13.3259,-0.017398,0.659479,0.0391,0.9923,732.0,260.0,100.05,6790.0,998.3,1095.99
2022,maize,13.1292,13.3018,0.035501,0.270198,0.0372,1.0732,732.0,355.0,100.05,6884.6,926.95,1092.71
2023,maize,13.3148,13.3345,-0.009287,0.899052,0.0481,1.1239,732.0,220.0,100.05,7039.1,1100.56,1096.02
2024,maize,9.7449,13.3121,-0.132163,1.89579,0.0476,1.3951,730.0,260.0,100.05,6358.9,891.72,1093.91
2025,maize,13.6416,13.3284,0.034287,1.182821,0.0491,1.1343,734.0,175.0,100.05,7011.6,1137.5,1095.68
2026,maize,17.15,13.3613,0.229643,8.030793,0.0373,1.0019,735.0,225.0,100.05,7605.7,1235.43,1096.66
2027,maize,9.8692,13.3724,-0.066258,1.731623,0.0436,1.0066,732.0,155.0,100.05,5828.6,862.94,1097.05
2028,maize,13.5794,13.3665,0.087788,1.730904,0.0503,1.2167,735.0,175.0,100.05,7109.7,1161.43,1097.9
2029,maize,13.5828,13.3624,0.067929,0.818626,0.0505,1.027,732.0,155.0,100.05,7211.9,1208.78,1098.11
2030,maize,13.9347,13.3993,0.143882,2.288675,0.0467,0.9907,730.0,305.0,100.05,7172.9,1050.22,1100.46
2031,maize,18.3044,13.4137,0.300571,8.61401,0.0357,1.0024,735.0,180.0,100.05,7902.3,1354.58,1100.11
2032,maize,11.0754,13.394,-0.050727,0.759175,0.0528,1.1911,730.0,210.0,100.05,6970.3,1094.58,1099.35
2033,maize,10.8374,13.3755,-0.071756,0.992464,0.0604,1.1315,730.0,90.0,100.05,6563.1,1112.79,1099.41
2034,maize,13.0326,13.3569,-0.026956,1.310438,0.0606,0.9926,730.0,135.0,100.05,6923.7,1157.93,1098.37
2035,maize,15.3021,13.3221,0.060947,0.577723,0.0594,1.0296,730.0,205.0,100.05,7197.5,1156.38,1097.87
2036,maize,8.325,13.2764,-0.09243,7.903939,0.0682,1.0724,735.0,175.0,100.05,5692.0,806.99,1093.98
2037,maize,10.7103,13.2509,-0.062771,0.469133,0.076,1.2911,744.0,275.0,100.05,7023.9,1034.58,1092.93
2038,maize,14.1964,13.2469,-0.007926,0.150126,0.0805,1.0472,734.0,290.0,100.05,7122.2,1050.16,1092.63
2039,maize,14.6545,13.2497,0.055894,0.543834,0.0822,1.0785,732.0,300.0,100.05,7185.8,1057.25,1090.29
2040,maize,16.0448,13.2452,0.109091,2.044941,0.0758,1.0386,730.0,165.0,100.05,7432.7,1255.18,1091.06
2041,maize,13.7663,13.2521,0.085414,0.958687,0.0735,1.0376,730.0,205.0,100.05,7281.8,1177.46,1092.85
2042,maize,16.534,13.2594,0.165848,2.150186,0.0663,1.0132,732.0,190.0,100.05,7656.8,1285.0,1093.91
2043,maize,9.8413,13.2272,-0.193555,4.444803,0.1034,1.3402,735.0,350.0,100.05,6706.7,885.69,1092.4
2044,maize,14.1084,13.2163,0.034516,0.646927,0.083,1.208,730.0,200.0,100.05,7137.1,1146.27,1091.84
2045,maize,12.5782,13.2027,-0.048816,0.814991,0.0943,1.1841,732.0,230.0,100.05,6798.2,1030.35,1088.9
2046,maize,12.599,13.191,-0.052744,2.818525,0.0776,1.1997,732.0,160.0,100.05,7324.3,1231.88,1089.41
2047,maize,11.4003,13.21,-0.132294,3.723978,0.0873,1.0462,735.0,195.0,100.05,6867.5,1080.88,1093.32
2048,maize,13.9105,13.201,-0.064099,1.566334,0.1033,1.2692,730.0,245.0,100.05,6962.7,1057.67,1090.66
2049,maize,15.5516,13.2041,0.09814,1.139021,0.0954,1.1767,730.0,215.0,100.05,7420.7,1202.19,1090.69
2050,maize,13.9039,13.2136,0.001616,0.446462,0.1061,1.0868,744.0,320.0,100.05,7241.0,1043.84,1089.9
2051,maize,10.1469,13.2499,-0.275786,5.332929,0.1293,1.4589,734.0,170.0,100.05,6366.9,981.32,1089.98
2052,maize,8.8289,13.2049,-0.157487,6.226889,0.1087,1.1861,732.0,155.0,100.05,5813.8,859.25,1087.37
2053,maize,12.1354,13.1783,-0.030497,0.657714,0.1177,1.0682,732.0,165.0,100.05,6709.3,1073.13,1086.23
2054,maize,16.8532,13.2042,0.128672,2.183177,0.1115,1.098,732.0,220.0,100.05,7325.0,1172.06,1087.27
2055,maize,17.2953,13.2309,0.268843,5.882642,0.1029,1.1447,734.0,155.0,100.05,7597.0,1303.86,1088.43
2056,maize,12.7658,13.2201,-0.006753,0.214347,0.1287,1.2055,737.0,225.0,100.05,6892.7,1055.98,1087.95
2057,maize,9.4676,13.2167,-0.216638,2.722416,0.143,1.1855,736.0,230.0,100.05,6179.0,873.15,1086.57
2058,maize,10.8192,13.1897,-0.084749,0.448951,0.1421,1.2138,748.0,165.0,100.05,6863.5,1102.06,1086.09
2059,maize,16.1178,13.2372,0.263827,3.700492,0.137,1.3468,732.0,240.0,100.05,7413.9,1174.27,1087.66
2060,maize,7.0695,13.1608,-0.362995,7.159858,0.1457,1.3125,741.0,210.0,100.05,5381.0,690.65,1081.78
2061,maize,13.347,13.2221,0.092375,2.173288,0.1474,1.3149,734.0,250.0,100.05,7229.3,1116.91,1084.78
2062,maize,15.2445,13.2445,0.238069,3.702371,0.1153,1.0603,732.0,205.0,100.05,7309.4,1183.15,1086.39
2063,maize,13.8469,13.2268,0.075661,2.446473,0.1559,1.1654,734.0,175.0,100.05,7073.4,1152.94,1086.14
2064,maize,10.4508,13.1859,0.004008,0.817609,0.1199,1.1439,738.0,110.0,100.05,6470.6,1064.85,1084.97
2065,maize,15.5355,13.2242,0.303756,4.558867,0.106,1.0659,734.0,185.0,100.05,7884.7,1345.79,1086.86
2066,maize,11.5123,13.2052,0.025504,0.402582,0.1226,1.2565,748.0,200.0,100.05,7465.7,1217.64,1088.47
2067,maize,3.6631,13.1563,-0.470859,11.997144,0.1307,1.5208,747.0,315.0,100.05,5286.5,558.42,1086.11
2068,maize,13.328,13.1356,0.080888,1.005741,0.1348,1.2254,734.0,185.0,100.05,7100.2,1149.66,1085.03
2069,maize,18.8114,13.1982,0.323296,9.860636,0.1078,1.0662,736.0,115.0,100.05,8008.3,1445.47,1087.23
2070,maize,13.5347,13.1915,0.06733,0.623849,0.1122,1.1089,740.0,215.0,100.05,7236.3,1150.07,1087.21
2071,maize,14.3861,13.197,-0.014754,0.716594,0.1221,1.0747,735.0,225.0,100.05,6681.2,1004.3,1085.02
2072,maize,12.5789,13.1701,0.06503,0.296259,0.1335,1.3031,738.0,280.0,100.05,7188.1,1074.23,1085.19
2073,maize,15.9293,13.1844,0.138902,1.521864,0.1034,1.0997,732.0,250.0,100.05,7389.0,1158.05,1085.51
2074,maize,12.082,13.1699,-0.075042,2.061558,0.1156,1.1825,734.0,315.0,100.05,7042.5,1005.22,1083.88
2075,maize,10.9307,13.1145,-0.310649,3.034473,0.1226,1.5327,742.0,190.0,100.05,7027.6,1121.71,1081.61
2076,maize,13.8459,13.1556,-0.017816,0.504843,0.1058,1.0976,730.0,230.0,100.05,6898.4,1056.59,1084.5
2077,maize,15.7594,13.2022,0.026682,0.35653,0.109,1.0783,737.0,325.0,100.05,7795.4,1181.66,1087.13
2078,maize,14.4907,13.1945,-0.010351,1.290013,0.0824,1.0781,734.0,160.0,100.05,7029.7,1157.03,1086.02
2079,maize,13.9851,13.1612,-0.022031,0.626429,0.0835,1.2831,732.0,235.0,100.05,7334.7,1159.47,1084.2
2080,maize,15.3841,13.1344,0.053808,0.448817,0.0856,1.0686,734.0,200.0,100.05,7529.1,1241.89,1082.05
2081,maize,12.9598,13.1301,-0.17709,2.054517,0.0855,1.4704,732.0,170.0,100.05,7197.9,1190.27,1084.0
2082,maize,11.4732,13.0843,-0.119145,1.491752,0.083,1.1024,742.0,195.0,100.05,6509.6,987.2,1081.81
2083,maize,15.5596,13.1656,0.059352,0.521407,0.0765,1.0926,742.0,230.0,100.05,7274.9,1143.52,1086.47
2084,maize,12.3272,13.1685,-0.082347,0.653313,0.0802,1.1625,732.0,410.0,100.05,7138.4,935.39,1083.82
2085,maize,17.4589,13.1764,0.129537,3.48055,0.0617,1.057,732.0,200.0,100.05,8078.1,1380.33,1085.26
2086,maize,15.8852,13.2016,0.086589,1.477343,0.0612,1.0636,732.0,210.0,100.05,7614.4,1254.41,1087.58
2087,maize,15.7521,13.2439,0.064744,1.121495,0.0583,1.0748,737.0,210.0,100.05,7348.9,1185.02,1090.66
2088,maize,9.6833,13.1874,-0.221587,4.437275,0.07,1.2173,732.0,220.0,100.05,6864.8,1057.0,1088.58
2089,maize,9.183,13.1349,-0.247367,4.235364,0.0663,1.4954,732.0,295.0,100.05,6573.7,909.23,1085.99
2090,maize,7.7855,13.1053,-0.286258,7.922412,0.0611,1.4091,732.0,290.0,100.05,5634.1,679.33,1081.14
2091,maize,12.8381,13.092,-0.107759,1.138856,0.0602,1.0851,730.0,235.0,100.05,6642.6,987.65,1079.92
2092,maize,13.9312,13.0945,-0.031771,1.327652,0.064,1.2468,734.0,220.0,100.05,7174.4,1133.21,1081.73
2093,maize,13.1899,13.0468,0.017098,1.665409,0.0567,1.2214,739.0,200.0,100.04,7119.0,1136.34,1080.53
2094,maize,15.1511,13.0557,0.083304,1.070912,0.0451,1.0368,730.0,230.0,100.05,7197.2,1131.31,1080.2
2095,maize,13.1797,13.0613,-0.014662,0.502385,0.0473,1.0988,732.0,180.0,100.05,6947.5,1117.68,1081.66
2096,maize,14.1893,13.0408,0.047721,1.576208,0.0532,1.12,730.0,195.0,100.04,7212.9,1170.23,1079.87
2097,maize,12.6521,13.0843,-0.079463,1.617705,0.0559,1.3385,730.0,235.0,100.05,7205.6,1128.41,1083.47
2098,maize,12.2083,13.0835,-0.003691,1.240112,0.0482,1.0614,730.0,220.0,100.05,6863.7,1057.93,1084.42
2099,maize,15.7544,13.1246,0.084594,0.798909,0.0434,1.0258,734.0,250.0,100.05,6738.8,994.3,1085.36
2100,maize,14.3174,13.1636,0.084892,0.59673,0.0416,1.0413,737.0,210.0,100.05,7275.3,1166.63,1089.05
2101,maize,12.5824,13.1387,-0.097312,1.029791,0.0486,1.2178,737.0,230.0,100.05,7119.6,1107.7,1086.98
2102,maize,14.8954,13.1649,0.045987,0.522347,0.0418,1.0419,730.0,185.0,100.05,6944.9,1113.23,1087.29
2103,maize,13.8955,13.1642,-0.008399,0.473083,0.0439,1.0512,732.0,215.0,100.05,7245.7,1157.23,1087.88
2104,maize,17.41,13.1869,0.091556,1.386919,0.0466,1.0399,730.0,145.0,100.05,7708.1,1344.03,1088.39
2105,maize,10.8867,13.1611,-0.090809,1.735288,0.0527,1.3719,730.0,370.0,100.05,6814.9,895.74,1087.35
2106,maize,11.5423,13.1711,-0.171406,7.347617,0.045,1.0321,730.0,105.0,100.05,5948.4,944.11,1088.98
2107,maize,7.4199,13.1035,-0.277392,16.851738,0.0517,1.1891,730.0,170.0,100.05,5149.8,679.44,1084.87
2108,maize,12.484,13.0681,-0.058887,0.715389,0.0506,1.0989,730.0,250.0,100.05,6934.2,1045.54,1081.2
2109,maize,11.2155,13.0629,-0.123564,2.059476,0.0495,1.0516,739.0,130.0,100.05,6958.8,1166.31,1083.37
2110,maize,10.1108,12.9993,-0.230232,5.497491,0.0457,1.3741,730.0,235.0,100.04,6349.3,914.31,1079.14
2111,maize,1.8886,12.8783,-0.348752,37.16655,0.048,1.1249,730.0,215.0,100.04,3461.9,212.48,1068.51
2112,maize,14.7735,12.9105,0.094712,2.139864,0.043,1.1629,735.0,190.0,100.04,7639.4,1278.86,1071.68
2113,maize,14.496,12.9172,0.120126,2.07627,0.0418,1.0647,732.0,365.0,100.04,7345.2,1032.1,1071.42
2114,maize,15.5092,12.9677,0.155949,3.111458,0.041,1.0313,734.0,190.0,100.04,7731.2,1302.39,1075.24
2115,maize,13.1558,12.9803,0.11444,1.53033,0.0408,1.0557,734.0,320.0,100.04,6195.0,788.34,1071.4
2116,maize,15.0499,12.9976,0.123806,5.218761,0.0456,1.0956,732.0,210.0,100.04,7544.1,1236.83,1074.01
2117,maize,15.4084,13.0097,0.12926,3.794511,0.0422,1.086,732.0,150.0,100.04,7687.4,1332.65,1078.12
2118,maize,10.1228,12.9539,-0.097227,1.53249,0.0543,1.1829,730.0,210.0,100.04,6375.2,945.81,1076.55
2119,maize,14.5463,13.0081,0.074735,1.254253,0.0556,1.0466,732.0,160.0,100.04,7542.9,1286.52,1081.03
2120,maize,16.2497,13.0627,0.120063,4.302426,0.0465,1.0714,730.0,180.0,100.05,7327.1,1213.77,1083.69
2121,maize,11.3376,13.0523,-0.034386,0.609527,0.0528,1.0671,732.0,200.0,100.05,6505.2,987.11,1083.58
2122,maize,16.2233,13.0832,0.045832,2.845274,0.0465,1.0573,737.0,330.0,100.05,7368.8,1070.01,1085.01
2123,maize,14.5429,13.0955,0.0139,0.820764,0.0531,1.0585,737.0,220.0,100.05,7272.8,1155.99,1085.56
2124,maize,13.8397,13.1365,-0.047679,0.740953,0.0606,1.2136,730.0,260.0,100.05,6949.3,1039.32,1087.04
2125,maize,7.7761,13.0778,-0.330438,8.50592,0.0672,1.3968,735.0,250.0,100.05,5440.8,669.2,1082.36
2126,maize,12.9979,13.0363,-0.10426,1.054093,0.0649,1.0617,739.0,195.0,100.04,7240.1,1171.63,1081.72
2127,maize,15.2481,13.0901,-0.003654,0.342251,0.0583,1.0532,735.0,280.0,100.05,7111.8,1056.94,1083.66
2128,maize,13.4566,13.0888,-0.12559,1.521747,0.0642,1.2005,739.0,140.0,100.05,7424.8,1272.81,1084.77
2129,maize,13.4088,13.0871,-0.047306,0.650589,0.0572,1.0536,735.0,170.0,100.05,7112.1,1167.03,1084.35
2130,maize,12.8336,13.0761,-0.066724,1.382595,0.0586,1.0421,737.0,170.0,100.05,7391.9,1235.79,1086.21
2131,maize,11.054,13.0036,-0.116224,4.02646,0.0626,1.0615,732.0,190.0,100.04,6882.7,1091.47,1083.58
2132,maize,9.3169,12.986,-0.211241,4.48763,0.0689,1.2775,732.0,260.0,100.04,6694.3,974.38,1082.38
2133,maize,13.7449,13.0151,0.057983,0.31316,0.0618,1.1936,738.0,280.0,100.04,7045.7,1038.63,1081.64
2134,maize,12.2924,13.0077,-0.088038,1.201496,0.0563,1.0668,735.0,280.0,100.04,6816.9,983.21,1079.89
2135,maize,17.0484,13.0251,0.207609,4.452022,0.0508,1.0611,732.0,185.0,100.04,7978.1,1370.32,1082.03
2136,maize,15.1807,13.0937,0.069612,1.121157,0.0615,1.0683,732.0,195.0,100.05,7197.8,1165.24,1085.61
2137,maize,8.9651,13.0762,-0.148837,1.554294,0.0769,1.4171,741.0,360.0,100.05,6872.0,913.4,1084.4
2138,maize,8.9589,13.0239,-0.00985,3.394304,0.0639,1.069,732.0,155.0,100.04,5727.1,837.58,1082.27
2139,maize,15.991,13.0372,0.241898,4.48346,0.06,1.0499,736.0,225.0,100.04,7264.5,1149.52,1083.2
2140,maize,11.0771,12.9876,-0.017282,1.190716,0.0738,1.2683,737.0,370.0,100.04,6953.3,926.13,1079.9
2141,maize,10.6407,12.9563,-0.045877,0.373108,0.0764,1.1082,734.0,265.0,100.04,6817.9,999.06,1078.12
2142,maize,12.1477,12.9124,0.024838,0.360991,0.0846,1.2122,739.0,285.0,100.04,7079.5,1041.47,1075.69
2143,maize,15.6991,12.971,0.203392,4.454694,0.068,1.0659,734.0,140.0,100.04,7511.9,1297.56,1079.8
2144,maize,13.8432,12.9684,0.215314,2.295124,0.0856,1.0749,736.0,245.0,100.04,6911.2,1041.21,1078.75
2145,maize,13.824,12.9808,0.05618,0.885294,0.0861,1.0931,736.0,155.0,100.04,6946.5,1140.02,1079.85
2146,maize,14.2377,12.9972,0.117908,1.717773,0.0775,1.0951,739.0,195.0,100.04,7755.4,1300.44,1080.54
2147,maize,14.8291,13.0315,0.179312,1.710664,0.0874,1.3374,732.0,350.0,100.04,7316.8,1040.01,1080.13
2148,maize,18.6229,13.0786,0.286062,7.349784,0.0757,1.0575,732.0,100.0,100.05,8079.7,1480.73,1084.36
2149,maize,10.6892,13.03,-0.191292,1.681336,0.0958,1.3303,730.0,265.0,100.04,6875.5,1015.87,1082.49
2150,maize,17.4336,13.0653,0.241599,4.313892,0.0778,1.0646,734.0,295.0,100.05,8115.7,1293.53,1084.99
2151,maize,14.3035,13.1069,0.02515,1.410733,0.0796,1.0576,739.0,240.0,100.05,7122.3,1097.18,1086.15
2152,maize,9.0873,13.1094,-0.218229,9.906708,0.0829,1.0977,732.0,235.0,100.05,6576.9,970.02,1087.26
2153,maize,0.6875,12.995,-0.716509,49.196819,0.094,1.4721,732.0,235.0,100.04,4524.5,456.91,1081.1
2154,maize,12.0002,12.9464,-0.24176,3.153761,0.097,1.193,746.0,210.0,100.04,7393.2,1190.71,1081.28
2155,maize,12.8126,12.9016,-0.098806,2.34786,0.095,1.1228,739.0,200.0,100.04,7188.7,1153.77,1079.78
2156,maize,15.4928,12.9289,0.020243,0.501347,0.087,1.07,732.0,130.0,100.04,7583.9,1326.78,1082.49
2157,maize,14.8102,12.9823,0.085101,0.827835,0.0797,1.0608,736.0,240.0,100.04,7614.9,1222.12,1085.98
2158,maize,13.8012,13.0121,-0.040428,0.88242,0.0919,1.0951,730.0,185.0,100.04,6973.9,1120.48,1086.16
2159,maize,14.0022,12.991,0.052059,1.64279,0.0775,1.0676,737.0,205.0,100.04,6707.9,1029.79,1084.72
2160,maize,12.2227,13.0425,-0.10411,0.972101,0.0867,1.1664,734.0,200.0,100.04,6853.5,1072.98,1088.54
2161,maize,14.4527,13.0536,0.070158,1.058814,0.0834,1.0893,732.0,175.0,100.05,7119.0,1165.55,1089.03
2162,maize,14.8017,13.0491,0.041971,1.06111,0.0946,1.0623,734.0,195.0,100.04,7678.3,1284.18,1090.04
2163,maize,15.3119,13.0638,0.10589,3.049645,0.0899,1.2245,739.0,355.0,100.05,7701.5,1126.98,1089.78
2164,maize,13.2009,13.0913,-0.036869,0.478808,0.076,1.0795,734.0,170.0,100.05,6528.4,1021.71,1089.35
2165,maize,11.025,13.0462,-0.110567,2.751575,0.106,1.542,734.0,340.0,100.04,6520.0,849.59,1084.39
2166,maize,16.5479,13.0965,0.178852,4.908003,0.0899,1.0677,735.0,155.0,100.05,7995.8,1402.94,1086.24
2167,maize,14.4611,13.2045,0.008077,1.651554,0.0862,1.2962,734.0,215.0,100.05,7227.2,1151.41,1092.17
2168,maize,10.7339,13.1786,-0.21391,2.554379,0.0895,1.5247,738.0,325.0,100.05,6777.7,926.62,1089.94
2169,maize,12.9888,13.1203,-0.028884,0.400471,0.0837,1.0906,732.0,215.0,100.05,6948.5,1082.92,1086.31
2170,maize,13.6724,13.1217,0.097669,1.173386,0.0775,1.1045,741.0,220.0,100.05,7735.4,1269.25,1087.5
2171,maize,10.0038,13.0779,-0.278601,4.974034,0.0979,1.311,736.0,275.0,100.05,6513.3,911.73,1086.58
2172,maize,11.3642,13.0658,-0.071688,1.793771,0.0887,1.2743,735.0,155.0,100.05,6336.8,988.21,1085.72
2173,maize,5.9029,12.9655,-0.351319,22.664104,0.0883,1.0753,736.0,295.0,100.04,4743.0,449.15,1078.63
2174,maize,10.1554,12.9462,-0.23525,2.858561,0.082,1.0825,773.0,215.0,100.04,7258.6,1135.86,1079.94
2175,maize,12.226,12.9592,-0.042514,1.417649,0.0827,1.2009,732.0,210.0,100.04,6177.8,895.24,1077.67
2176,maize,14.9185,12.9699,0.052269,0.750845,0.0768,1.1248,730.0,230.0,100.04,7302.3,1157.57,1078.68
2177,maize,14.9446,12.9618,0.092417,0.998747,0.0675,1.0764,737.0,225.0,100.04,7279.3,1152.63,1078.39
2178,maize,12.2104,12.9389,0.032488,0.537402,0.0781,1.3844,732.0,135.0,100.04,6972.0,1168.79,1078.51
2179,maize,13.4434,12.9335,-0.064363,1.235071,0.0661,1.2693,734.0,160.0,100.04,6858.2,1114.14,1078.05
2180,maize,15.3822,12.9335,0.08291,1.579806,0.0701,1.111,737.0,250.0,100.04,7631.5,1215.67,1077.79
2181,maize,10.5768,12.9097,-0.062933,3.117576,0.0689,1.1445,736.0,155.0,100.04,6948.0,1140.4,1077.29
2182,maize,13.4431,12.9294,0.037602,0.542649,0.0612,1.2586,739.0,295.0,100.04,7409.1,1113.88,1078.56
2183,maize,12.5659,12.8994,0.036902,0.876291,0.0699,1.1058,732.0,250.0,100.04,6831.2,1018.61,1077.31
2184,maize,12.1006,12.8972,-0.043415,1.156148,0.0726,1.2541,741.0,205.0,100.04,6941.2,1085.7,1078.81
2185,maize,15.4919,12.8775,0.191601,3.52035,0.0591,1.0725,735.0,290.0,100.04,7463.8,1134.95,1076.36
2186,maize,13.5027,12.8537,0.079854,0.799782,0.0601,1.125,734.0,200.0,100.04,7561.6,1250.01,1076.32
2187,maize,-8.1418,12.6147,-1.100612,35.254238,0.0962,1.603,174.0,110.0,100.04,0.0,-214.4,1062.32
2188,maize,9.3977,12.6119,-0.026955,7.068252,0.0526,1.0711,730.0,200.0,100.04,5816.9,816.23,1059.91
2189,maize,15.6256,12.6763,0.105396,1.371281,0.0543,1.0723,732.0,275.0,100.04,7404.1,1136.83,1062.19
2190,maize,12.0486,12.7189,-0.004577,0.432198,0.0495,1.2257,730.0,185.0,100.04,6884.4,1098.1,1066.38
2191,maize,12.8175,12.7187,0.010505,1.131483,0.0514,1.0918,730.0,250.0,100.04,6345.9,898.47,1065.49
2192,maize,15.9543,12.739,0.198507,2.504561,0.0404,1.0657,734.0,265.0,100.04,7755.9,1233.57,1066.49
2193,maize,7.644,12.6835,-0.264716,4.056205,0.0594,1.5887,735.0,265.0,100.04,6627.8,950.94,1064.64
2194,maize,16.4435,12.6964,0.123374,3.178207,0.0437,1.0653,730.0,190.0,100.04,7616.2,1276.06,1066.08
2195,maize,11.2743,12.6774,-0.030942,2.159865,0.0356,1.0782,730.0,155.0,100.04,6303.5,982.88,1064.74
2196,maize,3.3879,12.5694,-0.280522,17.989597,0.0489,1.2652,732.0,175.0,100.04,4648.8,548.0,1058.51
2197,maize,16.1971,12.6048,0.112684,2.632631,0.0432,1.0726,736.0,350.0,100.04,7523.5,1089.28,1058.12
2198,maize,11.8935,12.6017,0.059292,0.370477,0.0497,1.1241,742.0,285.0,100.04,7410.2,1122.34,1058.77
2199,maize,16.393,12.6081,0.297777,7.429908,0.0406,1.0844,736.0,255.0,100.04,7705.1,1229.67,1061.12
2200,maize,16.4419,12.6293,0.063784,2.432645,0.0507,1.2038,730.0,235.0,100.04,7936.1,1311.03,1062.56
2201,maize,5.8902,12.5624,-0.26303,16.225574,0.0549,1.1221,737.0,225.0,100.04,4560.5,472.93,1056.22
2202,maize,7.6495,12.4899,-0.331425,4.616739,0.0619,1.5064,732.0,380.0,100.04,6158.9,720.52,1052.29
2203,maize,7.9781,12.4307,-0.343779,8.163377,0.0595,1.4312,734.0,230.0,100.04,5588.3,726.67,1047.98
2204,maize,11.7076,12.3737,-0.164415,1.60647,0.0627,1.3358,737.0,235.0,100.04,6995.1,1071.57,1045.26
2205,maize,16.573,12.4306,0.142893,4.337057,0.0506,1.0788,737.0,215.0,100.04,7928.3,1324.88,1049.55
2206,maize,9.2818,12.408,-0.188,3.741923,0.0586,1.2629,735.0,290.0,100.04,6104.9,795.22,1048.06
2207,maize,10.261,12.4364,-0.078219,0.847739,0.0573,1.382,732.0,360.0,100.04,6467.5,817.68,1049.44
2208,maize,15.0153,12.4617,0.109117,3.022905,0.0552,1.1084,732.0,305.0,100.04,7462.3,1121.38,1050.2
2209,maize,10.3534,12.4531,0.012233,0.904253,0.0595,1.5358,730.0,270.0,100.04,6775.7,985.92,1048.4
2210,maize,6.5283,12.4173,-0.232479,8.584641,0.0608,1.1569,730.0,315.0,100.04,5209.5,549.37,1044.75
2211,maize,16.0812,12.5592,0.168049,4.641908,0.0584,1.0749,740.0,165.0,100.04,7674.1,1309.53,1055.72
2212,maize,16.1541,12.573,0.255405,6.211148,0.0571,1.067,741.0,325.0,100.04,7700.5,1155.51,1054.49
2213,maize,16.0391,12.5884,0.236325,3.838734,0.0684,1.1306,744.0,145.0,100.04,7961.7,1399.03,1058.16
2214,maize,16.8415,12.6017,0.184052,4.252563,0.0641,1.0616,732.0,290.0,100.04,7329.1,1103.08,1056.16
2215,maize,14.6232,12.6164,0.076814,1.303366,0.078,1.0782,732.0,295.0,100.04,7243.5,1076.67,1059.05
2216,maize,10.4837,12.5708,-0.084216,3.572127,0.0742,1.075,735.0,155.0,100.04,6188.6,951.15,1056.19
2217,maize,13.9712,12.5564,0.105712,0.895865,0.0795,1.2974,736.0,250.0,100.04,7265.1,1124.68,1054.11
2218,maize,16.0772,12.6159,0.08836,1.313198,0.0824,1.216,730.0,280.0,100.04,7638.3,1191.59,1056.57
2219,maize,14.2121,12.6126,0.108587,0.88768,0.0887,1.073,735.0,305.0,100.04,7471.8,1121.96,1054.92
2220,maize,10.181,12.5519,-0.257583,6.137312,0.0937,1.1202,738.0,315.0,100.04,6541.5,877.59,1051.56
2221,maize,12.0248,12.5588,-0.1259,2.008341,0.0916,1.2849,750.0,300.0,100.04,6859.1,964.76,1051.34
2222,maize,11.5075,12.5116,-0.243924,5.583947,0.0943,1.1438,743.0,240.0,100.04,6729.6,996.6,1050.6
2223,maize,12.8433,12.4946,-0.099961,2.002062,0.1009,1.1018,735.0,265.0,100.04,7124.6,1075.14,1049.79
2224,maize,14.5098,12.5013,-0.062886,1.236235,0.0941,1.0617,741.0,125.0,100.04,7522.7,1311.08,1052.51
2225,maize,11.3934,12.5375,-0.183706,3.322443,0.0956,1.2769,734.0,280.0,100.04,6938.1,1014.12,1055.96
2226,maize,11.6655,12.5242,-0.057941,3.026045,0.0883,1.1189,735.0,165.0,100.04,6692.0,1067.0,1054.91
2227,maize,15.0399,12.5221,0.099712,0.963255,0.0771,1.0763,739.0,300.0,100.04,7651.5,1169.47,1056.04
2228,maize,9.5613,12.4831,-0.282401,6.867752,0.0952,1.3883,732.0,385.0,100.04,6018.9,680.53,1050.12
2229,maize,15.1949,12.501,0.081073,0.522619,0.0791,1.0636,759.0,290.0,100.04,7647.2,1166.4,1050.11
2230,maize,15.8768,12.5314,0.214766,2.151813,0.0796,1.0494,740.0,280.0,100.04,7668.6,1193.16,1049.68
2231,maize,15.2794,12.5737,0.069069,1.311685,0.0906,1.0886,737.0,230.0,100.04,7507.1,1204.58,1050.81
2232,maize,15.7067,12.6376,0.182041,1.898048,0.0966,1.059,739.0,290.0,100.04,7251.6,1079.49,1051.87
2233,maize,6.1534,12.5617,-0.287488,12.73362,0.1002,1.2327,744.0,205.0,100.04,5253.5,661.97,1048.1
2234,maize,11.3926,12.5527,-0.10138,0.563223,0.115,1.2375,743.0,260.0,100.04,6858.6,1008.85,1048.36
2235,maize,11.4359,12.4965,-0.099486,0.96805,0.1204,1.2233,739.0,275.0,100.04,6980.3,1026.68,1044.92
2236,maize,12.0437,12.4652,-0.057462,0.758116,0.1101,1.365,741.0,260.0,100.04,7175.5,1089.28,1044.16
2237,maize,12.1757,12.4973,-0.099512,1.707617,0.1106,1.1624,736.0,300.0,100.04,7343.4,1094.26,1045.97
2238,maize,16.0191,12.5679,0.143724,1.913626,0.1135,1.0622,736.0,275.0,100.04,7690.5,1206.03,1049.65
2239,maize,14.6302,12.5543,0.111683,0.739962,0.0915,1.049,747.0,215.0,100.04,7858.8,1301.51,1051.17
2240,maize,16.0817,12.6043,0.25975,5.066957,0.1149,1.0726,742.0,215.0,100.04,7827.9,1296.79,1054.88
2241,maize,14.3056,12.641,0.055491,1.048727,0.127,1.3161,744.0,340.0,100.04,7474.0,1082.1,1055.71
2242,maize,12.4382,12.6439,-0.039753,0.618026,0.1273,1.2491,738.0,300.0,100.04,6967.7,999.12,1055.29
2243,maize,9.773,12.5846,-0.233825,3.354558,0.1335,1.2724,741.0,150.0,100.04,7081.0,1175.64,1054.07
2244,maize,9.4994,12.5412,-0.196555,2.853847,0.1254,1.4481,734.0,295.0,100.04,6486.1,886.12,1052.52
2245,maize,11.4549,12.5175,-0.029335,0.388639,0.1352,1.2133,745.0,205.0,100.04,7185.9,1144.47,1052.56
2246,maize,14.6774,12.5219,0.10305,1.790507,0.1364,1.2176,739.0,305.0,100.04,7400.9,1101.82,1050.57
2247,maize,15.1495,12.5251,0.128102,1.163149,0.1246,1.308,736.0,200.0,100.04,7679.1,1278.17,1052.96
2248,maize,8.7838,12.4267,-0.294838,5.083,0.1526,1.5565,741.0,255.0,100.04,6248.5,862.53,1046.77
2249,maize,8.4985,12.4048,-0.132449,4.865609,0.127,1.0826,738.0,230.0,100.04,6106.8,853.89,1045.15
2250,maize,12.1634,12.3521,-0.021051,0.256799,0.1477,1.285,732.0,290.0,100.04,7158.6,1060.44,1042.82
2251,maize,10.0398,12.3094,-0.055734,0.785542,0.1528,1.2902,741.0,265.0,100.04,7016.6,1044.55,1042.3
2252,maize,16.6941,12.3855,0.292848,5.941463,0.1242,1.0578,739.0,320.0,100.04,8107.3,1263.42,1045.23
2253,maize,11.086,12.4895,0.104553,0.727244,0.1334,1.4128,753.0,225.0,100.04,6949.3,1060.52,1051.27
2254,maize,11.3685,12.4832,-0.030512,0.554751,0.1381,1.0881,752.0,160.0,100.04,6650.2,1051.36,1049.87
2255,maize,9.9187,12.4542,-0.094866,0.867901,0.1526,1.3272,743.0,270.0,100.04,6703.3,960.02,1047.94
2256,maize,12.0002,12.4193,0.101271,1.601853,0.1419,1.1729,743.0,265.0,100.04,7115.7,1068.14,1045.35
2257,maize,12.0267,12.3915,0.040943,1.340799,0.1316,1.3075,743.0,245.0,100.04,6793.5,1007.56,1043.2
2258,maize,12.2997,12.3765,0.101572,1.141322,0.133,1.2155,752.0,260.0,100.04,7314.2,1117.35,1043.17
2259,maize,15.4795,12.3912,0.297299,3.778508,0.1414,1.3189,741.0,200.0,100.04,7589.8,1252.85,1045.4
2260,maize,10.4194,12.3732,0.067403,0.700008,0.148,1.3484,738.0,270.0,100.04,6808.5,989.33,1044.57
2261,maize,14.9718,12.3784,0.220881,3.674214,0.1411,1.0788,742.0,250.0,100.04,7510.1,1182.32,1044.73
2262,maize,11.7169,12.3476,0.08272,0.540941,0.1462,1.3723,741.0,270.0,100.04,7403.9,1136.38,1043.26
2263,maize,11.2323,12.3068,0.100861,2.416621,0.1467,1.0775,742.0,170.0,100.04,6470.9,1002.53,1042.01
2264,maize,11.9008,12.2938,0.015637,0.363753,0.1399,1.2878,752.0,390.0,100.04,7416.2,1012.85,1041.92
2265,maize,15.7467,12.341,0.197438,2.393594,0.1332,1.0905,744.0,280.0,100.04,7437.5,1132.97,1044.76
2266,maize,11.6118,12.2916,-0.050391,1.693,0.1354,1.2082,732.0,275.0,100.04,6667.2,952.6,1040.25
2267,maize,7.8747,12.2257,-0.258479,3.030723,0.1443,1.3735,763.0,425.0,100.04,6546.8,753.91,1036.28
2268,maize,11.2613,12.231,-0.043335,0.623182,0.1282,1.1204,742.0,280.0,100.04,7174.8,1068.49,1037.7
2269,maize,13.9166,12.2403,0.105529,0.63417,0.133,1.2,741.0,270.0,100.04,7740.9,1220.63,1039.07
2270,maize,11.2359,12.2159,-0.033303,0.494407,0.1288,1.4907,742.0,340.0,100.04,6988.8,962.01,1036.0
2271,maize,14.1601,12.2575,0.134658,1.167918,0.1296,1.0814,746.0,225.0,100.04,7571.1,1220.18,1039.09
2272,maize,15.2219,12.2961,0.163396,1.847844,0.1255,1.0556,739.0,225.0,100.04,7378.6,1176.24,1040.97
2273,maize,13.6399,12.3734,0.028318,0.53777,0.1391,1.2735,736.0,160.0,100.04,7222.4,1204.0,1048.52
2274,maize,10.8431,12.3803,-0.134925,1.643234,0.1332,1.1019,739.0,275.0,100.04,6280.3,851.68,1045.67
2275,maize,8.8293,12.3464,-0.275341,5.482709,0.1256,1.2215,741.0,405.0,100.04,5833.1,608.66,1042.81
2276,maize,-9.2525,12.1046,-1.891278,65.005539,0.22,1.5686,203.0,55.0,100.04,0.0,-176.8,1029.46
2277,maize,15.6665,12.1119,0.210213,3.310235,0.1223,1.1849,746.0,285.0,100.04,7917.5,1246.79,1030.41
2278,maize,14.1812,12.1316,0.075689,0.976143,0.117,1.2663,737.0,325.0,100.04,7234.6,1041.45,1029.13
2279,maize,5.8993,12.0561,-0.373375,6.306968,0.1186,1.3687,740.0,310.0,100.04,5863.7,711.94,1025.11
2280,maize,9.1439,11.9937,-0.267685,2.832334,0.1133,1.4728,742.0,330.0,100.04,6780.7,919.98,1022.15
2281,maize,13.6509,12.0245,0.062541,0.899245,0.0983,1.0489,735.0,310.0,100.04,6996.4,998.1,1020.73
2282,maize,16.1966,12.052,0.180352,2.914801,0.0902,1.0375,734.0,230.0,100.04,7510.1,1207.12,1021.66
2283,maize,13.2688,12.059,0.049926,1.482023,0.0968,1.0983,741.0,120.0,100.04,7293.3,1258.73,1024.06
2284,maize,8.0753,12.0188,-0.192684,8.700625,0.0836,1.2018,738.0,200.0,100.04,5669.3,774.52,1020.95
2285,maize,16.0084,12.024,0.182855,2.895071,0.0761,1.0226,739.0,235.0,100.04,7907.6,1298.49,1022.59
2286,maize,13.0791,12.0197,0.035018,0.690022,0.081,1.1902,730.0,275.0,100.04,7210.4,1089.59,1020.98
2287,maize,3.522,12.1364,-0.269867,21.15011,0.0768,1.1813,732.0,250.0,100.04,4278.7,380.49,1026.93
2288,maize,16.0267,12.2027,0.152004,1.865844,0.0753,1.0882,737.0,315.0,100.04,7803.6,1193.7,1030.71
2289,maize,11.7777,12.1642,0.009556,0.528158,0.0842,1.1495,732.0,320.0,100.04,6779.9,935.76,1028.7
2290,maize,7.1588,12.1153,-0.192097,15.26854,0.0756,1.1907,730.0,285.0,100.04,4992.8,525.2,1022.97
2291,maize,11.609,12.1032,-0.173311,1.458307,0.0903,1.4586,741.0,380.0,100.04,7065.0,941.66,1023.4
2292,maize,15.1883,12.0955,0.15435,1.268144,0.0797,1.2579,742.0,180.0,100.04,7934.8,1358.5,1024.65
2293,maize,12.7343,12.1464,0.010874,1.150731,0.0807,1.0924,742.0,205.0,100.04,7047.4,1111.66,1026.26
2294,maize,15.8381,12.1404,0.259767,3.05196,0.0822,1.0756,739.0,180.0,100.04,7945.6,1362.99,1027.13
2295,maize,13.7264,12.1649,0.048789,0.819199,0.109,1.1536,739.0,315.0,100.04,7574.7,1135.27,1028.65
2296,maize,13.8407,12.2694,0.089331,0.438948,0.0945,1.1148,730.0,320.0,100.04,7167.4,1033.86,1033.51
2297,maize,15.5973,12.2634,0.103624,0.966348,0.1118,1.1249,734.0,285.0,100.04,7411.6,1127.5,1033.89
2298,maize,10.6915,12.2514,-0.281037,7.934728,0.1182,1.1701,741.0,315.0,100.04,5900.0,715.39,1029.82
2299,maize,8.2382,12.1699,-0.428789,8.468471,0.131,1.3816,749.0,290.0,100.04,6420.9,865.83,1026.18
2300,maize,9.7406,12.1028,-0.284624,3.713163,0.1243,1.5126,738.0,320.0,100.04,6656.9,901.42,1022.09
2301,maize,14.6501,12.1904,0.029467,0.290019,0.1139,1.0598,730.0,165.0,100.04,7283.5,1217.88,1029.54
2302,maize,11.5092,12.229,-0.14476,1.111173,0.121,1.1395,756.0,220.0,100.04,7114.2,1104.94,1033.38
2303,maize,12.3094,12.2724,-0.07531,0.61154,0.1218,1.348,743.0,120.0,100.04,7036.4,1193.3,1038.05
2304,maize,7.8234,12.2335,-0.294791,5.379062,0.1249,1.5139,732.0,250.0,100.04,6379.5,905.66,1036.39
2305,maize,11.2391,12.1802,-0.060309,1.125904,0.1133,1.1013,732.0,255.0,100.04,6673.8,974.25,1032.88
2306,maize,9.1046,12.1784,-0.243934,3.324677,0.121,1.4617,734.0,325.0,100.04,6116.1,763.64,1032.56
2307,maize,10.6393,12.1822,-0.019721,1.785359,0.1306,1.4007,732.0,390.0,100.04,6294.2,744.35,1031.83
2308,maize,10.1274,12.1333,-0.018013,1.153751,0.1318,1.4781,734.0,215.0,100.04,6817.8,1049.05,1031.11
2309,maize,9.2974,12.1228,-0.083374,0.848841,0.1243,1.2901,735.0,235.0,100.04,6485.1,945.27,1030.7
2310,maize,15.0062,12.2075,0.437544,7.667256,0.1362,1.346,741.0,205.0,100.04,7384.2,1196.45,1037.17
2311,maize,11.263,12.1593,-0.015107,2.821242,0.146,1.4197,734.0,280.0,100.04,6655.1,943.38,1033.51
2312,maize,11.1907,12.1097,0.257314,3.078473,0.1575,1.4294,737.0,455.0,100.04,6682.2,773.36,1029.69
2313,maize,4.1346,11.9907,-0.458514,9.436713,0.1718,1.5163,736.0,345.0,100.04,4420.8,318.59,1018.89
2314,maize,13.4211,11.9565,0.271233,4.927821,0.1689,1.2333,769.0,285.0,100.04,7900.5,1228.73,1020.14
2315,maize,15.5806,11.966,0.407171,11.423046,0.1746,1.2372,734.0,185.0,100.04,7425.9,1231.07,1021.69
2316,maize,10.7922,11.9691,0.145443,2.458587,0.195,1.4229,736.0,265.0,100.04,6555.9,932.38,1021.5
2317,maize,13.1363,11.9608,0.308468,4.937206,0.2032,1.5582,736.0,350.0,100.04,7324.7,1039.58,1020.65
2318,maize,11.6978,11.917,0.267094,3.164306,0.2119,1.5624,751.0,365.0,100.04,7073.2,952.71,1018.26
2319,maize,12.6233,11.9011,0.159886,1.057253,0.2004,1.3823,732.0,330.0,100.04,6666.4,897.41,1016.01
2320,maize,9.6897,11.8962,0.003763,0.596543,0.1999,1.5206,742.0,380.0,100.04,6361.8,765.25,1014.89
2321,maize,10.8073,11.884,-0.005477,1.082295,0.2016,1.4791,787.0,295.0,100.04,7278.6,1052.45,1015.77
2322,maize,6.3459,11.8324,-0.483633,7.307686,0.2217,1.5081,742.0,270.0,100.04,5432.3,642.88,1012.23
2323,maize,11.3392,11.8173,-0.111307,0.638311,0.2036,1.3396,746.0,220.0,100.04,6907.4,1059.25,1012.07
2324,maize,12.0414,11.7927,0.018191,0.868884,0.1976,1.3575,737.0,390.0,100.04,6493.3,791.13,1006.87
2325,maize,11.7346,11.7961,-0.101522,0.887508,0.1922,1.4123,736.0,375.0,100.04,6593.9,831.87,1005.05
2326,maize,11.7887,11.7973,-0.054996,0.42166,0.1941,1.408,741.0,220.0,100.04,7055.6,1099.3,1005.37
2327,maize,9.5138,11.742,-0.399066,5.337093,0.1856,1.5306,771.0,460.0,100.04,6253.5,640.78,1000.08
2328,maize,13.393,11.7804,0.113806,1.05476,0.1968,1.3992,738.0,370.0,100.04,7629.6,1094.59,1004.22
2329,maize,13.9975,11.7684,0.094577,1.018303,0.1861,1.3261,738.0,305.0,100.04,7310.1,1079.73,1003.36
2330,maize,12.1766,11.7314,-0.010385,0.285747,0.1798,1.4707,737.0,320.0,100.04,7007.9,989.78,1001.32
2331,maize,11.8596,11.6972,-0.02186,0.398894,0.1558,1.2105,739.0,235.0,100.04,6751.2,1009.4,999.37
2332,maize,13.1028,11.6711,0.056273,0.832804,0.1587,1.4585,742.0,395.0,100.04,6326.4,741.4,995.99
2333,maize,8.0584,11.6902,-0.395008,5.733271,0.1635,1.4987,741.0,200.0,100.04,6177.0,899.65,998.37
2334,maize,14.2578,11.7189,0.066543,0.995414,0.1615,1.3215,736.0,200.0,100.04,7807.1,1310.18,1001.38
2335,maize,8.8817,11.6933,-0.263725,3.330082,0.1479,1.4735,732.0,350.0,100.04,6834.4,919.4,1000.31
2336,maize,11.8607,11.6915,-0.133733,1.225056,0.1443,1.427,742.0,320.0,100.04,6750.8,922.5,998.64
2337,maize,13.6137,11.7059,-0.037474,0.581437,0.1547,1.353,736.0,420.0,100.04,7413.5,991.78,997.62
2338,maize,9.3056,11.6387,-0.203139,3.307509,0.139,1.4436,730.0,280.0,100.04,6632.2,940.05,994.96
2339,maize,13.3789,11.6262,0.069018,0.860884,0.1396,1.5153,736.0,295.0,100.04,7707.3,1190.22,993.84
2340,maize,15.0836,11.6162,0.1529,2.128554,0.1337,1.2843,732.0,300.0,100.04,7392.1,1108.82,991.96
2341,maize,11.9406,11.5926,-0.015737,0.888453,0.1303,1.5345,732.0,335.0,100.04,6936.6,959.96,990.74
2342,maize,2.3058,11.4913,-0.565954,29.987507,0.1415,1.5462,730.0,275.0,100.04,4432.2,395.05,984.7
2343,maize,16.754,11.5611,0.270147,3.52518,0.1393,1.3631,732.0,290.0,100.04,7672.6,1188.96,984.84
2344,maize,11.9573,11.5856,-0.087431,0.560788,0.1466,1.4952,736.0,260.0,100.04,7051.4,1061.26,986.59
2345,maize,13.3579,11.6047,0.070537,0.877175,0.1602,1.3979,734.0,355.0,100.04,7367.0,1046.35,985.61
2346,maize,18.5421,11.6433,0.373737,6.94486,0.1549,1.3004,736.0,275.0,100.04,8071.6,1301.29,987.6
2347,maize,14.0789,11.6326,0.066406,0.376083,0.1623,1.5368,739.0,260.0,100.04,7560.1,1186.63,986.68
2348,maize,14.1134,11.6859,0.151121,0.963121,0.1483,1.4591,736.0,265.0,100.04,7418.0,1147.89,989.54
2349,maize,13.2542,11.7335,0.068303,0.44174,0.175,1.4677,730.0,295.0,100.04,7650.5,1179.63,992.8
2350,maize,10.9658,11.7215,-0.286137,2.084944,0.1752,1.5578,751.0,360.0,100.04,7163.4,980.25,991.99
2351,maize,11.164,11.7327,-0.184843,4.932765,0.1921,1.3281,736.0,265.0,100.04,6923.2,1024.2,991.79
2352,maize,15.1977,11.7178,0.142829,0.775816,0.1808,1.5201,732.0,285.0,100.04,7667.7,1192.72,991.08
2353,maize,8.0904,11.6878,-0.449958,16.994089,0.1832,1.464,732.0,345.0,100.04,5463.4,581.66,986.29
2354,maize,11.7994,11.6921,-0.292912,3.676058,0.2006,1.5076,751.0,320.0,100.04,7022.5,985.03,985.63
2355,maize,12.1331,11.7143,-0.181015,2.49302,0.1722,1.5389,744.0,365.0,100.04,6981.5,933.97,985.37
2356,maize,13.5003,11.7293,-0.131906,1.209676,0.1701,1.5458,732.0,345.0,100.04,6993.7,964.22,984.33
2357,maize,8.8583,11.6976,-0.371848,10.21489,0.2088,1.4607,730.0,490.0,100.04,5729.0,504.26,979.3
2358,maize,13.6846,11.7114,-0.099844,0.510274,0.216,1.4916,736.0,435.0,100.04,7361.8,963.86,977.76
2359,maize,13.6052,11.6927,-0.016776,0.440895,0.2054,1.5411,739.0,355.0,100.04,7658.8,1116.29,976.4
2360,maize,9.1904,11.6804,-0.345507,5.195201,0.2171,1.5611,732.0,420.0,100.04,6176.6,684.94,973.35
2361,maize,17.5875,11.7066,0.255819,2.966753,0.2033,1.317,746.0,255.0,100.04,7779.6,1242.29,973.95
2362,maize,11.7605,11.707,-0.089601,0.711683,0.2408,1.461,738.0,225.0,100.04,6684.1,1003.24,972.62
2363,maize,8.7048,11.6817,-0.284524,4.063416,0.2273,1.5338,738.0,325.0,100.04,6168.2,774.24,970.34
2364,maize,12.302,11.6857,0.082162,1.018458,0.2334,1.5696,738.0,475.0,100.04,7097.3,856.53,968.78
2365,maize,6.5694,11.594,-0.234601,3.043751,0.2254,1.5691,743.0,410.0,100.04,5966.1,635.73,963.8
2366,maize,9.1666,11.5695,-0.147352,1.075801,0.2863,1.4548,769.0,395.0,100.04,6664.1,809.63,962.37
2367,maize,8.1865,11.5726,-0.264108,3.072014,0.2091,1.5605,760.0,385.0,100.04,6771.8,851.94,963.35
2368,maize,14.3794,11.6038,0.458689,6.49131,0.2415,1.5521,741.0,305.0,100.04,7520.6,1130.55,963.98
2369,maize,6.1576,11.5262,-0.333493,5.183478,0.2109,1.5737,787.0,340.0,100.04,6124.3,718.88,958.96
2370,maize,14.2092,11.5559,0.437211,7.197311,0.2634,1.5492,741.0,285.0,100.04,7964.6,1261.54,961.95
2371,maize,9.9022,11.5134,0.125964,2.437571,0.2369,1.5755,774.0,360.0,100.04,7143.9,961.57,959.37
2372,maize,13.324,11.4944,0.378488,5.702866,0.2297,1.5598,742.0,415.0,100.04,7318.2,969.34,957.3
2373,maize,10.319,11.4612,0.185833,1.848831,0.2249,1.5645,748.0,395.0,100.04,7344.9,992.42,955.18
2374,maize,13.3111,11.4859,0.383891,7.868998,0.2055,1.5642,745.0,335.0,100.04,7396.3,1067.08,957.34
2375,maize,15.0011,11.5476,0.542354,10.763187,0.2008,1.5161,732.0,300.0,100.04,7329.3,1093.13,962.18
2376,maize,16.4457,11.8046,0.485449,10.601977,0.2005,1.5191,732.0,310.0,100.04,7755.9,1189.78,975.85
2377,maize,10.7628,11.7555,0.059911,0.33472,0.1668,1.561,736.0,395.0,100.04,6988.8,910.61,972.48
2378,maize,13.9701,11.7534,0.219145,2.289157,0.1898,1.4322,742.0,265.0,100.04,7746.7,1226.49,974.33
2379,maize,15.0735,11.8452,0.395357,4.210618,0.1633,1.4369,740.0,360.0,100.04,7783.1,1141.78,978.63
2380,maize,9.8442,11.8522,-0.01814,1.089672,0.1556,1.5415,762.0,355.0,100.04,6975.3,931.64,978.75
2381,maize,-8.5905,11.6297,-1.082001,41.446877,0.0961,1.493,185.0,90.0,100.04,0.0,-201.0,966.76
2382,maize,14.3945,11.6117,0.195911,2.311076,0.1508,1.3585,732.0,155.0,100.04,7857.9,1370.27,968.39
2383,maize,9.2963,11.572,-0.140774,4.936451,0.1211,1.4928,736.0,355.0,100.04,6387.8,800.35,963.81
2384,maize,14.4075,11.6353,0.190866,1.425151,0.1256,1.544,737.0,395.0,100.04,7548.0,1049.81,966.56
2385,maize,12.2197,11.5974,-0.040992,2.073679,0.1171,1.5369,742.0,425.0,100.04,6763.9,820.78,961.78
2386,maize,12.2628,11.5893,-0.005335,2.375663,0.136,1.5326,747.0,470.0,100.04,7783.2,1027.59,961.16
2387,maize,15.3191,11.7072,0.096451,1.15718,0.1406,1.3588,742.0,310.0,100.04,7601.1,1145.08,968.81
2388,maize,15.4879,11.7019,0.130163,1.347465,0.1415,1.4024,735.0,275.0,100.04,8067.3,1300.82,969.88
2389,maize,12.7618,11.7117,-0.139911,1.030893,0.1106,1.5251,732.0,400.0,100.04,7168.2,952.84,970.05
2390,maize,11.5931,11.756,-0.174595,1.668238,0.1227,1.5396,737.0,320.0,100.04,7251.4,1050.64,975.3
2391,maize,12.9922,11.7699,-0.088962,0.633011,0.136,1.5453,732.0,340.0,100.04,7233.7,1029.23,976.18
2392,maize,14.4788,11.7628,-0.034796,0.727341,0.1636,1.4592,744.0,275.0,100.04,7305.1,1104.88,973.64
2393,maize,12.7142,11.7626,-0.073418,0.892811,0.1286,1.5172,730.0,245.0,100.04,7281.0,1137.25,973.9
2394,maize,4.6863,11.6511,-0.59268,18.136414,0.1247,1.5356,732.0,350.0,100.04,4873.6,429.19,964.56
2395,maize,14.1109,11.6549,0.039208,1.663539,0.1673,1.228,737.0,455.0,100.04,6709.9,780.28,961.01
2396,maize,12.1809,11.6383,0.191781,1.526719,0.1522,1.5301,734.0,210.0,100.04,7298.7,1174.28,962.42
2397,maize,14.206,11.6244,0.196404,1.357,0.1673,1.3734,743.0,290.0,100.04,7347.6,1101.1,962.15
2398,maize,8.8861,11.6063,-0.084749,0.906721,0.1201,1.5308,734.0,345.0,100.04,6383.9,810.58,963.1
2399,maize,6.5881,11.5898,-0.206598,2.668435,0.1559,1.5376,742.0,320.0,100.04,6268.4,801.89,962.46
2400,maize,8.0984,11.5734,-0.131719,4.275996,0.178,1.3436,735.0,380.0,100.04,5495.9,552.97,958.98
2401,maize,13.4518,11.5614,0.399587,3.481545,0.1987,1.4539,753.0,390.0,100.04,8157.5,1197.56,958.78
2402,maize,12.7102,11.5734,0.285948,3.606036,0.1687,1.5178,736.0,330.0,100.04,7199.0,1028.16,958.01
2403,maize,11.9474,11.5698,0.168444,2.828955,0.1829,1.5463,736.0,335.0,100.04,6985.1,969.68,955.77
2404,maize,9.7913,11.5895,0.061595,2.316247,0.1964,1.5406,750.0,390.0,100.04,5513.8,538.44,952.1
2405,maize,11.0045,11.5872,0.298161,3.022968,0.2514,1.5415,786.0,340.0,100.04,7270.6,1006.04,952.42
2406,maize,8.9481,11.5856,0.021143,1.78925,0.2353,1.5374,758.0,275.0,100.04,5824.7,726.38,952.05
2407,maize,13.4485,11.6137,0.446412,5.798897,0.2511,1.5211,751.0,310.0,100.04,8093.9,1262.88,957.23
2408,maize,13.212,11.6445,0.257556,2.288061,0.264,1.4637,745.0,265.0,100.04,7324.9,1119.22,957.93
2409,maize,10.0395,11.6519,0.037646,0.820215,0.2297,1.553,742.0,385.0,100.04,6598.7,819.46,956.68
2410,maize,4.3671,11.5456,-0.600426,7.079926,0.2451,1.5481,779.0,300.0,100.04,5725.1,663.89,951.35
2411,maize,11.3635,11.5466,-0.023262,0.281059,0.2957,1.4612,764.0,240.0,100.04,7293.7,1125.03,953.17
2412,maize,5.7137,11.4918,-0.398011,5.133208,0.2251,1.552,752.0,420.0,100.04,5631.1,536.57,950.8
2413,maize,10.636,11.5568,0.068691,0.49641,0.2481,1.49,744.0,295.0,100.04,6697.1,932.87,956.94
2414,maize,9.6656,11.5193,-0.209148,1.593299,0.2047,1.5439,734.0,390.0,100.04,6120.9,699.84,951.65
2415,maize,9.6363,11.4598,-0.16172,2.058392,0.248,1.4759,747.0,385.0,100.04,6323.1,747.58,946.82
2416,maize,11.8715,11.4706,0.11659,0.608325,0.2287,1.4965,761.0,320.0,100.04,7123.2,1004.2,947.54
2417,maize,9.3248,11.4325,-0.24637,1.803296,0.2665,1.5238,759.0,410.0,100.04,6415.9,738.57,944.53
2418,maize,8.9216,11.4047,-0.142473,1.559583,0.2398,1.4948,747.0,320.0,100.04,6859.5,946.67,944.46
2419,maize,12.1399,11.3999,0.138661,1.671569,0.212,1.5411,786.0,335.0,100.04,7476.2,1062.45,946.12
2420,maize,15.6785,11.4598,0.365486,3.903102,0.3065,1.3624,755.0,275.0,100.04,7518.7,1151.67,949.98
2421,maize,12.7228,11.4789,0.174413,0.981208,0.3025,1.5319,764.0,260.0,100.04,7229.4,1088.96,950.34
2422,maize,9.735,11.5128,-0.071295,0.659293,0.2244,1.5455,750.0,310.0,100.04,7081.7,1010.42,954.02
2423,maize,12.7642,11.5271,0.084335,0.419244,0.2694,1.5628,761.0,305.0,100.04,7425.1,1094.68,954.37
2424,maize,11.9006,11.5257,0.042937,0.717732,0.2296,1.5498,748.0,355.0,100.04,6972.2,939.26,955.86
2425,maize,13.525,11.5436,0.119885,1.319526,0.2603,1.5533,737.0,385.0,100.04,7000.0,922.8,956.76
2426,maize,11.7482,11.5432,-0.176178,1.250373,0.2773,1.5111,752.0,340.0,100.04,7570.4,1101.41,956.79
2427,maize,13.1453,11.5795,-0.11301,0.829667,0.2767,1.5244,782.0,365.0,100.04,7520.5,1045.92,960.84
2428,maize,14.7537,11.5931,0.19054,1.069032,0.2613,1.5415,738.0,360.0,100.04,7597.4,1096.55,960.86
2429,maize,12.2614,11.5757,-0.026467,0.36915,0.261,1.5621,739.0,355.0,100.04,7259.4,1016.44,960.22
2430,maize,12.3331,11.5773,-0.11104,0.866507,0.2659,1.5098,778.0,335.0,100.04,7389.5,1045.57,960.78
2431,maize,8.6578,11.5453,-0.323095,4.55208,0.2464,1.5607,732.0,295.0,100.04,6735.5,949.66,960.18
2432,maize,10.7831,11.5221,-0.154729,1.067778,0.2567,1.5369,738.0,320.0,100.04,6991.2,985.01,962.62
2433,maize,14.0162,11.5816,0.020599,0.56369,0.2209,1.5478,744.0,305.0,100.04,7520.7,1128.78,964.91
2434,maize,11.7079,11.5561,0.030311,0.797619,0.2844,1.5132,749.0,260.0,100.04,7912.9,1268.81,964.5
2435,maize,9.5849,11.5632,-0.065046,2.356108,0.221,1.4472,734.0,270.0,100.04,6239.4,849.44,963.8
2436,maize,9.7116,11.5417,-0.182438,1.146998,0.2124,1.5573,751.0,430.0,100.04,6804.8,820.59,962.78
2437,maize,12.9589,11.5351,0.125656,0.90649,0.279,1.5215,752.0,250.0,100.04,7223.0,1104.55,963.91
2438,maize,13.5302,11.5774,0.195391,1.337143,0.2503,1.4534,743.0,300.0,100.04,6835.3,963.03,964.14
2439,maize,14.155,11.5852,0.170344,1.440624,0.2469,1.4581,739.0,220.0,100.04,7394.6,1185.24,964.09
2440,maize,11.7628,11.5519,0.006533,0.976889,0.2233,1.5175,746.0,340.0,100.04,7093.0,985.64,962.86
2441,maize,11.1506,11.544,-0.090751,0.624077,0.2431,1.2736,748.0,145.0,100.04,7069.9,1173.67,964.99
2442,maize,9.7017,11.618,-0.172803,1.103626,0.2521,1.5677,754.0,300.0,100.04,6756.5,936.72,970.41
2443,maize,16.6308,11.6168,0.367979,5.912519,0.2686,1.5061,741.0,360.0,100.04,7771.4,1138.25,969.9
2444,maize,9.4819,11.592,-0.044602,1.658838,0.2139,1.5662,753.0,255.0,100.04,5801.6,743.59,966.73
2445,maize,14.7966,11.6064,0.202497,2.084646,0.227,1.3306,732.0,270.0,100.04,7361.9,1131.27,967.57
2446,maize,11.4932,11.5359,-0.113542,1.139562,0.2318,1.4972,747.0,320.0,100.04,6544.5,867.93,963.24
2447,maize,13.606,11.5312,0.220367,2.347771,0.2103,1.1677,737.0,215.0,100.04,7464.0,1208.81,963.46
2448,maize,7.3684,11.4637,-0.441654,7.389334,0.1741,1.5134,740.0,285.0,100.04,5385.3,617.32,958.16
2449,maize,11.3928,11.4451,0.017471,0.684125,0.1952,1.5535,762.0,370.0,100.04,7387.2,1019.61,956.56
2450,maize,13.7209,11.4727,0.209936,2.096241,0.2263,1.3388,737.0,365.0,100.04,7825.1,1149.09,958.25
2451,maize,11.5646,11.4767,-0.035293,0.563389,0.1846,1.4526,753.0,370.0,100.04,6719.6,858.09,956.58
2452,maize,12.9484,11.4542,0.204429,1.688085,0.1907,1.3652,735.0,315.0,100.04,7451.4,1106.86,955.73
2453,maize,9.7078,11.4704,-0.226855,1.691588,0.1859,1.5399,741.0,240.0,100.04,6645.1,976.68,959.68
2454,maize,10.8132,11.4605,-0.101932,1.723492,0.1545,1.5515,736.0,365.0,100.04,7056.7,957.57,959.4
2455,maize,13.4289,11.4735,0.086833,0.63166,0.1711,1.4991,741.0,315.0,100.04,7409.0,1092.66,960.99
2456,maize,11.1002,11.4495,-0.090377,0.592619,0.1986,1.4906,761.0,420.0,100.04,7456.2,987.45,961.22
2457,maize,12.269,11.4836,-0.034409,0.347838,0.1867,1.3534,747.0,335.0,100.04,7243.0,1027.55,966.45
2458,maize,14.081,11.4875,0.054351,0.884069,0.1616,1.2452,735.0,300.0,100.04,7173.2,1052.3,967.34
2459,maize,4.8748,11.4002,-0.363447,7.607991,0.125,1.5421,745.0,405.0,100.04,5920.4,628.09,962.46
2460,maize,12.8064,11.4364,0.090943,0.443255,0.1682,1.518,739.0,285.0,100.04,7151.2,1059.39,966.2
2461,maize,13.3922,11.3944,0.169373,1.416327,0.1435,1.2565,737.0,260.0,100.04,6957.7,1037.23,964.15
2462,maize,12.3895,11.4007,0.092141,0.800864,0.1599,1.3025,736.0,255.0,100.04,7003.3,1054.24,964.66
2463,maize,12.4334,11.438,0.126672,1.010645,0.1559,1.4451,732.0,375.0,100.04,6696.3,859.87,965.52
2464,maize,13.9457,11.4544,0.025779,0.776798,0.167,1.5271,737.0,245.0,100.04,7534.6,1196.44,968.92
2465,maize,6.5561,11.4543,-0.397678,9.850229,0.1164,1.528,737.0,400.0,100.04,5336.7,491.97,967.48
2466,maize,10.3123,11.4658,-0.119432,1.132166,0.1479,1.5524,730.0,405.0,100.04,6830.7,864.67,968.03
2467,maize,10.9532,11.4934,-0.065673,1.727721,0.1733,1.261,734.0,180.0,100.04,6153.0,917.85,968.69
2468,maize,12.4472,11.4741,0.035932,0.969102,0.1323,1.4541,739.0,235.0,100.04,7009.1,1073.87,968.12
2469,maize,12.5672,11.5382,-0.024688,0.678115,0.1561,1.4762,732.0,340.0,100.04,6392.6,818.95,969.12
2470,maize,13.1217,11.5273,-0.006918,0.618183,0.1629,1.4012,730.0,275.0,100.04,6971.6,1029.89,966.8
2471,maize,9.4871,11.5232,-0.1744,2.727879,0.1408,1.5293,730.0,510.0,100.04,6630.5,709.62,964.29
2472,maize,9.2397,11.4823,-0.214722,2.256361,0.1683,1.4993,732.0,285.0,100.04,6265.5,842.16,963.01
2473,maize,13.3096,11.5122,0.165396,1.745795,0.1689,1.5505,732.0,280.0,100.04,7327.4,1112.65,964.22
2474,maize,14.917,11.5283,0.212321,3.135812,0.1921,1.4428,730.0,290.0,100.04,7783.3,1217.82,965.72
2475,maize,9.8146,11.4764,-0.148245,1.396463,0.178,1.4846,762.0,340.0,100.04,6963.8,943.76,964.23
2476,maize,12.633,11.4383,0.070415,1.009808,0.1748,1.5204,749.0,320.0,100.04,7386.1,1077.12,963.1
2477,maize,10.8897,11.4396,-0.06972,0.532911,0.1835,1.5475,734.0,480.0,100.04,7339.2,914.4,963.14
2478,maize,13.6104,11.436,0.051645,0.702138,0.1611,1.5298,732.0,395.0,100.04,7308.4,992.89,960.8
2479,maize,12.0132,11.4054,-0.038663,0.420379,0.1922,1.4834,740.0,395.0,100.04,7210.7,963.67,959.02
2480,maize,14.251,11.4494,0.053175,0.520335,0.2012,1.3828,732.0,345.0,100.04,7390.0,1063.3,960.34
2481,maize,11.3354,11.6487,-0.053149,0.4235,0.1745,1.4682,734.0,285.0,100.04,7549.7,1162.02,973.97
2482,maize,13.7576,11.6423,0.161563,1.312631,0.1809,1.4488,732.0,320.0,100.04,7235.3,1049.61,970.76
2483,maize,13.6695,11.6861,0.108825,0.532858,0.1954,1.4411,739.0,290.0,100.04,7463.6,1132.49,974.09
2484,maize,11.8404,11.6604,-0.066843,0.464808,0.2002,1.5117,742.0,310.0,100.04,7317.2,1074.11,974.33
2485,maize,12.4707,11.6629,-0.151962,0.893501,0.2095,1.5218,760.0,270.0,100.04,7336.2,1108.05,977.2
2486,maize,12.7064,11.6673,-0.153406,0.90348,0.1425,1.5169,745.0,260.0,100.04,6232.7,851.17,975.44
2487,maize,11.9303,11.6335,-0.023676,0.158899,0.1745,1.5277,746.0,365.0,100.04,7495.7,1061.32,974.6
2488,maize,11.8529,11.5971,0.074528,0.408561,0.1736,1.496,732.0,395.0,100.04,6773.5,859.18,970.18
2489,maize,12.6822,11.5963,0.209761,1.244779,0.1633,1.5017,756.0,410.0,100.04,7242.5,947.04,970.12
2490,maize,9.3018,11.5734,-0.08527,1.691207,0.1406,1.5247,730.0,330.0,100.04,6472.6,850.16,968.12
2491,maize,11.0028,11.5535,0.019549,0.832169,0.1653,1.5414,747.0,370.0,100.04,6874.4,900.4,966.83
2492,maize,9.961,11.5083,-0.115291,1.687292,0.142,1.552,730.0,235.0,100.04,6510.0,954.49,965.33
2493,maize,8.7693,11.4689,-0.195673,4.671256,0.1847,1.4415,732.0,300.0,100.04,6079.0,780.54,961.76
2494,maize,15.7076,11.5791,0.284423,2.658341,0.1834,1.3297,742.0,310.0,100.04,7572.2,1137.86,968.85
2495,maize,15.9206,11.5972,0.369348,5.168769,0.1891,1.3561,736.0,230.0,100.04,7824.0,1284.4,973.89
2496,maize,10.7357,11.5827,-0.003995,0.538131,0.1488,1.5334,730.0,300.0,100.04,6873.3,980.33,971.95
2497,maize,11.4572,11.5552,-0.014228,0.361204,0.1829,1.3313,742.0,270.0,100.04,7215.4,1088.65,971.82
2498,maize,16.8505,11.6349,0.400756,6.849169,0.2017,1.4115,732.0,250.0,100.04,7583.7,1206.72,975.79
2499,maize,10.185,11.6709,-0.085404,0.878047,0.1728,1.5531,742.0,315.0,100.04,7110.8,1017.51,977.94
2500,maize,10.0496,11.6904,-0.097432,0.656862,0.1742,1.555,765.0,270.0,100.04,7001.6,1021.39,982.63
2501,maize,6.9382,11.6252,-0.323028,4.747176,0.2123,1.5459,745.0,395.0,100.04,5943.4,643.86,977.09
2502,maize,16.7609,11.6657,0.543467,11.170952,0.1942,1.2841,737.0,285.0,100.04,7831.5,1230.67,979.11
2503,maize,9.6714,11.643,0.005129,0.576394,0.1815,1.5444,744.0,450.0,100.04,6822.3,809.17,977.51
2504,maize,6.7065,11.6121,-0.158253,3.038829,0.1525,1.5248,730.0,410.0,100.04,5773.8,595.45,978.08
2505,maize,14.6576,11.6487,0.284195,2.665135,0.2,1.5425,744.0,295.0,100.04,7741.7,1194.02,979.96
2506,maize,13.6711,11.6959,0.326875,2.527088,0.2088,1.4651,741.0,330.0,100.04,6981.1,970.67,982.4
2507,maize,14.9284,11.7107,0.296823,3.342756,0.22,1.3625,742.0,160.0,100.04,7543.0,1280.55,982.58
2508,maize,14.9981,11.7286,0.279186,3.548627,0.2321,1.3978,734.0,310.0,100.04,7543.1,1135.36,982.74
2509,maize,10.2377,11.7305,-0.004301,0.577892,0.2079,1.5482,752.0,355.0,100.04,7018.8,948.49,984.03
2510,maize,11.6651,11.8035,-0.052441,0.334519,0.1717,1.5472,746.0,415.0,100.04,7216.0,941.41,986.81
2511,maize,11.7196,11.8071,-0.021366,0.366168,0.1996,1.5413,759.0,425.0,100.04,7100.7,894.79,984.5
2512,maize,11.1813,11.8617,0.01887,1.242006,0.2096,1.4399,732.0,210.0,100.04,6515.2,979.59,988.93
2513,maize,6.5576,11.821,-0.564536,8.59896,0.1741,1.5301,771.0,350.0,100.04,6169.9,729.86,986.9
2514,maize,13.3978,11.8583,0.125908,1.184249,0.2052,1.3522,732.0,320.0,100.04,7190.9,1038.54,990.29
2515,maize,9.6469,11.8584,-0.084346,1.22522,0.2123,1.5179,739.0,350.0,100.04,6555.3,845.42,991.27
2516,maize,15.4803,11.8945,0.298344,3.11229,0.248,1.5041,748.0,310.0,100.04,7630.1,1148.73,992.71
2517,maize,8.7815,11.889,-0.256736,1.918287,0.2054,1.5274,750.0,375.0,100.04,6830.5,882.63,994.15
2518,maize,11.1979,11.9118,-0.105655,1.925827,0.21,1.3372,732.0,305.0,100.04,6913.4,984.15,994.53
2519,maize,13.4272,11.9247,0.101403,1.679187,0.1766,1.5181,748.0,270.0,100.04,7547.7,1168.13,995.59
2520,maize,14.1568,11.9095,0.292498,2.500754,0.2193,1.4328,760.0,380.0,100.04,7430.9,1021.73,994.29
2521,maize,11.0819,11.8931,-0.028264,0.535652,0.1902,1.5416,732.0,345.0,100.04,7133.2,999.1,993.39
2522,maize,7.9756,11.8755,-0.184373,1.740611,0.1862,1.5368,787.0,375.0,100.04,7145.0,939.05,992.67
2523,maize,12.2181,11.87,0.0534,0.634507,0.1631,1.4613,732.0,215.0,100.04,6689.7,1018.24,991.91
2524,maize,3.2045,11.783,-0.655191,17.739323,0.1845,1.4699,738.0,255.0,100.04,4726.7,483.88,987.36
2525,maize,4.526,11.6931,-0.38875,9.155388,0.1174,1.5344,734.0,340.0,100.04,4655.6,383.51,981.96
2526,maize,5.2198,11.6278,-0.347964,6.599237,0.16,1.5387,730.0,380.0,100.04,5060.1,447.01,975.42
2527,maize,14.2262,11.6386,0.368562,5.817178,0.2104,1.515,745.0,380.0,100.04,7616.5,1077.12,975.73
2528,maize,11.5517,11.6066,0.146567,1.664937,0.1508,1.5356,756.0,415.0,100.04,7184.9,927.63,974.04
2529,maize,8.1458,11.5654,-0.139379,1.332213,0.1779,1.5365,732.0,270.0,100.04,6095.2,814.61,972.02
2530,maize,14.4078,11.5862,0.332794,4.091236,0.2036,1.4904,766.0,235.0,100.04,7635.1,1214.17,973.71
2531,maize,4.5094,11.5447,-0.312836,5.540468,0.2012,1.5223,790.0,320.0,100.04,6453.4,819.35,972.41
2532,maize,14.092,11.5778,0.181103,5.686983,0.1722,1.5394,734.0,285.0,100.04,7517.9,1154.07,974.1
2533,maize,12.5795,11.5634,0.277167,2.159354,0.2531,1.3929,787.0,200.0,100.04,7803.7,1278.71,975.6
2534,maize,14.1265,11.5876,0.2878,5.354137,0.2033,1.3942,740.0,305.0,100.04,7523.1,1131.79,974.23
2535,maize,12.1324,11.6131,0.230178,2.269701,0.2326,1.519,750.0,375.0,100.04,7112.9,953.22,975.26
2536,maize,12.568,11.6416,0.07912,1.407408,0.1853,1.3312,744.0,460.0,100.04,6469.3,710.93,974.17
2537,maize,10.0001,11.612,-0.044024,0.333741,0.1797,1.4875,760.0,270.0,100.04,7202.3,1074.58,973.87
2538,maize,12.8754,11.6055,0.214024,1.541045,0.1524,1.4882,764.0,325.0,100.04,7662.9,1132.32,975.56
2539,maize,8.1367,11.5453,-0.226906,2.523793,0.1263,1.5077,752.0,370.0,100.04,6758.5,868.43,972.39
2540,maize,13.5519,11.5632,0.111111,1.268594,0.1391,1.5425,734.0,280.0,100.04,7243.1,1090.38,973.44
2541,maize,12.7625,11.5793,0.076743,0.754326,0.1793,1.4595,734.0,405.0,100.04,7836.3,1113.67,972.84
2542,maize,13.9079,11.6214,0.05023,1.079381,0.1193,1.4621,742.0,310.0,100.04,6915.5,973.68,973.21
2543,maize,13.1065,11.5861,-0.032194,0.473211,0.1784,1.5249,765.0,325.0,100.04,7760.2,1156.06,973.39
2544,maize,11.7398,11.6087,-0.165553,2.188917,0.1566,1.5061,742.0,390.0,100.04,6133.7,698.23,972.93
2545,maize,11.1218,11.572,-0.151626,1.955181,0.1614,1.4649,747.0,275.0,100.04,6957.8,1016.24,971.78
2546,maize,11.4948,11.572,-0.195059,3.002799,0.1221,1.4776,750.0,410.0,100.04,6359.7,729.94,970.4
2547,maize,13.5547,11.5715,0.009839,0.256883,0.1417,1.4593,740.0,280.0,100.04,7407.1,1127.79,969.59
2548,maize,10.3162,11.6009,-0.180172,1.591486,0.1512,1.4913,759.0,285.0,100.04,7312.2,1087.65,974.3
2549,maize,10.1644,11.5887,-0.224838,2.436545,0.1222,1.4949,760.0,335.0,100.04,6959.2,948.81,973.59
2550,maize,11.7747,11.5692,-0.049563,0.269264,0.1337,1.4835,760.0,295.0,100.04,7061.9,1014.48,972.24
2551,maize,6.1879,11.5154,-0.413088,14.751644,0.142,1.4941,744.0,355.0,100.04,5086.2,470.16,968.36
2552,maize,10.9131,11.4951,-0.112028,1.32707,0.122,1.5151,730.0,385.0,100.04,7006.4,928.61,966.58
2553,maize,8.2207,11.4802,-0.201314,1.907722,0.1428,1.5065,772.0,355.0,100.04,6786.5,878.41,965.6
2554,maize,13.0171,11.5022,0.221964,2.508738,0.1572,1.5082,744.0,345.0,100.04,7817.6,1162.99,967.65
2555,maize,14.4929,11.5129,0.384745,4.582286,0.1966,1.4572,744.0,280.0,100.04,7826.7,1230.28,969.03
2556,maize,11.5671,11.5175,0.220365,1.363354,0.1812,1.5063,764.0,275.0,100.04,7892.4,1239.71,971.55
2557,maize,8.4597,11.4795,-0.095639,1.421988,0.1541,1.5186,752.0,340.0,100.04,6343.3,794.63,969.22
2558,maize,12.8459,11.4671,0.151249,2.463371,0.1716,1.4547,749.0,330.0,100.04,7244.8,1031.79,969.02
2559,maize,11.4825,11.5332,-0.002193,0.701364,0.1635,1.509,742.0,360.0,100.04,6530.4,827.39,971.01
2560,maize,13.8024,11.5431,0.245351,3.247142,0.226,1.3051,732.0,330.0,100.04,7639.9,1140.78,971.82
2561,maize,8.5981,11.4952,-0.055597,0.75113,0.1733,1.5045,764.0,355.0,100.04,7064.3,952.68,970.98
2562,maize,11.5779,11.4871,0.153508,1.124493,0.1725,1.4852,744.0,330.0,100.04,7187.2,1020.41,970.64
2563,maize,9.8351,11.4611,0.033146,0.388462,0.1677,1.4627,747.0,330.0,100.04,7248.0,1033.8,972.38
2564,maize,11.8366,11.44,0.132008,0.887529,0.2167,1.3791,769.0,310.0,100.04,7512.7,1106.78,971.48
2565,maize,12.4879,11.4993,0.192694,1.377825,0.1822,1.4603,735.0,425.0,100.04,7702.2,1059.55,977.16
2566,maize,7.5436,11.4716,-0.246656,3.444031,0.1373,1.4825,752.0,445.0,100.04,6252.9,667.01,975.18
2567,maize,10.5746,11.4679,-0.095658,0.783874,0.1687,1.5118,756.0,390.0,100.04,6821.2,861.71,974.62
2568,maize,17.1264,11.5146,0.328966,5.871289,0.1955,1.2356,752.0,340.0,100.04,8043.1,1219.57,976.08
2569,maize,12.3765,11.5127,-0.021619,0.289023,0.1475,1.5105,739.0,325.0,100.04,7469.5,1098.97,978.88
2570,maize,10.8781,11.4903,-0.077428,0.996056,0.1696,1.4407,732.0,365.0,100.04,7262.2,1011.36,978.69
2571,maize,11.3238,11.5087,0.022449,1.355962,0.1812,1.2187,745.0,320.0,100.04,7693.3,1156.33,983.16
2572,maize,7.8344,11.4946,-0.301621,4.960149,0.1699,1.5218,757.0,430.0,100.04,6512.1,743.82,982.18
2573,maize,8.5898,11.4474,-0.253052,4.340466,0.1344,1.4157,762.0,245.0,100.04,6419.6,902.69,980.08
2574,maize,13.9345,11.4376,0.196184,1.764985,0.1879,1.3924,740.0,260.0,100.04,7610.7,1198.69,979.89
2575,maize,9.9941,11.4394,-0.034378,1.0361,0.1461,1.4909,744.0,435.0,100.04,6196.5,667.72,977.13
2576,maize,6.8656,11.3817,-0.181536,2.861873,0.1273,1.4843,730.0,380.0,100.04,6262.7,747.67,973.83
2577,maize,13.9843,11.4127,0.180317,3.006595,0.1592,1.2076,732.0,440.0,100.04,7750.9,1058.53,975.27
2578,maize,14.1178,11.4177,0.268776,3.202657,0.1749,1.3874,734.0,390.0,100.04,7480.9,1039.82,975.74
2579,maize,12.4971,11.4226,0.131237,0.979993,0.1824,1.2242,734.0,380.0,100.04,7434.9,1038.32,976.49
2580,maize,11.9883,11.3999,0.087349,0.764428,0.2156,1.4303,730.0,335.0,100.04,7034.1,985.53,975.71
2581,maize,10.2969,11.3896,-0.041694,0.626137,0.1677,1.1869,730.0,310.0,100.04,6376.0,845.99,972.55
2582,maize,8.1564,11.3336,-0.186249,1.717291,0.19,1.437,732.0,405.0,100.04,6410.1,758.33,969.64
2583,maize,13.3071,11.3299,0.343467,3.87724,0.1772,1.2951,759.0,480.0,100.04,7528.3,946.66,967.78
2584,maize,7.5169,11.2867,-0.310596,5.818916,0.1937,1.3588,737.0,370.0,100.04,5795.3,636.63,963.4
2585,maize,16.3388,11.3254,0.372382,6.99266,0.1998,1.2374,730.0,330.0,100.04,7536.2,1116.04,963.48
2586,maize,13.3898,11.3322,0.325167,3.018597,0.199,1.248,737.0,295.0,100.04,7615.7,1166.72,966.64
2587,maize,13.1181,11.3441,0.034053,1.49602,0.1787,1.48,734.0,410.0,100.04,7158.5,939.23,965.42
2588,maize,6.5827,11.2914,-0.406156,6.181871,0.198,1.3846,734.0,330.0,100.04,5796.5,678.73,963.61
2589,maize,16.0802,11.3254,0.220259,2.619453,0.1931,1.2646,736.0,350.0,100.04,7451.0,1071.14,964.85
2590,maize,12.5594,11.3579,0.054186,1.093654,0.1469,1.4559,734.0,425.0,100.04,7305.7,961.01,965.96
2591,maize,5.7569,11.3055,-0.568892,12.759566,0.1778,1.3919,770.0,390.0,100.04,5556.4,537.1,962.33
2592,maize,13.0576,11.3364,-0.016433,0.86859,0.1999,1.3485,746.0,200.0,100.04,6976.9,1096.62,963.75
2593,maize,10.1841,11.3506,-0.135377,0.943984,0.1787,1.4328,732.0,370.0,100.04,6967.2,932.59,965.27
2594,maize,8.2135,11.2757,-0.274515,4.751171,0.1938,1.3876,750.0,355.0,100.04,6439.6,804.91,961.94
2595,maize,12.8164,11.2446,0.036653,0.353929,0.2038,1.3958,737.0,330.0,100.04,7497.0,1102.05,960.12
2596,maize,13.6748,11.274,0.218769,2.104634,0.2163,1.3566,732.0,420.0,100.04,7702.4,1066.4,960.98
2597,maize,11.9523,11.279,-0.032119,0.570679,0.2324,1.2887,759.0,360.0,100.04,7915.2,1163.39,961.73
2598,maize,13.1965,11.2424,0.080732,0.604501,0.1668,1.3087,747.0,305.0,100.04,7258.8,1061.5,960.27
2599,maize,14.984,11.2904,0.305368,3.348998,0.2466,1.2346,736.0,370.0,100.04,8017.1,1192.67,962.03
2600,maize,14.7664,11.3376,0.107734,0.889466,0.2296,1.3608,754.0,335.0,100.04,7667.7,1129.52,963.11
2601,maize,11.0005,11.3782,-0.170173,1.569435,0.1699,1.3511,762.0,360.0,100.04,6304.8,759.0,964.26
2602,maize,9.1169,11.3018,-0.370221,8.704925,0.1793,1.322,738.0,350.0,100.04,6243.9,768.18,959.63
2603,maize,9.4959,11.3,-0.216209,2.968531,0.1213,1.3924,754.0,485.0,100.04,6768.8,754.81,959.09
2604,maize,12.3322,11.3563,-0.053648,0.52216,0.1959,1.3831,744.0,460.0,100.04,7529.6,976.0,962.9
2605,maize,9.6997,11.3067,-0.167987,1.659987,0.1539,1.3573,737.0,505.0,100.04,6719.8,732.75,958.28
2606,maize,13.7047,11.307,0.064664,0.558672,0.1853,1.3722,759.0,395.0,100.04,7435.6,1008.5,958.66
2607,maize,5.5674,11.2134,-0.426945,12.289761,0.1338,1.356,730.0,390.0,100.04,5500.1,547.03,951.33
2608,maize,12.7162,11.1906,0.120456,0.352401,0.2133,1.37,742.0,475.0,100.04,7810.8,1032.51,950.3
2609,maize,13.7077,11.2253,0.055067,0.77261,0.1855,1.398,734.0,430.0,100.04,7383.9,975.57,950.57
2610,maize,13.5059,11.2437,0.093599,0.817721,0.1994,1.4022,741.0,525.0,100.04,7564.0,921.41,950.37
2611,maize,11.4725,11.2412,-0.026946,0.269802,0.1642,1.3991,732.0,335.0,100.04,7076.6,994.94,951.37
2612,maize,5.7583,11.187,-0.580021,11.019279,0.2761,1.2766,784.0,395.0,100.04,5758.8,574.3,947.32
2613,maize,9.3668,11.2151,-0.201299,2.975255,0.1927,1.3767,772.0,415.0,100.04,6947.8,858.76,948.61
2614,maize,8.6862,11.168,-0.144387,2.69807,0.1032,1.2885,732.0,455.0,100.04,5691.6,528.69,943.51
2615,maize,12.9602,11.2011,0.157128,1.014157,0.1723,1.3262,739.0,315.0,100.04,7866.1,1208.12,947.13
2616,maize,12.5277,11.1716,0.11365,0.80837,0.1649,1.3382,750.0,420.0,100.04,7365.5,971.37,945.36
2617,maize,9.9991,11.1838,-0.037041,0.793743,0.1673,1.3944,737.0,380.0,100.04,6478.9,797.52,944.51
2618,maize,13.3854,11.2056,0.15739,1.86218,0.1689,1.3273,730.0,350.0,100.04,7415.0,1065.75,945.33
2619,maize,11.4753,11.1861,0.059449,0.934395,0.2147,1.3111,739.0,315.0,100.04,6584.0,887.59,942.52
2620,maize,14.3551,11.1881,0.197075,2.51597,0.1614,1.3208,744.0,420.0,100.04,7661.0,1048.86,942.79
2621,maize,10.6711,11.184,-0.059104,0.541809,0.1396,1.3333,740.0,540.0,100.04,6680.2,686.05,939.66
2622,maize,13.0148,11.2344,0.165288,1.397379,0.1707,1.2892,744.0,340.0,100.04,7333.0,1046.86,940.74
2623,maize,10.9398,11.2216,0.000438,0.90325,0.1122,1.3879,736.0,590.0,100.04,7076.9,737.63,937.93
2624,maize,15.2547,11.3421,0.327538,3.233182,0.1678,1.1863,745.0,325.0,100.04,7683.7,1148.93,944.58
2625,maize,12.683,11.4237,0.033515,0.813801,0.1293,1.3616,744.0,620.0,100.04,7118.1,713.12,947.88
2626,maize,11.7125,11.4886,-0.076749,0.569655,0.1698,1.3498,730.0,375.0,100.04,7176.9,981.24,953.22
2627,maize,12.1875,11.4682,-0.014074,0.448122,0.1104,1.3964,740.0,475.0,100.04,7291.5,903.87,951.49
2628,maize,10.9147,11.4618,-0.119171,1.117998,0.1295,1.3968,744.0,505.0,100.04,7345.4,884.94,951.06
2629,maize,11.085,11.4912,-0.147633,1.097666,0.134,1.3837,750.0,450.0,100.04,6966.7,841.67,951.33
2630,maize,13.7936,11.4851,0.033131,0.147846,0.1708,1.3271,744.0,380.0,100.04,7227.8,980.56,949.0
2631,maize,12.8603,11.5686,-0.012044,1.101158,0.151,1.2385,732.0,275.0,100.04,7604.6,1186.94,952.67
2632,maize,10.1503,11.5292,-0.220163,2.408479,0.1371,1.4184,762.0,545.0,100.04,6719.3,677.63,947.91
2633,maize,9.3702,11.4971,-0.250162,1.867047,0.1274,1.4164,757.0,515.0,100.04,7110.0,808.29,943.2
2634,maize,13.5145,11.491,0.075037,0.744472,0.145,1.2553,739.0,260.0,100.04,6986.4,1043.19,942.32
2635,maize,11.8994,11.4886,0.01906,0.961925,0.1341,1.3925,730.0,510.0,100.04,7192.4,850.1,941.29
2636,maize,14.2128,11.5051,0.193082,2.388249,0.1677,1.3701,734.0,480.0,100.04,7947.9,1066.59,944.84
2637,maize,9.2554,11.4976,-0.105846,1.647409,0.1173,1.3768,740.0,380.0,100.04,6885.6,897.39,943.07
2638,maize,15.0483,11.5194,0.10545,1.740424,0.13,1.3843,730.0,355.0,100.04,7741.1,1142.28,943.17
2639,maize,10.1905,11.5399,-0.082051,2.270907,0.1278,1.3986,732.0,365.0,100.04,6003.3,696.62,941.45
2640,maize,15.0412,11.5548,0.216903,3.607871,0.1585,1.4263,730.0,445.0,100.04,7833.4,1075.36,941.3
2641,maize,13.2636,11.5598,0.063972,0.421554,0.1317,1.256,730.0,410.0,100.04,7350.3,989.58,940.06
2642,maize,12.8852,11.5496,0.071087,0.482904,0.0979,1.4164,732.0,410.0,100.04,7367.7,992.72,940.25
2643,maize,11.6886,11.5354,-0.085847,0.623913,0.1079,1.3805,732.0,380.0,100.04,6868.5,897.92,937.67
2644,maize,8.6842,11.5048,-0.233379,5.105825,0.1067,1.2853,745.0,510.0,100.04,6934.1,776.53,938.45
2645,maize,11.867,11.5123,-0.082863,1.178983,0.1069,1.4117,732.0,340.0,100.04,6623.1,876.58,937.06
2646,maize,9.1092,11.4884,-0.201005,4.25062,0.082,1.3983,732.0,370.0,100.04,6349.9,778.28,937.54
2647,maize,8.1681,11.4346,-0.242485,7.219497,0.0706,1.3225,734.0,340.0,100.04,5698.1,644.13,932.71
2648,maize,10.071,11.4321,-0.176694,3.254475,0.0758,1.4007,730.0,455.0,100.04,6184.2,653.05,928.36
2649,maize,13.6055,11.4665,0.087433,0.604565,0.1133,1.3332,730.0,320.0,100.04,7423.0,1097.75,929.85
2650,maize,12.8647,11.4774,-0.034427,0.406881,0.1223,1.3391,744.0,430.0,100.04,7685.3,1044.91,930.15
2651,maize,10.1359,11.5169,-0.026101,0.314931,0.0945,1.2645,734.0,285.0,100.04,7017.5,1028.98,935.74
2652,maize,12.1636,11.5294,0.042728,0.463191,0.1209,1.3412,734.0,305.0,100.04,7531.9,1137.58,937.83
2653,maize,12.7356,11.5746,0.145181,1.664008,0.1319,1.2357,732.0,460.0,100.04,7354.6,939.46,938.44
2654,maize,11.0103,11.5545,0.058397,0.522223,0.1073,1.381,732.0,440.0,100.04,7200.2,920.85,936.02
2655,maize,11.6032,11.5256,0.043731,0.386119,0.0995,1.3522,730.0,330.0,100.04,7174.8,1025.7,933.97
2656,maize,10.6153,11.5161,-0.050277,0.744456,0.0812,1.3745,730.0,440.0,100.04,6871.8,839.95,929.98
2657,maize,14.4335,11.5758,0.184907,2.566599,0.1344,1.3567,730.0,265.0,100.04,7772.4,1240.11,934.43
2658,maize,12.5266,11.5726,0.038478,0.256803,0.1072,1.3247,737.0,425.0,100.04,7059.0,897.56,933.09
2659,maize,11.4131,11.5719,-0.00097,1.053482,0.0806,1.3602,730.0,520.0,100.04,6393.0,640.24,931.22
2660,maize,10.6554,11.5405,-0.004606,0.786099,0.0737,1.3232,736.0,405.0,100.04,6940.4,888.51,928.69
2661,maize,12.114,11.5756,-0.002299,0.720414,0.079,1.2932,730.0,340.0,100.04,6586.9,868.72,927.86
2662,maize,12.9368,11.5892,0.187784,0.874343,0.0906,1.3088,737.0,340.0,100.04,7381.7,1063.22,928.28
2663,maize,11.5701,11.6066,0.093414,0.851185,0.0863,1.343,732.0,515.0,100.04,7105.8,822.25,926.17
2664,maize,12.1385,11.6096,-0.007658,0.657208,0.1012,1.2605,730.0,390.0,100.04,7027.8,928.95,924.39
2665,maize,14.4074,11.6288,0.13182,1.479323,0.1015,1.2549,747.0,280.0,100.04,7200.2,1071.85,924.51
2666,maize,12.0267,11.6736,0.008028,0.249978,0.1419,1.3506,735.0,340.0,100.04,7394.0,1067.5,928.52
2667,maize,11.0017,11.6779,-0.051666,0.883145,0.1125,1.2559,765.0,310.0,100.04,7457.6,1095.4,930.85
2668,maize,12.4438,11.6311,-0.010462,0.345849,0.0973,1.2766,734.0,410.0,100.04,7133.3,932.93,927.99
2669,maize,13.9032,11.6463,0.046888,0.470276,0.148,1.3408,739.0,250.0,100.04,7942.7,1292.27,929.92
2670,maize,12.7811,11.6653,-0.042086,0.422913,0.0936,1.3568,732.0,400.0,100.04,7358.4,1000.39,929.81
2671,maize,10.2995,11.6551,-0.088189,1.178161,0.0938,1.3731,740.0,445.0,100.04,7048.3,873.07,926.98
2672,maize,12.7229,11.704,0.040294,0.49675,0.1399,1.3036,750.0,395.0,100.04,7316.8,984.21,929.38
2673,maize,12.9213,11.7473,0.005456,0.351817,0.1206,1.408,747.0,225.0,100.04,7267.3,1143.63,931.79
2674,maize,9.986,11.7078,-0.217324,2.332969,0.0798,1.3346,732.0,465.0,100.04,6991.8,843.75,928.24
2675,maize,13.5693,11.7436,-0.00215,0.496817,0.0914,1.37,730.0,315.0,100.04,6315.3,825.81,929.82
2676,maize,11.9799,11.7947,-0.006179,0.162379,0.1344,1.3515,750.0,275.0,100.04,7806.9,1226.72,934.61
2677,maize,8.5001,11.7399,-0.153507,7.716986,0.1238,1.2669,732.0,190.0,100.04,5892.4,843.9,932.47
2678,maize,13.3911,11.7326,0.046937,0.58758,0.0946,1.2919,737.0,315.0,100.04,7489.3,1115.13,933.22
2679,maize,15.3413,11.761,0.166602,1.94929,0.1314,1.2519,732.0,270.0,100.04,7645.6,1202.21,934.86
2680,maize,12.4384,11.7655,-0.026216,0.813263,0.0929,1.3461,732.0,420.0,100.04,7155.9,929.78,934.3
2681,maize,11.9852,11.7824,-0.056977,0.67631,0.1057,1.3016,736.0,420.0,100.04,7241.3,948.73,935.33
2682,maize,9.9632,11.8005,-0.067939,0.828373,0.1046,1.3325,730.0,365.0,100.04,6861.9,912.49,936.87
2683,maize,11.65,11.7839,-0.062919,0.815555,0.1196,1.3011,732.0,385.0,100.04,6935.8,909.76,936.5
2684,maize,11.9716,11.8285,0.008042,0.870732,0.0888,1.3521,732.0,330.0,100.04,6839.0,940.55,939.54
2685,maize,13.3348,11.7984,0.070379,1.155842,0.0863,1.3654,730.0,340.0,100.04,7451.4,1084.85,939.23
2686,maize,15.5535,11.8201,0.262573,4.804769,0.108,1.1343,742.0,405.0,100.04,7597.7,1049.23,938.05
2687,maize,13.9441,11.8283,0.153919,1.339348,0.1063,1.3069,734.0,310.0,100.04,6947.7,986.51,938.53
2688,maize,13.0763,11.8933,0.042814,0.457377,0.1078,1.3034,730.0,345.0,100.04,7237.7,1026.42,942.0
2689,maize,10.9428,11.8419,0.015397,0.226465,0.1023,1.2404,730.0,315.0,100.04,7011.0,999.76,941.29
2690,maize,9.3997,11.8103,-0.153405,2.568152,0.084,1.2864,730.0,345.0,100.04,6815.6,920.91,940.89
2691,maize,11.298,11.8657,-0.05397,0.594751,0.0884,1.1541,745.0,340.0,100.04,7214.2,1016.56,945.68
2692,maize,15.1669,11.8868,0.186692,2.59781,0.0722,1.2615,730.0,470.0,100.04,7577.8,986.45,944.58
2693,maize,5.8603,11.8436,-0.326364,8.866653,0.0809,1.2221,737.0,400.0,100.04,6235.0,716.55,942.42
2694,maize,14.8497,11.9099,0.136216,1.701228,0.0967,1.2658,740.0,255.0,100.04,7475.8,1169.95,946.07
2695,maize,13.5993,11.9178,0.084618,0.51576,0.0884,1.3391,730.0,315.0,100.04,7412.6,1100.15,946.05
2696,maize,5.99,11.8409,-0.55482,11.867116,0.1005,1.3089,738.0,335.0,100.04,5493.1,595.49,941.34
2697,maize,12.4856,11.8462,-0.051787,0.998011,0.072,1.2497,730.0,350.0,100.04,7401.9,1062.47,940.33
2698,maize,8.2225,11.7965,-0.198103,5.400424,0.0678,1.2979,732.0,290.0,100.04,6195.1,819.58,937.92
2699,maize,10.399,11.7507,-0.10699,1.488379,0.0586,1.2761,747.0,315.0,100.04,6706.9,913.53,935.12
2700,maize,10.5401,11.7084,-0.097918,1.523688,0.0646,1.202,730.0,380.0,100.04,6607.1,833.77,932.17
2701,maize,8.3843,11.6822,-0.213718,3.415824,0.0663,1.3185,730.0,375.0,100.04,6253.3,750.32,932.08
2702,maize,12.4078,11.7151,0.10203,1.027168,0.0679,1.3552,740.0,485.0,100.04,7132.9,854.23,932.94
2703,maize,13.5256,11.7554,0.146759,1.758058,0.0745,1.3467,730.0,390.0,100.04,7333.5,1005.37,935.45
2704,maize,12.0923,11.753,0.071976,1.703261,0.0509,1.3493,732.0,395.0,100.04,7226.5,972.44,935.41
2705,maize,11.8302,11.7743,0.162201,1.008559,0.0615,1.3254,734.0,360.0,100.04,7039.9,959.58,937.68
2706,maize,8.1818,11.7191,-0.04335,1.51749,0.0445,1.2471,730.0,270.0,100.04,6029.4,799.35,935.59
2707,maize,10.1479,11.7649,0.035179,0.481657,0.0558,1.272,730.0,460.0,100.04,7549.8,989.46,940.01
2708,maize,10.9394,11.7471,0.027895,0.761041,0.0501,1.309,730.0,300.0,100.04,6511.9,889.97,938.59
2709,maize,10.7996,11.7181,0.014799,1.134474,0.0842,1.2646,735.0,300.0,100.04,6408.2,861.05,937.44
2710,maize,15.6876,11.7399,0.189141,3.631365,0.0686,1.2589,740.0,315.0,100.04,7895.1,1214.79,940.37
2711,maize,13.1369,11.7565,0.105859,1.314486,0.0618,1.2556,740.0,370.0,100.04,7758.3,1125.58,941.68
2712,maize,9.934,11.7983,-0.041649,0.62056,0.0527,1.3506,730.0,365.0,100.04,6494.9,820.72,944.15
2713,maize,3.6091,11.7407,-0.346452,12.932886,0.0487,1.3186,735.0,370.0,100.04,4821.4,394.34,939.5
2714,maize,12.4852,11.7787,0.061668,0.650288,0.0571,1.345,732.0,385.0,100.04,7140.3,960.88,943.82
2715,maize,10.4999,11.7541,-0.038311,0.629478,0.0481,1.308,730.0,425.0,100.04,6498.5,761.62,939.36
2716,maize,5.2773,11.6816,-0.264319,8.528689,0.0411,1.2602,750.0,450.0,100.04,6273.5,668.38,936.33
2717,maize,12.3944,11.7055,0.075322,1.184556,0.0593,1.3209,730.0,480.0,100.04,7477.6,951.4,937.87
2718,maize,9.3665,11.6654,-0.131743,1.556665,0.0374,1.3408,732.0,460.0,100.04,6993.7,849.22,935.7
2719,maize,15.9025,11.7096,0.349695,10.076998,0.0466,1.3555,730.0,480.0,100.04,7785.9,1028.47,937.11
2720,maize,8.5228,11.6513,-0.10681,1.71409,0.0384,1.33,730.0,505.0,100.04,6489.2,679.29,933.41
2721,maize,15.2794,11.6974,0.182588,5.337058,0.0398,1.3733,730.0,400.0,100.04,7788.5,1109.13,937.65
2722,maize,11.8728,11.686,-0.006528,1.300056,0.044,1.3498,730.0,355.0,100.04,7165.9,998.48,937.16
2723,maize,6.2847,11.6394,-0.160585,5.991014,0.0562,1.3788,730.0,445.0,100.04,5518.4,496.59,934.75
2724,maize,10.2354,11.5892,-0.053996,0.430675,0.0386,1.3333,730.0,480.0,100.04,7113.5,860.37,931.87
2725,maize,12.4037,11.5864,0.077353,1.306883,0.0477,1.4111,730.0,460.0,100.04,7035.3,860.83,933.34
2726,maize,13.5694,11.605,0.152189,2.367592,0.0509,1.3925,732.0,425.0,100.04,7457.0,1000.04,933.53
2727,maize,13.6509,11.6196,0.139421,2.131513,0.0678,1.4176,730.0,460.0,100.04,8081.4,1122.35,935.72
2728,maize,10.6612,11.6171,-0.057507,0.58332,0.048,1.3403,730.0,550.0,100.04,6422.7,617.68,933.04
2729,maize,12.1619,11.6279,0.101571,0.847894,0.0458,1.3312,732.0,580.0,100.04,7044.5,741.92,932.05
2730,maize,11.0461,11.6004,-0.033861,0.408061,0.0588,1.3463,732.0,445.0,100.04,6673.3,784.12,930.08
2731,maize,13.7507,11.6093,0.128345,2.118977,0.0552,1.3621,740.0,540.0,100.04,7343.1,851.78,926.73
2732,maize,10.3098,11.6109,-0.092796,2.064878,0.049,1.3396,730.0,565.0,100.04,6154.4,535.61,925.31
2733,maize,14.6083,11.6633,0.172607,2.995903,0.0747,1.3537,735.0,640.0,100.04,8168.1,961.03,926.84
2734,maize,14.2627,11.6708,0.118683,1.431,0.0802,1.3085,730.0,415.0,100.04,7219.7,951.93,925.92
2735,maize,13.87,11.6905,0.027834,1.26165,0.0725,1.3975,730.0,530.0,100.04,7705.5,958.38,927.01
2736,maize,9.5227,11.6436,-0.04335,7.309103,0.0905,1.2215,730.0,415.0,100.04,5952.2,635.06,922.69
2737,maize,10.6395,11.6574,-0.136404,1.46799,0.0722,1.3343,739.0,630.0,100.04,6999.1,676.38,920.48
2738,maize,12.402,11.6309,0.018432,0.662383,0.0943,1.1995,730.0,470.0,100.04,7417.0,946.25,918.52
2739,maize,12.9995,11.659,0.049423,0.252953,0.0715,1.317,730.0,350.0,100.04,7387.1,1058.77,922.14
2740,maize,11.1765,11.6204,-0.138274,1.129809,0.0943,1.36,742.0,580.0,100.04,7026.6,731.44,918.7
2741,maize,9.9184,11.5869,-0.157379,4.797837,0.1345,1.1018,732.0,410.0,100.04,6059.1,665.58,915.46
2742,maize,14.8378,11.6065,0.149488,1.775134,0.1112,1.3322,730.0,355.0,100.04,7839.5,1166.87,917.2
2743,maize,11.7028,11.6066,-0.029721,0.323695,0.0925,1.3512,736.0,490.0,100.04,7197.1,867.66,916.9
2744,maize,12.3638,11.6434,-0.019027,0.584787,0.09,1.3469,734.0,460.0,100.04,6877.7,819.02,917.33
2745,maize,9.3774,11.6185,-0.168946,2.588874,0.0685,1.2901,730.0,450.0,100.04,6644.1,773.02,916.29
2746,maize,6.5876,11.5933,-0.325296,5.418406,0.0957,1.3285,755.0,465.0,100.04,6651.4,744.86,915.96
2747,maize,11.9313,11.6309,-0.041451,0.501157,0.1085,1.2204,730.0,355.0,100.04,6929.5,939.38,918.91
2748,maize,9.0244,11.6204,-0.186253,3.25807,0.0659,1.2913,730.0,490.0,100.04,6629.7,729.42,919.67
2749,maize,6.1271,11.5457,-0.393735,8.124449,0.1127,1.2556,770.0,520.0,100.04,6846.5,729.62,915.99
2750,maize,8.6687,11.5037,-0.059211,0.936803,0.0885,1.0891,750.0,610.0,100.04,6765.7,631.43,911.86
2751,maize,12.9834,11.5322,0.179634,2.12096,0.1255,1.2856,734.0,445.0,100.04,7192.7,912.78,910.7
2752,maize,12.4976,11.5355,0.151023,3.625604,0.0884,1.1524,730.0,520.0,100.04,7288.2,864.05,907.96
2753,maize,11.3551,11.5217,0.07705,0.918478,0.1016,1.1758,750.0,510.0,100.04,7285.9,861.47,907.18
2754,maize,13.3818,11.5454,0.172057,3.114967,0.0858,1.2354,730.0,380.0,100.04,7476.3,1051.07,908.48
2755,maize,8.591,11.5153,-0.073239,1.126459,0.0798,1.2924,732.0,525.0,100.04,6012.0,538.81,903.61
2756,maize,12.7934,11.5371,0.166088,3.382205,0.078,1.1702,732.0,595.0,100.04,7323.5,796.68,903.18
2757,maize,12.2574,11.5153,0.144946,2.568951,0.0726,1.2203,730.0,560.0,100.04,7299.9,826.97,899.05
2758,maize,12.6959,11.517,0.164554,2.368321,0.0973,1.2423,730.0,460.0,100.04,7516.4,981.11,899.89
2759,maize,10.2925,11.5058,0.015316,0.245574,0.0544,1.1683,730.0,585.0,100.04,6627.4,633.85,899.82
2760,maize,12.5644,11.5249,0.117197,1.523409,0.0507,1.1475,730.0,580.0,100.04,7306.1,808.53,899.02
2761,maize,11.4476,11.5182,0.036483,1.492142,0.0641,1.2063,730.0,470.0,100.04,6938.2,826.54,898.6
2762,maize,8.6455,11.4753,-0.145612,3.623897,0.0483,1.2291,730.0,440.0,100.04,5855.1,585.79,893.83
2763,maize,14.0502,11.5001,0.156336,2.950312,0.0464,1.1829,730.0,560.0,100.04,7278.6,821.65,893.82
2764,maize,13.0983,11.5097,0.097369,0.906802,0.0584,1.1699,730.0,570.0,100.04,7353.9,830.48,892.83
2765,maize,14.4378,11.51,0.040402,0.813578,0.0419,1.2237,730.0,530.0,100.04,7399.9,881.98,890.94
2766,maize,10.3195,11.493,-0.065611,0.913091,0.034,1.1625,750.0,555.0,100.04,7159.6,784.89,888.11
2767,maize,13.4425,11.5174,0.050147,0.401832,0.0398,1.2002,730.0,530.0,100.04,7643.7,942.92,886.58
2768,maize,10.2573,11.4955,-0.098926,2.259379,0.0343,1.1218,740.0,630.0,100.04,7261.1,741.29,884.67
2769,maize,6.332,11.4198,-0.182127,11.451265,0.0193,1.002,730.0,670.0,100.04,5906.4,368.61,875.43
2770,maize,7.8255,11.3702,-0.191562,7.196514,0.0305,0.9761,730.0,660.0,100.04,6301.8,477.44,870.2
2771,maize,12.3774,11.391,0.007097,0.91311,0.0374,1.2137,730.0,490.0,100.04,7564.7,963.17,871.1
2772,maize,14.3272,11.4071,0.046372,0.885927,0.0344,1.181,730.0,370.0,100.04,7885.1,1163.28,872.89
2773,maize,13.3885,11.4117,0.061704,0.965191,0.0427,1.1864,730.0,540.0,100.04,7809.6,974.39,871.2
2774,maize,8.1363,11.3932,-0.131245,4.721781,0.03,1.065,730.0,665.0,100.04,6827.7,603.92,868.8
2775,maize,13.1126,11.3887,0.039476,1.066895,0.0406,1.2358,730.0,580.0,100.04,7538.3,866.56,869.21
2776,maize,13.3827,11.4027,-0.007399,0.393029,0.0229,1.1174,730.0,450.0,100.04,6964.9,853.23,865.48
2777,maize,12.9164,11.4468,0.012408,0.721437,0.0472,1.2671,730.0,400.0,100.04,7378.3,1006.57,867.1
2778,maize,10.5845,11.4188,-0.073089,1.011694,0.029,1.2304,730.0,550.0,100.04,6863.4,727.84,863.23
2779,maize,10.8518,11.3739,-0.032566,0.676248,0.0347,1.2229,730.0,505.0,100.04,7238.3,866.56,859.87
2780,maize,11.6511,11.366,-0.013602,0.330555,0.0351,1.2582,730.0,630.0,100.04,7106.7,708.67,857.66
2781,maize,12.9647,11.3758,0.076218,1.122424,0.0415,1.109,730.0,500.0,100.04,7362.7,902.67,857.2
2782,maize,8.1167,11.3573,-0.098405,3.394471,0.0322,1.2223,730.0,585.0,100.04,5816.8,431.19,852.39
2783,maize,11.8493,11.3593,0.033675,1.403782,0.0256,1.2389,730.0,640.0,100.04,6997.6,671.4,850.01
2784,maize,12.2331,11.362,0.049718,1.404504,0.0353,1.2343,730.0,570.0,100.04,7334.9,825.72,848.86
2785,maize,9.1577,11.3202,-0.082607,2.179024,0.0316,1.1894,730.0,645.0,100.04,6497.7,541.43,843.42
2786,maize,17.1106,11.3358,0.15165,6.677062,0.035,1.2961,730.0,490.0,100.04,7920.6,1052.15,843.45
2787,maize,11.9681,11.316,0.041411,0.705232,0.0306,1.3097,740.0,550.0,100.04,7421.2,861.31,842.2
2788,maize,4.0743,11.226,-0.336745,20.023518,0.0345,1.2272,732.0,540.0,100.04,4394.7,119.47,833.13
2789,maize,11.2179,11.2287,-0.055115,0.961576,0.0264,1.2994,730.0,530.0,100.04,6688.8,704.21,830.17
2790,maize,4.3689,11.1784,-0.284994,16.996492,0.0279,1.3011,730.0,530.0,100.04,4871.0,249.76,823.46
2791,maize,12.492,11.1904,0.025837,0.39529,0.0249,1.3436,730.0,540.0,100.04,7652.8,935.2,822.65
2792,maize,8.5728,11.1244,-0.107843,1.545445,0.0261,1.2757,730.0,585.0,100.04,6830.9,684.72,819.63
2793,maize,12.4599,11.1904,0.05133,0.587657,0.0236,1.2982,730.0,400.0,100.04,7214.4,965.61,822.12
2794,maize,13.3662,11.1756,0.081029,0.823294,0.0347,1.3368,730.0,360.0,100.04,6696.6,876.15,819.19
2795,maize,7.9323,11.1189,-0.106202,3.326826,0.0183,1.3067,730.0,480.0,100.04,6078.8,601.71,814.2
2796,maize,10.1457,11.1605,-0.106866,1.871211,0.026,1.3342,730.0,410.0,100.04,6817.4,856.35,816.81
2797,maize,13.4661,11.1703,0.067293,1.098261,0.0172,1.2874,730.0,450.0,100.04,7439.5,971.87,815.9
2798,maize,11.0936,11.199,-0.021158,0.502111,0.0186,1.2738,730.0,480.0,100.04,7088.7,854.17,816.25
2799,maize,5.7336,11.1523,-0.315633,10.748971,0.0143,1.2665,740.0,500.0,100.04,5833.9,514.47,812.26
2800,maize,8.4323,11.1312,-0.100744,4.636395,0.0147,1.2896,730.0,400.0,100.04,6229.1,719.28,811.11
2801,maize,8.6688,11.1341,-0.09189,2.438392,0.0149,1.2879,730.0,360.0,100.04,6623.1,857.77,812.19
2802,maize,10.2826,11.1128,0.040758,0.501809,0.0171,1.2703,730.0,410.0,100.04,7309.2,979.29,813.44
2803,maize,9.7202,11.0748,0.018848,0.430258,0.0148,1.291,730.0,480.0,100.04,7218.0,886.5,812.25
2804,maize,13.1247,11.0851,0.163144,3.354893,0.0137,1.2463,730.0,430.0,100.04,7344.4,968.09,812.21
2805,maize,10.7297,11.0741,0.039115,0.603221,0.014,1.2621,730.0,435.0,100.04,6677.7,796.42,810.58
2806,maize,12.304,11.1153,0.067018,3.26989,0.0148,1.2912,730.0,390.0,100.04,6537.4,806.35,810.65
2807,maize,13.1552,11.1454,0.191021,5.674051,0.0152,1.2779,730.0,480.0,100.04,7266.3,898.57,809.74
2808,maize,12.9906,11.1659,0.086384,1.20101,0.0132,1.2978,730.0,400.0,100.04,7370.2,1004.56,810.88
2809,maize,14.7971,11.2059,0.201495,5.840118,0.0115,1.2771,730.0,395.0,100.04,7795.1,1115.78,813.43
2810,maize,14.7462,11.1965,0.159107,3.714909,0.0134,1.2676,730.0,400.0,100.04,7663.8,1077.95,812.06
2811,maize,14.953,11.2146,0.213141,4.429423,0.0082,1.1557,730.0,320.0,100.04,7709.3,1169.33,812.5
2812,maize,10.8929,11.2242,0.034577,0.476097,0.01,1.1869,732.0,475.0,100.04,7347.0,922.55,813.52
2813,maize,13.0617,11.3187,0.090591,0.679162,0.0114,1.2223,730.0,410.0,100.04,7739.6,1086.91,820.44
2814,maize,12.3233,11.3171,-0.011985,0.207537,0.011,1.2903,730.0,460.0,100.04,7374.0,945.49,820.29
2815,maize,9.0981,11.3031,-0.086501,3.698386,0.0118,1.2925,730.0,350.0,100.04,6538.9,846.72,821.14
2816,maize,6.7972,11.3183,-0.209754,11.689845,0.0098,1.2889,730.0,430.0,100.04,6080.2,652.05,820.98
2817,maize,12.0144,11.3145,-0.100876,3.089961,0.0095,1.3129,730.0,490.0,100.04,6561.4,712.36,818.59
2818,maize,13.9803,11.3606,-0.007048,0.329922,0.0091,1.2829,730.0,400.0,100.04,7525.6,1043.41,820.53
2819,maize,12.0664,11.3223,-0.015802,0.936835,0.0111,1.3204,730.0,370.0,100.04,7185.9,988.46,820.13
2820,maize,10.7339,11.3444,-0.113343,1.862496,0.0098,1.3189,730.0,355.0,100.04,7231.0,1014.75,823.48
2821,maize,14.3523,11.3351,0.047094,0.592427,0.0101,1.3455,730.0,390.0,100.04,7853.8,1135.46,823.75
2822,maize,9.5244,11.3116,-0.089128,8.783505,0.0116,1.3156,730.0,290.0,100.04,5903.0,747.74,821.24
2823,maize,14.1977,11.3908,0.05169,0.80697,0.0119,1.3153,730.0,320.0,100.04,7367.6,1083.9,827.11
2824,maize,11.7109,11.4055,-0.011793,0.732191,0.0108,1.3114,730.0,445.0,100.04,7312.7,945.18,827.96
2825,maize,12.3051,11.4045,-0.001341,0.197698,0.0112,1.315,730.0,380.0,100.04,7366.7,1023.69,829.59
2826,maize,12.7848,11.3967,0.043593,0.614119,0.0114,1.306,730.0,400.0,100.04,7368.2,1004.05,829.63
2827,maize,9.8518,11.3587,-0.09217,1.460751,0.0099,1.2837,732.0,420.0,100.04,6733.3,824.12,826.65
2828,maize,10.4741,11.3568,-0.028327,0.589581,0.0105,1.2971,730.0,370.0,100.04,7085.7,963.41,830.1
2829,maize,7.3185,11.3084,-0.151169,6.962905,0.0112,1.3053,730.0,410.0,100.04,5484.5,523.12,827.92
2830,maize,10.9302,11.3072,-0.013555,1.472519,0.0119,1.2989,730.0,420.0,100.04,7018.4,896.6,829.04
2831,maize,12.5487,11.2952,0.06631,1.477927,0.0106,1.2855,730.0,290.0,100.04,7306.7,1098.68,831.51
2832,maize,14.3146,11.3353,0.23153,3.790438,0.0111,1.2962,730.0,340.0,100.04,7964.3,1213.08,838.28
2833,maize,11.8186,11.3074,0.026745,1.674386,0.0103,1.2662,730.0,460.0,100.04,7006.9,853.72,837.21
2834,maize,14.9452,11.3142,0.183234,5.111673,0.0141,1.2863,730.0,280.0,100.04,8302.3,1357.57,841.27
2835,maize,13.5721,11.3112,0.084607,2.237332,0.0117,1.2626,730.0,460.0,100.04,7976.6,1096.15,842.64
2836,maize,9.9731,11.3157,-0.052391,1.141061,0.0101,1.2449,730.0,340.0,100.04,6746.8,908.7,845.38
2837,maize,11.6243,11.3256,-0.041058,0.703812,0.0098,1.2286,730.0,410.0,100.04,7040.2,912.05,847.74
2838,maize,14.3304,11.3449,0.139389,2.561214,0.0141,1.2699,730.0,265.0,100.04,8134.7,1330.69,851.58
2839,maize,12.7358,11.3422,-0.020176,0.500933,0.0116,1.2,730.0,300.0,100.04,7204.3,1063.07,851.63
2840,maize,9.359,11.324,-0.147682,2.005267,0.0097,1.2209,730.0,360.0,100.04,6974.4,945.59,853.77
2841,maize,10.9618,11.3345,0.017915,1.093667,0.0131,1.2604,730.0,415.0,100.04,6821.6,852.41,855.64
2842,maize,12.8836,11.3149,0.046869,0.502751,0.0121,1.2332,732.0,400.0,100.04,7470.7,1028.47,854.25
2843,maize,15.3243,11.3511,0.103727,1.91836,0.016,1.2713,730.0,370.0,100.04,7601.6,1092.41,856.5
2844,maize,12.7019,11.3545,0.065437,0.345248,0.018,1.2881,734.0,350.0,100.04,7525.6,1091.01,859.22
2845,maize,11.7193,11.3779,-0.016571,1.643408,0.0132,1.2503,730.0,420.0,100.04,6863.5,857.86,860.07
2846,maize,13.7109,11.4492,0.021556,0.54991,0.0133,1.2363,730.0,440.0,100.04,7468.3,989.06,862.51
2847,maize,8.9698,11.4196,-0.106282,4.922166,0.0155,1.2468,730.0,360.0,100.04,6497.3,826.33,861.38
2848,maize,8.3837,11.4132,-0.098443,3.422022,0.0161,1.2119,730.0,365.0,100.04,7099.4,971.85,863.8
2849,maize,13.8888,11.4908,0.135908,1.06048,0.0197,1.2462,730.0,315.0,100.04,7283.4,1067.84,867.18
2850,maize,13.3273,11.5374,0.00709,0.356578,0.0191,1.3114,730.0,320.0,100.04,6735.2,925.81,870.13
2851,maize,9.9324,11.5069,-0.156078,3.546577,0.0182,1.2868,730.0,225.0,100.04,6884.6,1058.14,871.58
2852,maize,8.6052,11.4679,-0.165962,4.891428,0.0221,1.3155,730.0,320.0,100.04,6495.9,865.98,871.6
2853,maize,12.6352,11.4807,0.032695,0.377644,0.0221,1.326,730.0,370.0,100.04,7321.8,1022.44,873.21
2854,maize,11.3356,11.4603,-0.003018,0.822263,0.0207,1.2991,730.0,350.0,100.04,6635.7,870.93,871.41
2855,maize,10.3847,11.4782,-0.10109,0.881956,0.0264,1.3758,730.0,405.0,100.04,7145.5,943.38,875.46
2856,maize,11.818,11.4684,0.053868,0.378935,0.0303,1.3621,730.0,360.0,100.04,7073.2,970.29,877.19
2857,maize,13.0515,11.4764,0.106853,1.607868,0.0344,1.4033,732.0,295.0,100.04,7496.8,1140.0,880.32
2858,maize,13.4762,11.4842,0.047743,1.985005,0.0292,1.3763,730.0,325.0,100.04,7458.3,1101.57,881.53
2859,maize,10.0803,11.4821,-0.057537,0.465387,0.0283,1.3752,732.0,345.0,100.04,6679.2,885.59,884.04
2860,maize,12.0333,11.4768,0.073894,0.996684,0.0284,1.3554,730.0,340.0,100.04,7396.5,1071.13,886.67
2861,maize,9.535,11.4576,-0.093627,0.851981,0.028,1.3858,734.0,355.0,100.04,6698.3,879.17,887.2
2862,maize,14.6677,11.5179,0.180557,2.185212,0.0375,1.405,734.0,240.0,100.04,7297.3,1143.91,892.78
2863,maize,14.5649,11.523,0.274393,3.563288,0.0357,1.3895,732.0,350.0,100.04,7763.5,1151.66,896.08
2864,maize,7.7551,11.4696,-0.122591,2.699953,0.0417,1.3735,730.0,390.0,100.04,6555.6,810.9,895.88
2865,maize,4.241,11.3676,-0.378097,11.617273,0.0415,1.3864,732.0,315.0,100.04,5383.5,591.68,892.98
2866,maize,12.9991,11.3944,0.061851,1.039906,0.0446,1.4068,730.0,365.0,100.04,7417.1,1051.27,895.64
2867,maize,12.7766,11.3877,0.131986,1.770256,0.0482,1.3994,732.0,335.0,100.04,7980.1,1220.82,898.42
2868,maize,9.8823,11.384,-0.056679,1.145238,0.0469,1.4035,732.0,370.0,100.04,6568.6,832.94,899.34
2869,maize,8.2824,11.4035,-0.13057,2.776819,0.0539,1.3969,730.0,365.0,100.04,6231.1,754.77,903.2
2870,maize,12.6515,11.4518,0.105099,1.41084,0.0527,1.4065,740.0,340.0,100.04,7549.8,1103.46,909.46
2871,maize,11.4027,11.442,0.021268,0.281622,0.0704,1.4426,730.0,275.0,100.04,7194.4,1085.61,910.68
2872,maize,7.8976,11.3777,-0.205044,4.725699,0.0651,1.4156,732.0,400.0,100.04,6121.7,691.23,905.96
2873,maize,8.2275,11.3261,-0.058917,2.65612,0.07,1.4058,730.0,390.0,100.04,6248.2,734.05,903.56
2874,maize,12.2809,11.3675,-0.031824,0.290686,0.0635,1.4278,746.0,280.0,100.04,6934.0,1005.89,907.58
2875,maize,12.6322,11.3627,0.044867,0.379913,0.0848,1.4438,730.0,300.0,100.04,7703.0,1187.75,910.79
2876,maize,5.6622,11.2855,-0.261083,7.248353,0.0768,1.4306,730.0,390.0,100.04,5432.5,530.14,907.56
2877,maize,12.2684,11.2791,-0.045932,0.618966,0.0759,1.4601,732.0,420.0,100.04,5872.7,608.99,903.59
2878,maize,13.0306,11.3035,0.122761,1.662484,0.0969,1.4411,732.0,315.0,100.04,7428.4,1102.89,907.34
2879,maize,14.6949,11.342,0.258953,3.609907,0.086,1.4614,734.0,490.0,100.04,7790.2,1017.16,908.84
2880,maize,12.2589,11.348,0.17978,1.489112,0.0835,1.4622,732.0,425.0,100.04,7447.2,997.6,911.73
2881,maize,8.9542,11.3079,-0.0911,2.976311,0.072,1.4083,730.0,320.0,100.04,6100.7,767.18,910.38
2882,maize,12.593,11.3527,0.171369,1.714877,0.0911,1.4309,750.0,440.0,100.04,7601.6,1010.41,916.17
2883,maize,9.2524,11.3267,-0.049424,0.798853,0.0812,1.4598,732.0,265.0,100.04,6575.2,939.59,918.85
2884,maize,12.5316,11.3297,0.081218,0.553933,0.0922,1.4533,732.0,275.0,100.04,7296.5,1109.92,921.69
2885,maize,10.2932,11.3411,-0.008078,0.47379,0.0863,1.4558,730.0,470.0,100.04,6937.8,826.45,924.54
2886,maize,13.2034,11.302,0.032455,0.601093,0.1264,1.4956,730.0,400.0,100.04,7322.6,992.64,923.95
2887,maize,4.4152,11.2265,-0.465846,9.006354,0.0786,1.4331,736.0,340.0,100.04,5922.7,699.07,922.33
2888,maize,9.0415,11.2761,-0.059216,2.183536,0.1171,1.481,739.0,320.0,100.04,6331.6,819.5,929.33
2889,maize,12.0848,11.2848,0.001926,0.312012,0.0906,1.4703,740.0,425.0,100.04,7451.7,993.92,932.22
2890,maize,11.8524,11.3596,0.035105,0.420178,0.1152,1.4528,735.0,340.0,100.04,7201.1,1019.26,939.92
2891,maize,12.0855,11.3556,0.014664,0.344443,0.1105,1.4927,732.0,395.0,100.04,7061.5,931.16,939.88
2892,maize,11.5444,11.3853,0.020688,0.130835,0.1131,1.4715,739.0,410.0,100.04,7551.2,1034.41,943.37
2893,maize,14.8777,11.4095,0.189752,2.718694,0.133,1.4248,740.0,400.0,100.04,8267.1,1222.77,945.95
2894,maize,12.5916,11.4017,0.02274,0.252166,0.1308,1.4641,732.0,225.0,100.04,7566.9,1227.52,949.46
2895,maize,8.0815,11.4032,-0.293949,4.230565,0.0946,1.4421,755.0,460.0,100.04,6451.2,699.81,950.44
2896,maize,7.839,11.3801,-0.31881,7.097916,0.1017,1.477,734.0,450.0,100.04,5908.2,586.64,947.74
2897,maize,7.5309,11.3208,-0.274729,8.16789,0.1097,1.4467,742.0,415.0,100.04,5808.7,591.97,943.94
2898,maize,9.3722,11.3036,-0.222865,2.971404,0.0988,1.4349,737.0,445.0,100.04,6653.8,776.24,943.17
2899,maize,12.8249,11.3745,0.083952,1.262487,0.1077,1.4712,730.0,530.0,100.04,7398.9,881.73,946.84
2900,maize,9.0243,11.3804,-0.299008,5.035495,0.105,1.4827,770.0,290.0,100.04,6835.7,956.92,949.21
2901,maize,10.9148,11.4029,-0.026908,1.05844,0.1129,1.469,742.0,370.0,100.04,7229.9,992.28,950.56
2902,maize,12.739,11.4274,0.180891,2.809999,0.1018,1.4313,732.0,395.0,100.04,7505.8,1042.26,951.19
2903,maize,11.1422,11.4417,0.014765,0.419457,0.1127,1.4739,734.0,470.0,100.04,7053.7,853.03,950.85
2904,maize,7.047,11.3809,-0.276546,5.486296,0.1027,1.4969,735.0,335.0,100.04,5562.2,614.55,947.32
2905,maize,13.6681,11.4103,0.164279,1.91326,0.12,1.4497,730.0,375.0,100.04,7760.1,1127.02,950.62
2906,maize,13.6199,11.4234,0.040976,1.066114,0.1265,1.4772,730.0,335.0,100.04,7609.3,1129.33,953.85
2907,maize,12.2033,11.4139,0.121034,0.763241,0.1417,1.4738,730.0,475.0,100.04,7445.9,948.49,954.35
2908,maize,12.4058,11.4081,0.102843,0.62444,0.1249,1.4815,734.0,380.0,100.04,7548.7,1066.76,954.98
2909,maize,8.6998,11.3471,-0.282369,4.489424,0.1125,1.4502,732.0,475.0,100.04,6735.0,769.55,951.51
2910,maize,7.235,11.272,-0.50029,7.912557,0.1183,1.4898,750.0,385.0,100.04,5870.6,632.66,947.06
2911,maize,12.3186,11.2456,0.045923,0.401941,0.1167,1.4957,739.0,280.0,100.04,7699.8,1201.56,947.38
2912,maize,12.413,11.2608,-0.007501,0.30911,0.1172,1.45,730.0,255.0,100.04,7368.0,1149.0,949.65
2913,maize,11.8918,11.2491,-0.007487,0.289282,0.1122,1.4812,730.0,275.0,100.04,7340.3,1122.06,950.0
2914,maize,6.2083,11.188,-0.534779,11.717251,0.0895,1.48,760.0,365.0,100.04,5930.2,661.55,947.16
2915,maize,13.0301,11.2273,0.024026,0.310467,0.0963,1.4715,732.0,450.0,100.04,7626.2,1017.36,948.87
2916,maize,7.1065,11.2304,-0.312098,16.111126,0.0759,1.4757,730.0,335.0,100.04,5055.5,490.87,947.25
2917,maize,8.7491,11.1977,-0.222927,3.538735,0.0916,1.4683,742.0,330.0,100.04,6650.9,887.54,949.01
2918,maize,8.7625,11.1456,-0.109098,1.557401,0.08,1.4613,740.0,480.0,100.04,6483.2,696.81,945.54
2919,maize,11.8658,11.1436,0.01876,0.851388,0.0957,1.484,734.0,360.0,100.04,6816.9,903.84,944.69
2920,maize,13.058,11.1668,0.158626,1.184022,0.103,1.4351,734.0,410.0,100.04,7982.2,1145.16,946.0
2921,maize,12.2019,11.1453,0.092914,0.732387,0.0896,1.4395,740.0,330.0,100.04,7693.2,1149.29,946.14
2922,maize,12.5258,11.1753,0.168936,1.788425,0.1037,1.4617,732.0,330.0,100.04,7257.8,1045.25,949.11
2923,maize,10.5433,11.1388,0.040642,0.275059,0.0987,1.4839,742.0,300.0,100.04,7329.2,1087.1,949.14
2924,maize,5.4141,11.0758,-0.185933,5.57853,0.0735,1.4529,732.0,485.0,100.04,5278.4,395.4,943.64
2925,maize,12.717,11.0799,0.089493,1.374856,0.0746,1.4668,730.0,305.0,100.04,7382.5,1102.63,944.43
2926,maize,8.9527,11.0416,-0.117563,0.90777,0.0828,1.4567,732.0,335.0,100.04,7004.1,976.83,944.16
2927,maize,13.634,11.0794,0.203583,3.894051,0.0616,1.4536,742.0,385.0,100.04,7422.7,1025.48,946.18
2928,maize,10.9513,11.0842,0.074874,1.685311,0.0778,1.4643,735.0,295.0,100.04,7199.5,1063.88,947.18
2929,maize,15.7856,11.1689,0.358613,7.983572,0.0791,1.4281,732.0,315.0,100.04,7897.9,1220.27,954.15
2930,maize,11.1366,11.1709,0.017365,1.246036,0.0816,1.3626,730.0,470.0,100.04,6904.4,818.1,953.37
2931,maize,13.6762,11.1822,0.104668,0.989737,0.1122,1.4564,730.0,300.0,100.04,7645.4,1173.34,954.11
2932,maize,11.9969,11.159,-0.004263,0.817886,0.0944,1.406,752.0,235.0,100.04,7387.3,1160.63,953.59
2933,maize,14.6377,11.1872,0.101781,1.33445,0.1065,1.3972,730.0,350.0,100.04,7683.9,1132.98,956.38
2934,maize,12.9546,11.1673,0.084469,0.614125,0.0878,1.4328,734.0,385.0,100.04,7448.7,1036.77,953.17
2935,maize,10.7507,11.1391,-0.231497,1.677684,0.1171,1.4196,738.0,375.0,100.04,7655.8,1096.15,953.17
2936,maize,10.8593,11.1479,-0.105554,2.857785,0.1094,1.3988,730.0,350.0,100.04,7461.6,1077.39,954.86
2937,maize,13.3956,11.1657,0.00015,0.553556,0.1006,1.4467,732.0,290.0,100.04,7740.3,1205.88,957.8
2938,maize,12.5942,11.1483,-0.152809,2.353186,0.0993,1.3891,732.0,285.0,100.04,7504.5,1151.94,956.01
2939,maize,14.9672,11.1706,-0.081096,1.147799,0.0961,1.3933,730.0,410.0,100.04,7273.3,970.33,955.08
2940,maize,12.2783,11.1998,-0.1652,2.250577,0.1093,1.3891,742.0,325.0,100.04,7503.6,1105.71,956.69
2941,maize,11.109,11.2013,-0.33042,5.007307,0.0942,1.4057,750.0,360.0,100.04,7071.3,957.81,957.74
2942,maize,11.2757,11.1852,-0.14428,2.748305,0.1064,1.414,730.0,300.0,100.04,6808.4,964.11,957.1
2943,maize,9.3282,11.1252,-0.262437,5.243705,0.1122,1.4447,742.0,300.0,100.04,6968.9,997.01,956.14
2944,maize,10.8716,11.1069,-0.219614,2.656241,0.096,1.4127,734.0,315.0,100.04,6757.1,933.86,954.57
2945,maize,12.7256,11.117,-0.063679,1.170586,0.0946,1.4025,730.0,240.0,100.04,6946.2,1058.56,956.58
2946,maize,8.3511,11.0634,-0.156265,2.745151,0.0909,1.3945,730.0,320.0,100.04,6642.1,902.51,955.71
2947,maize,5.9381,11.0331,-0.358302,6.169641,0.1235,1.4626,734.0,320.0,100.04,5986.3,736.16,954.81
2948,maize,13.9828,11.0891,0.242836,3.014957,0.1198,1.456,730.0,340.0,100.04,7322.0,1052.5,955.62
2949,maize,5.7298,11.0075,-0.265266,4.484918,0.1199,1.441,732.0,205.0,100.04,5859.0,820.54,953.14
2950,maize,11.1956,10.9862,0.221391,2.150618,0.1371,1.4587,732.0,320.0,100.04,7113.1,1019.06,954.08
2951,maize,11.9482,11.0063,0.23835,2.014339,0.1604,1.4044,735.0,350.0,100.04,6814.0,912.51,952.62
2952,maize,12.6302,11.0466,0.320987,4.044055,0.1491,1.365,740.0,310.0,100.04,7274.9,1064.73,954.61
2953,maize,12.5579,11.0458,0.163327,4.15124,0.1187,1.4964,730.0,350.0,100.04,7209.5,1014.37,954.53
2954,maize,3.7238,10.9697,-0.368876,9.351682,0.1219,1.477,734.0,315.0,100.04,4905.6,471.01,950.53
2955,maize,12.6877,10.9927,0.253887,3.771102,0.1374,1.4764,736.0,275.0,100.04,7374.9,1127.13,952.36
2956,maize,12.2063,10.9966,0.230415,3.773374,0.1231,1.4861,751.0,360.0,100.04,7304.3,1015.49,952.82
2957,maize,11.1829,10.9779,0.122328,1.113131,0.1485,1.5047,732.0,340.0,100.04,7104.7,996.98,951.39
2958,maize,10.7961,10.9511,0.137384,2.716662,0.1185,1.4777,732.0,405.0,100.04,6875.5,874.68,949.12
2959,maize,10.8169,10.9585,0.001294,1.063132,0.1059,1.4936,730.0,350.0,100.04,6649.9,874.47,949.01
2960,maize,11.1794,10.9499,0.091679,0.984289,0.1166,1.4917,732.0,365.0,100.04,7203.7,996.73,948.26
2961,maize,13.6558,10.9911,0.135349,1.081814,0.1207,1.4718,730.0,310.0,100.04,7026.0,1008.5,949.56
2962,maize,13.3196,10.9777,0.227147,2.300518,0.1486,1.4797,737.0,390.0,100.04,8096.4,1191.91,950.04
2963,maize,8.0716,10.9127,-0.26698,7.93591,0.1149,1.4734,732.0,290.0,100.04,6329.5,853.18,947.05
2964,maize,13.7353,10.9725,0.012556,0.499964,0.1087,1.4807,736.0,325.0,100.04,7170.8,1026.09,949.2
2965,maize,11.5526,11.0456,-0.168364,2.265787,0.1423,1.4761,746.0,285.0,100.04,7034.1,1025.93,953.55
2966,maize,8.0096,10.9958,-0.320179,5.866216,0.1095,1.4683,732.0,375.0,100.04,6515.0,814.55,951.18
2967,maize,12.8737,10.9967,0.050433,0.293207,0.1166,1.4684,732.0,305.0,100.04,7137.2,1040.09,949.37
2968,maize,10.6943,11.0048,-0.142394,3.335295,0.1301,1.4744,730.0,390.0,100.04,7210.9,974.73,950.79
2969,maize,11.7476,11.0395,-0.033272,0.394004,0.137,1.5056,732.0,360.0,100.04,7482.8,1071.5,953.96
2970,maize,14.0145,11.0531,0.004906,0.622835,0.1292,1.512,736.0,315.0,100.04,7509.7,1120.83,954.13
2971,maize,9.1824,11.0309,-0.26773,3.48027,0.1359,1.4812,732.0,400.0,100.04,6783.4,856.64,951.84
2972,maize,8.2372,11.0343,-0.261736,3.889875,0.1307,1.4992,730.0,320.0,100.04,6660.1,907.02,954.0
2973,maize,8.0399,11.0324,-0.456215,6.2321,0.1682,1.4857,744.0,295.0,100.04,6316.7,837.77,955.03
2974,maize,6.9062,10.9787,-0.260618,5.244218,0.1357,1.4823,732.0,345.0,100.04,6366.2,807.36,953.05
2975,maize,7.4643,10.927,-0.364514,3.898595,0.1361,1.509,749.0,315.0,100.04,6709.0,912.86,950.3
2976,maize,14.9159,11.0196,0.272711,2.516527,0.1988,1.4708,743.0,340.0,100.04,6832.3,922.29,954.22
2977,maize,11.0803,11.0077,0.054113,0.693353,0.1683,1.5075,732.0,420.0,100.04,6911.1,868.58,956.82
2978,maize,9.9515,10.9769,-0.045603,1.785106,0.1281,1.5091,732.0,365.0,100.04,6930.7,928.49,955.07
2979,maize,7.6137,10.9061,-0.160449,2.231006,0.1857,1.4803,732.0,355.0,100.04,5877.7,675.23,951.65
2980,maize,12.9804,10.9133,0.224125,1.841884,0.1795,1.4243,737.0,395.0,100.04,8010.9,1165.52,953.33
2981,maize,10.9681,10.9334,0.145139,1.924947,0.1345,1.4637,739.0,405.0,100.04,7136.0,935.6,955.02
2982,maize,6.7845,10.8753,-0.191658,4.485067,0.1685,1.4762,730.0,370.0,100.04,5364.9,533.21,950.25
2983,maize,7.2786,10.8556,-0.166393,4.003114,0.1194,1.4636,742.0,355.0,100.04,5456.2,563.85,946.49
2984,maize,8.5189,10.8155,-0.04677,0.823153,0.1309,1.4792,734.0,345.0,100.04,6866.7,931.28,944.7
2985,maize,10.3521,10.8161,0.077011,0.84897,0.1681,1.4693,736.0,390.0,100.04,7092.8,941.59,945.85
2986,maize,5.9672,10.7437,-0.130649,1.959563,0.1248,1.4387,735.0,415.0,100.04,6215.3,697.82,942.91
2987,maize,10.1312,10.8009,0.025873,0.612633,0.1886,1.4669,751.0,400.0,100.04,7113.6,927.8,945.19
2988,maize,8.8866,10.7993,-0.004005,0.247425,0.1799,1.4767,741.0,465.0,100.04,6800.2,790.44,944.9
2989,maize,6.8562,10.747,-0.251387,3.168998,0.1788,1.4531,742.0,475.0,100.04,5908.6,556.95,940.53
2990,maize,10.5273,10.7338,0.121367,0.980284,0.2031,1.4789,737.0,385.0,100.04,6842.7,883.49,939.17
2991,maize,9.9867,10.7128,0.153162,0.886532,0.197,1.4915,744.0,370.0,100.04,6922.0,914.11,939.0
2992,maize,7.9262,10.6766,-0.152978,3.604205,0.2252,1.4563,741.0,360.0,100.04,5609.0,597.64,934.64
2993,maize,11.5285,10.6431,0.202817,1.788149,0.2112,1.4672,739.0,350.0,100.04,7610.3,1109.17,933.5
2994,maize,4.8609,10.5658,-0.312446,3.464637,0.1573,1.4339,750.0,355.0,100.04,6334.3,778.57,929.01
2995,maize,12.1877,10.6069,0.299975,3.201672,0.179,1.4606,734.0,355.0,100.04,7613.7,1108.03,933.09
2996,maize,10.7297,10.6358,0.166705,1.937508,0.1572,1.4666,734.0,450.0,100.04,7205.6,911.01,936.34
2997,maize,10.6199,10.6667,0.214983,1.737013,0.1936,1.4586,746.0,295.0,100.04,7596.0,1156.39,941.98
2998,maize,8.5298,10.6582,-0.070364,0.9046,0.1798,1.454,738.0,445.0,100.04,5520.1,492.22,939.14
2999,maize,8.7897,10.6179,-0.091606,1.524141,0.1627,1.421,734.0,320.0,100.04,6896.2,963.66,939.96
3000,maize,12.7831,10.6555,0.173259,2.23011,0.188,1.4062,732.0,280.0,100.04,7679.2,1200.6,942.4
3001,maize,9.2136,10.6385,-0.012714,1.035682,0.1749,1.3718,743.0,370.0,100.04,6956.3,923.28,941.71
3002,maize,10.2913,10.614,-0.044835,0.541986,0.2119,1.4211,734.0,425.0,100.04,6782.1,830.11,939.59
3003,maize,11.7711,10.6203,0.023623,1.237084,0.2359,1.3831,736.0,285.0,100.04,6525.4,904.76,940.1
3004,maize,13.329,10.6831,0.245293,2.956367,0.2584,1.3948,737.0,480.0,100.04,7134.8,861.51,942.57
3005,maize,6.6996,10.6134,-0.278054,4.07526,0.1699,1.4004,739.0,425.0,100.04,5916.9,610.81,937.41
3006,maize,11.1238,10.5884,-0.031875,0.720396,0.2086,1.3594,732.0,370.0,100.04,6530.4,823.39,934.35
3007,maize,12.0737,10.5872,0.166182,1.156473,0.2271,1.4342,737.0,320.0,100.04,7539.7,1122.74,936.09
3008,maize,13.3569,10.5967,0.172774,1.260213,0.2145,1.4408,730.0,325.0,100.04,7588.0,1133.99,936.77
3009,maize,11.5128,10.6248,0.096402,0.733885,0.2022,1.3951,741.0,395.0,100.04,7437.3,1019.72,939.27
3010,maize,8.0908,10.6334,-0.264391,3.263996,0.2044,1.4029,748.0,380.0,100.04,6578.4,815.81,941.1
3011,maize,7.1058,10.5812,-0.551149,6.269869,0.2115,1.3771,746.0,335.0,100.04,6450.7,830.08,937.38
3012,maize,8.6979,10.5441,-0.178481,1.710617,0.2109,1.388,739.0,385.0,100.04,7469.0,1038.84,936.28
3013,maize,7.4282,10.4994,-0.334303,5.233506,0.1841,1.3405,739.0,395.0,100.04,6218.9,716.33,932.23
3014,maize,10.1518,10.5389,-0.074777,0.777524,0.1968,1.3528,730.0,320.0,100.04,6983.9,987.98,935.49
3015,maize,6.4762,10.4733,-0.232166,4.252741,0.1318,1.3318,747.0,405.0,100.04,6397.9,746.27,932.78
3016,maize,12.4167,10.5264,0.110926,0.64933,0.1708,1.3749,760.0,330.0,100.04,7284.7,1035.18,938.22
3017,maize,12.9938,10.5689,0.139322,1.808951,0.1593,1.407,734.0,400.0,100.04,7435.6,1018.5,939.53
3018,maize,6.645,10.5477,-0.264054,3.054166,0.1486,1.4052,744.0,340.0,100.04,5867.8,680.55,939.37
3019,maize,9.9147,10.5282,-0.091746,1.255767,0.1496,1.3761,734.0,395.0,100.04,6181.0,709.85,937.43
3020,maize,9.9468,10.4971,0.028751,0.357149,0.1275,1.3447,741.0,460.0,100.04,6913.3,823.71,934.21
3021,maize,10.6137,10.4812,0.059171,1.884448,0.1315,1.3729,752.0,475.0,100.04,6716.8,753.01,930.25
3022,maize,10.6087,10.462,0.195723,1.790615,0.1604,1.3476,737.0,380.0,100.04,7222.7,983.46,929.63
3023,maize,10.6692,10.4633,0.108429,2.119408,0.1639,1.3696,737.0,395.0,100.04,7122.8,943.49,928.2
3024,maize,14.716,10.5563,0.369715,6.478041,0.1525,1.3626,730.0,370.0,100.04,7864.1,1158.04,935.82
3025,maize,13.5693,10.5648,0.232876,3.444902,0.1416,1.3604,737.0,295.0,100.04,7396.7,1111.97,935.92
3026,maize,12.148,10.5968,0.130475,1.061858,0.1219,1.293,736.0,370.0,100.04,7049.3,950.72,935.66
3027,maize,7.5525,10.536,-0.137349,2.466592,0.1107,1.2416,742.0,340.0,100.04,6774.6,908.45,934.49
3028,maize,6.185,10.4883,-0.322996,6.20076,0.1494,1.3518,742.0,285.0,100.04,6189.5,817.18,932.02
3029,maize,13.4984,10.4654,0.111637,0.931806,0.1436,1.3603,750.0,385.0,100.04,7737.3,1099.33,930.81
3030,maize,11.5069,10.4691,0.113323,0.783936,0.1602,1.3548,743.0,310.0,100.04,7188.8,1041.4,933.04
3031,maize,12.7837,10.4602,0.118641,2.382102,0.1626,1.2163,742.0,255.0,100.04,7553.4,1188.16,933.19
3032,maize,11.9242,10.4595,-0.053879,0.41235,0.1653,1.3465,754.0,375.0,100.04,7572.4,1065.69,932.24
3033,maize,13.7117,10.4502,0.104389,0.842367,0.176,1.3583,738.0,370.0,100.04,7808.2,1139.25,932.3
3034,maize,7.1292,10.392,-0.312869,5.395945,0.1272,1.2942,732.0,460.0,100.04,6477.8,720.25,929.14
3035,maize,14.2156,10.4266,-0.051635,1.362864,0.1729,1.265,734.0,490.0,100.04,7225.6,876.01,926.94
3036,maize,8.4733,10.4028,-0.406461,5.349535,0.1546,1.2435,742.0,350.0,100.04,6732.7,887.97,925.04
3037,maize,6.7974,10.3368,-0.355265,10.480686,0.1282,1.2844,732.0,365.0,100.04,5559.2,585.61,918.84
3038,maize,11.5218,10.3261,-0.102201,0.775537,0.1562,1.266,730.0,340.0,100.04,7478.8,1091.69,918.24
3039,maize,8.7849,10.2642,-0.158383,2.273577,0.1449,1.2114,730.0,385.0,100.04,6501.3,802.33,916.56
3040,maize,13.9287,10.2807,0.159406,1.323458,0.1739,1.2994,734.0,400.0,100.04,7687.2,1081.41,916.32
3041,maize,11.0623,10.2803,-0.057053,0.44941,0.1464,1.2541,747.0,370.0,100.04,7250.4,994.41,916.68
3042,maize,12.8859,10.2964,0.237558,2.269577,0.1627,1.2616,736.0,355.0,100.04,6957.8,942.85,916.47
3043,maize,13.9797,10.3429,0.184789,2.408868,0.1575,1.3123,734.0,320.0,100.04,7552.6,1127.75,917.78
3044,maize,5.0708,10.2849,-0.340872,10.411477,0.1295,1.2837,732.0,400.0,100.04,5512.1,538.83,913.83
3045,maize,12.282,10.2804,0.077929,2.409243,0.1449,1.3118,743.0,390.0,100.04,7628.3,1071.27,913.95
3046,maize,13.3056,10.33,0.140485,1.524457,0.1726,1.3153,737.0,320.0,100.04,7709.9,1165.26,916.58
3047,maize,13.9689,10.4103,0.253132,3.425013,0.1684,1.283,747.0,440.0,100.04,7668.8,1029.0,919.51
3048,maize,11.9932,10.3904,0.029942,0.463221,0.1654,1.3354,740.0,320.0,100.04,6283.1,806.78,917.05
3049,maize,11.3096,10.4462,0.073567,0.359633,0.1663,1.2513,732.0,400.0,100.04,7219.7,965.72,918.5
3050,maize,11.7729,10.452,0.041066,0.392382,0.1427,1.3526,734.0,290.0,100.04,7215.3,1073.44,919.05
3051,maize,12.3817,10.4563,-0.102292,2.493372,0.1743,1.3425,736.0,260.0,100.04,6987.0,1045.14,920.37
3052,maize,14.3302,10.4733,0.182065,1.622273,0.1743,1.3332,734.0,310.0,100.04,7679.8,1169.55,921.42
3053,maize,8.7365,10.4351,-0.224681,4.023509,0.1522,1.2992,730.0,400.0,100.04,6602.0,812.5,919.4
3054,maize,12.1201,10.5191,-0.136622,1.641671,0.1806,1.325,737.0,305.0,100.04,7183.0,1048.56,925.18
3055,maize,8.8007,10.4802,-0.208983,3.775513,0.1329,1.2858,732.0,355.0,100.04,6701.5,881.18,922.72
3056,maize,7.888,10.437,-0.3494,7.92008,0.1528,1.3186,732.0,380.0,100.04,5996.6,679.94,919.36
3057,maize,8.0139,10.4053,-0.498284,7.376411,0.186,1.34,732.0,375.0,100.04,6483.2,806.6,917.46
3058,maize,12.9599,10.427,-0.012625,0.245659,0.1487,1.3543,732.0,330.0,100.04,7562.3,1121.36,919.93
3059,maize,10.2184,10.421,-0.240222,1.564115,0.17,1.3474,740.0,365.0,100.04,7291.3,1013.81,921.32
3060,maize,12.2657,10.4318,-0.002802,0.15054,0.1751,1.3907,734.0,450.0,100.04,7457.3,973.91,921.09
3061,maize,11.89,10.4142,-0.081003,0.424288,0.1801,1.3603,739.0,230.0,100.04,7421.6,1182.01,922.83
3062,maize,7.1052,10.352,-0.276986,5.190963,0.1615,1.3678,732.0,370.0,100.04,6289.8,763.25,918.54
3063,maize,6.7858,10.3392,-0.328176,7.772021,0.1559,1.3256,730.0,480.0,100.04,5802.3,532.57,915.33
3064,maize,7.7408,10.2792,-0.20489,4.060473,0.161,1.3879,732.0,460.0,100.04,6396.9,700.01,912.07
3065,maize,8.2112,10.2458,-0.129447,2.070694,0.1729,1.3831,737.0,410.0,100.04,6227.9,704.78,908.86
3066,maize,8.2874,10.2486,-0.007789,1.743625,0.1579,1.2562,738.0,355.0,100.04,6382.4,797.81,908.69
3067,maize,11.7604,10.2375,0.070168,1.008558,0.1711,1.3486,739.0,275.0,100.04,6940.8,1016.8,908.46
3068,maize,15.3664,10.2842,0.56725,9.804531,0.2139,1.3764,739.0,380.0,100.04,8011.2,1179.39,910.51
3069,maize,10.6268,10.273,0.201283,1.577651,0.2028,1.4279,737.0,500.0,100.04,7544.7,943.97,909.23
3070,maize,8.6338,10.2192,0.011588,0.461648,0.1924,1.3591,750.0,370.0,100.04,7357.1,1019.29,908.22
3071,maize,8.709,10.2144,0.063068,0.95763,0.1826,1.4132,736.0,430.0,100.04,6732.9,811.62,907.77
3072,maize,10.2546,10.2346,0.329831,2.965996,0.186,1.4316,748.0,310.0,100.04,7193.3,1039.53,909.09
3073,maize,10.5685,10.2599,0.186987,1.653162,0.2051,1.3763,737.0,350.0,100.04,7026.7,964.47,910.36
3074,maize,7.9932,10.2708,-0.063502,0.657654,0.1977,1.4644,749.0,220.0,100.04,6859.9,1045.56,912.74
3075,maize,10.5951,10.3021,0.202734,1.308021,0.2237,1.4695,758.0,340.0,100.04,7212.2,1008.26,913.7
3076,maize,3.6031,10.1889,-0.458788,9.630391,0.2244,1.4656,744.0,420.0,100.04,5499.2,508.4,909.56
3077,maize,6.2034,10.1402,-0.283778,2.632408,0.2114,1.4438,753.0,335.0,100.03,6916.6,942.34,910.29
3078,maize,11.3368,10.154,0.120509,0.514815,0.2216,1.4597,740.0,370.0,100.04,7303.6,1011.91,911.13
3079,maize,10.3942,10.1818,0.060504,0.366963,0.2144,1.4311,756.0,380.0,100.04,7096.8,940.6,913.78
3080,maize,8.9992,10.142,0.044713,1.988376,0.2013,1.3948,734.0,325.0,100.03,6569.0,876.84,910.9
3081,maize,9.2031,10.1244,-0.093378,0.690625,0.2171,1.4654,758.0,315.0,100.03,7013.0,983.44,911.37
3082,maize,6.8281,10.1248,-0.330239,4.547257,0.2255,1.4732,751.0,290.0,100.03,5739.7,694.32,912.98
3083,maize,5.479,10.1068,-0.222291,2.784238,0.1837,1.4469,746.0,385.0,100.03,6234.4,725.99,914.61
3084,maize,5.5196,10.0768,-0.190089,4.213549,0.1945,1.4226,732.0,410.0,100.03,5349.1,488.08,910.17
3085,maize,9.9005,10.0723,0.179659,0.710633,0.216,1.4779,743.0,235.0,100.03,7281.2,1139.5,912.15
3086,maize,10.3447,10.1161,0.064011,0.640946,0.2297,1.4708,741.0,415.0,100.03,7382.4,985.99,915.03
3087,maize,8.2407,10.0972,-0.026003,0.39196,0.1974,1.3943,744.0,395.0,100.03,6906.4,885.19,914.61
3088,maize,8.0323,10.0886,-0.061161,0.640298,0.2137,1.4842,758.0,370.0,100.03,6643.4,836.04,915.06
3089,maize,11.2962,10.133,0.20962,2.025587,0.2249,1.4506,736.0,430.0,100.03,7507.2,1005.2,919.55
3090,maize,14.5179,10.1729,0.450055,7.936734,0.2258,1.431,736.0,225.0,100.04,7693.5,1256.78,923.28
3091,maize,11.7365,10.1904,0.239406,2.657807,0.1846,1.4563,744.0,490.0,100.04,7348.7,900.78,923.15
3092,maize,11.6019,10.2272,0.368705,3.137828,0.188,1.418,740.0,460.0,100.04,7105.5,872.38,925.89
3093,maize,6.2093,10.174,-0.234377,3.206443,0.1821,1.4555,734.0,365.0,100.04,6049.0,706.85,921.87
3094,maize,10.3122,10.2285,0.096877,0.855223,0.2091,1.4387,744.0,325.0,100.04,6962.7,969.27,923.78
3095,maize,13.6765,10.2434,0.296728,4.28208,0.1805,1.4559,743.0,300.0,100.04,7830.6,1211.84,924.82
3096,maize,11.002,10.2461,0.149208,0.573811,0.2082,1.4926,753.0,350.0,100.04,7447.1,1059.98,926.31
3097,maize,9.8974,10.2389,-0.072838,0.516769,0.2041,1.4925,746.0,370.0,100.04,7016.5,936.51,924.11
3098,maize,9.2786,10.2464,-0.072756,0.756548,0.215,1.506,734.0,325.0,100.04,6906.1,961.13,928.8
3099,maize,10.1859,10.2603,-0.122281,1.489695,0.1863,1.4737,746.0,310.0,100.04,6669.4,909.75,928.26
3100,maize,14.6891,10.2794,0.226295,2.823997,0.2219,1.4468,736.0,275.0,100.04,8057.4,1297.74,929.23
3101,maize,11.9325,10.3066,0.119693,0.579513,0.214,1.502,751.0,330.0,100.04,7809.9,1171.88,931.71
3102,maize,11.8229,10.3219,0.040262,0.543824,0.2163,1.4741,734.0,345.0,100.04,7574.6,1108.26,934.5
3103,maize,3.7346,10.2415,-0.763189,22.405588,0.1968,1.4878,741.0,350.0,100.04,4718.1,384.94,929.3
3104,maize,11.4096,10.2223,-0.006065,0.596955,0.2239,1.4707,738.0,395.0,100.04,6961.8,902.64,929.71
3105,maize,8.8003,10.2434,-0.141199,2.204997,0.1861,1.5059,741.0,295.0,100.04,6012.0,763.41,931.24
3106,maize,13.5647,10.2678,0.012906,0.462748,0.1746,1.4385,740.0,365.0,100.04,7331.9,1023.96,933.24
3107,maize,6.3592,10.2106,-0.320872,4.925035,0.1706,1.478,736.0,290.0,100.04,6232.7,826.57,930.28
3108,maize,10.0723,10.1778,-0.133124,0.610986,0.1903,1.4929,746.0,305.0,100.04,7133.4,1030.75,929.25
3109,maize,12.219,10.1848,0.014234,0.394864,0.194,1.4731,736.0,280.0,100.04,7549.1,1165.67,930.71
3110,maize,11.9042,10.223,-0.01703,1.022522,0.1671,1.507,737.0,460.0,100.04,7098.6,872.44,931.27
3111,maize,5.5111,10.207,-0.539118,13.086797,0.1662,1.4926,732.0,210.0,100.04,5024.1,606.81,929.04
3112,maize,7.8872,10.1989,-0.295959,3.445846,0.1887,1.519,734.0,365.0,100.04,6155.1,733.36,925.99
3113,maize,11.1916,10.2366,0.016511,0.426862,0.1672,1.4737,736.0,380.0,100.04,7320.6,1008.55,928.91
3114,maize,3.4375,10.1694,-0.613278,17.099035,0.1703,1.5117,732.0,310.0,100.04,4750.9,438.52,923.41
3115,maize,3.8713,10.1434,-0.447061,10.03262,0.1431,1.5063,746.0,410.0,100.03,6169.6,684.79,922.8
3116,maize,12.4309,10.1435,0.270734,2.061301,0.1524,1.4768,732.0,290.0,100.03,7406.3,1122.38,923.67
3117,maize,5.8277,10.0718,-0.251042,3.412032,0.1676,1.5137,738.0,260.0,100.03,5590.1,694.71,920.43
3118,maize,12.7217,10.1326,0.085426,2.130997,0.1612,1.4867,732.0,340.0,100.03,7251.2,1033.61,923.96
3119,maize,5.8528,10.092,-0.25981,4.035926,0.1566,1.5252,734.0,420.0,100.03,6379.1,734.38,924.21
3120,maize,11.0537,10.1031,0.174297,1.758102,0.176,1.5159,738.0,430.0,100.03,7144.7,913.37,925.1
3121,maize,12.0791,10.1177,0.225931,2.422546,0.1822,1.5029,734.0,280.0,100.03,7575.8,1173.55,929.31
3122,maize,6.5904,10.0775,-0.149139,2.157343,0.1704,1.5221,737.0,340.0,100.03,5880.2,687.86,926.35
3123,maize,10.3222,10.0741,0.174192,2.78826,0.1721,1.5256,737.0,440.0,100.03,7111.6,895.71,925.88
3124,maize,11.6631,10.0435,0.256138,3.457454,0.1688,1.5219,740.0,275.0,100.03,7390.8,1128.7,925.58
3125,maize,10.6134,10.014,0.099557,0.601621,0.1669,1.5288,734.0,370.0,100.03,7409.7,1042.02,924.88
3126,maize,10.0997,9.9935,-0.005996,1.365712,0.1363,1.5214,734.0,480.0,100.03,7088.7,851.77,923.89
3127,maize,12.4668,10.0426,0.187145,2.997367,0.1636,1.5332,737.0,320.0,100.03,7043.3,998.62,924.8
3128,maize,10.8798,10.0896,0.186602,1.413347,0.1523,1.519,756.0,480.0,100.03,7258.2,880.94,925.43
3129,maize,10.4523,10.0591,-0.019915,0.752506,0.1442,1.4846,744.0,520.0,100.03,6835.6,742.5,921.87
3130,maize,8.3573,10.0276,-0.164827,1.618075,0.1355,1.5011,739.0,435.0,100.03,6698.1,796.13,919.41
3131,maize,8.6177,9.986,-0.164329,4.016628,0.1202,1.5176,734.0,325.0,100.03,5565.5,625.97,913.79
3132,maize,12.9473,9.9962,0.179482,0.905482,0.1327,1.506,736.0,330.0,100.03,7208.9,1030.62,913.44
3133,maize,11.4359,9.9734,-0.031948,0.320739,0.1529,1.5167,746.0,390.0,100.03,7302.7,988.09,911.93
3134,maize,11.0414,10.0126,-0.075419,0.508107,0.1386,1.4987,737.0,445.0,100.03,7147.2,899.6,913.72
3135,maize,9.438,9.9648,-0.076096,1.643088,0.114,1.479,749.0,365.0,100.03,6829.8,893.04,913.89
3136,maize,8.0793,9.9608,-0.254171,4.58584,0.1441,1.5218,734.0,320.0,100.03,6250.8,802.3,913.04
3137,maize,7.3652,9.9665,-0.293587,4.848178,0.1284,1.5164,742.0,285.0,100.03,6460.1,884.82,916.03
3138,maize,13.5329,9.9866,0.213469,2.57629,0.1183,1.4635,732.0,240.0,100.03,7604.0,1221.79,917.33
3139,maize,14.3153,10.0419,0.193333,2.526332,0.1185,1.5021,730.0,435.0,100.03,7236.1,936.01,918.67
3140,maize,13.3522,10.0362,0.317019,3.808081,0.1077,1.5062,732.0,375.0,100.03,7046.2,947.35,917.32
3141,maize,11.9546,10.0451,0.130701,1.125772,0.0867,1.4684,735.0,315.0,100.03,7485.2,1115.29,918.53
3142,maize,13.2735,10.049,0.221791,2.781786,0.1062,1.5109,734.0,295.0,100.03,7616.1,1168.62,920.79
3143,maize,9.8232,10.0074,-0.030025,1.179595,0.1015,1.4954,734.0,300.0,100.03,6959.0,999.36,919.51
3144,maize,11.4357,10.071,0.112265,0.757127,0.0962,1.5228,732.0,335.0,100.03,7190.8,1023.51,924.35
3145,maize,9.9761,10.048,-0.100233,0.793644,0.0998,1.513,730.0,390.0,100.03,6771.0,864.76,922.29
3146,maize,6.0265,9.9752,-0.339227,8.344885,0.0933,1.5238,732.0,350.0,100.03,5290.3,533.36,915.97
3147,maize,9.0667,9.9262,-0.058142,0.82709,0.0958,1.4993,732.0,340.0,100.03,6434.7,829.48,913.97
3148,maize,11.7205,9.9235,0.044599,0.473542,0.0956,1.5125,732.0,410.0,100.03,7145.2,937.09,915.28
3149,maize,12.0957,9.9313,0.121269,1.227479,0.1049,1.477,740.0,360.0,100.03,7386.4,1042.6,916.05
3150,maize,10.8675,9.9223,0.006985,0.271517,0.1181,1.5094,737.0,410.0,100.03,7420.9,1003.02,915.34
3151,maize,1.5667,9.8141,-0.468406,16.094948,0.0917,1.5142,732.0,370.0,100.03,5282.5,511.43,910.01
3152,maize,9.7462,9.7683,-0.110858,1.142804,0.1029,1.5113,732.0,310.0,100.03,6923.2,981.6,908.13
3153,maize,9.8069,9.779,-0.089944,0.69104,0.1235,1.5296,744.0,240.0,100.03,6798.9,1013.33,910.13
3154,maize,12.8579,9.7863,0.071937,1.118164,0.1011,1.4824,730.0,430.0,100.03,7472.9,1000.22,909.65
3155,maize,14.0748,9.8391,0.15448,2.745181,0.1125,1.4982,736.0,375.0,100.03,7894.4,1157.01,912.41
3156,maize,7.7597,9.8378,-0.165171,2.116627,0.1174,1.5231,745.0,315.0,100.03,6650.6,900.65,914.62
3157,maize,8.9786,9.8475,-0.093867,0.804494,0.1234,1.5255,732.0,415.0,100.03,6877.0,865.05,915.2
3158,maize,7.7444,9.7953,-0.162166,1.866075,0.1073,1.4978,737.0,490.0,100.03,6365.8,659.24,910.58
3159,maize,8.4962,9.7781,-0.139498,1.117197,0.113,1.5172,734.0,445.0,100.03,6432.1,722.61,907.67
3160,maize,12.0857,9.7763,0.201481,4.254209,0.1096,1.5244,732.0,370.0,100.03,7197.4,990.15,907.83
3161,maize,10.1566,9.7589,0.173903,1.15644,0.1083,1.4994,739.0,325.0,100.03,6726.5,913.22,905.14
3162,maize,12.0039,9.8079,0.174618,2.729038,0.1076,1.5041,740.0,385.0,100.03,7148.6,958.15,907.09
3163,maize,13.3203,9.8733,0.209403,3.263726,0.1281,1.5242,738.0,370.0,100.03,7587.7,1084.11,912.61
3164,maize,8.9148,9.885,-0.004668,0.548476,0.1124,1.533,740.0,445.0,100.03,7077.3,880.32,914.41
3165,maize,9.6957,9.8999,0.013455,1.088319,0.1114,1.5131,730.0,275.0,100.03,6094.2,810.55,915.47
3166,maize,9.3868,9.9109,-0.020335,0.388261,0.0968,1.5089,736.0,550.0,100.03,6849.6,720.79,914.7
3167,maize,14.6081,9.9393,0.354461,6.525956,0.1017,1.461,736.0,240.0,100.03,8162.4,1359.0,918.12
3168,maize,6.4967,9.8506,-0.125859,2.380512,0.0943,1.5176,730.0,520.0,100.03,5900.6,517.15,911.5
3169,maize,10.4161,9.8485,0.10968,0.995929,0.0988,1.486,739.0,410.0,100.03,7676.0,1065.61,912.71
3170,maize,9.223,9.8544,-0.031983,0.40415,0.0941,1.5279,732.0,285.0,100.03,6885.8,997.25,912.49
3171,maize,4.3497,9.8108,-0.466063,15.818789,0.0836,1.5314,734.0,405.0,100.03,4820.7,359.78,907.97
3172,maize,13.0515,9.8388,0.238846,2.923366,0.0978,1.4809,732.0,255.0,100.03,7502.5,1181.43,909.39
3173,maize,12.8178,9.8613,0.186596,1.789332,0.084,1.5195,734.0,335.0,100.03,7367.4,1066.44,910.41
3174,maize,10.8581,9.8899,0.003711,0.9128,0.0904,1.5176,730.0,185.0,100.03,7874.6,1345.66,913.41
3175,maize,8.6422,9.8704,-0.126279,3.470233,0.0982,1.5248,730.0,435.0,100.03,6149.1,664.27,909.97
3176,maize,11.25,9.9469,-0.011872,0.694808,0.0908,1.5306,734.0,300.0,100.03,7249.8,1072.04,915.61
3177,maize,11.5937,10.0008,0.070607,0.940405,0.1022,1.5283,732.0,465.0,100.03,7140.8,881.0,915.0
3178,maize,3.565,9.9231,-0.35075,12.48547,0.095,1.53,732.0,315.0,100.03,5413.3,599.12,910.87
3179,maize,6.4941,9.8841,-0.24321,3.773746,0.0914,1.5285,734.0,415.0,100.03,6716.0,823.6,909.7
3180,maize,11.143,9.9055,0.100296,0.934056,0.0924,1.5346,730.0,495.0,100.03,7050.0,829.49,909.23
3181,maize,9.5454,9.9089,-0.035574,0.270628,0.0922,1.5102,736.0,355.0,100.03,6796.2,902.46,908.42
3182,maize,8.6219,9.9269,-0.236088,2.699687,0.0936,1.542,734.0,420.0,100.03,6406.6,741.26,908.89
3183,maize,11.7051,9.9891,0.183434,1.776735,0.0973,1.5182,732.0,345.0,100.03,7574.8,1109.49,912.72
3184,maize,10.8949,10.0429,0.049034,1.348459,0.0933,1.535,732.0,360.0,100.03,7209.8,1003.25,917.87
3185,maize,9.7727,10.0416,-0.038245,0.792025,0.0915,1.5381,732.0,340.0,100.03,6819.5,925.66,915.73
3186,maize,12.319,10.0613,0.066295,1.949078,0.0936,1.5452,732.0,600.0,100.03,7322.0,791.3,913.79
3187,maize,13.3282,10.1122,0.151329,3.106076,0.0804,1.5204,730.0,435.0,100.03,7409.8,979.44,914.73
3188,maize,13.3701,10.1656,0.067993,1.712876,0.0808,1.5035,736.0,390.0,100.04,7555.8,1057.36,916.94
3189,maize,10.4847,10.1575,0.039782,0.469408,0.0799,1.5311,730.0,300.0,100.04,7094.8,1035.71,917.25
3190,maize,12.4053,10.1363,0.030243,0.377507,0.0858,1.528,730.0,385.0,100.03,7568.3,1069.09,915.37
3191,maize,6.4854,10.0838,-0.253256,5.69361,0.0613,1.5158,734.0,425.0,100.03,5858.1,599.14,912.35
3192,maize,7.6938,10.0448,-0.197532,3.286261,0.076,1.5299,732.0,360.0,100.03,6637.0,860.04,912.23
3193,maize,13.5857,10.1185,0.042731,0.370588,0.0679,1.5299,740.0,380.0,100.03,7249.4,988.36,915.05
3194,maize,10.0373,10.1158,-0.138618,2.844531,0.0674,1.5006,734.0,430.0,100.03,6534.8,763.3,912.99
3195,maize,10.3549,10.0826,-0.176223,2.26899,0.0566,1.5274,730.0,360.0,100.03,6970.7,944.67,910.31
3196,maize,12.365,10.0962,0.031495,0.792181,0.0655,1.5021,730.0,380.0,100.03,7742.3,1117.58,910.89
3197,maize,11.7832,10.115,0.025372,0.905144,0.063,1.4955,730.0,360.0,100.03,7055.2,965.79,911.18
3198,maize,8.5853,10.1081,-0.128647,1.529356,0.0719,1.5275,730.0,310.0,100.03,7112.5,1030.12,911.87
3199,maize,9.4547,10.1008,-0.138216,2.147778,0.0705,1.528,730.0,395.0,100.03,6522.2,797.55,910.75
3200,maize,12.3467,10.0774,0.132779,0.972011,0.0796,1.5354,736.0,365.0,100.03,7732.8,1126.61,909.04
3201,maize,6.3477,10.0215,-0.246904,4.810677,0.0661,1.5239,730.0,510.0,100.03,6885.0,773.26,905.05
3202,maize,12.8539,10.0318,0.118812,0.823975,0.0825,1.506,732.0,280.0,100.03,7563.4,1171.65,905.69
3203,maize,11.8257,10.1127,0.046617,0.618967,0.0837,1.5509,732.0,425.0,100.03,7328.7,967.98,911.52
3204,maize,8.4982,10.0836,-0.228565,1.949024,0.0778,1.544,740.0,275.0,100.03,6674.9,949.73,911.99
3205,maize,6.7457,10.0631,-0.172706,4.236441,0.0847,1.5397,734.0,380.0,100.03,5539.7,564.53,910.0
3206,maize,4.982,9.9773,-0.381518,7.977269,0.0794,1.5313,732.0,350.0,100.03,5843.1,671.59,906.48
3207,maize,12.8079,10.0417,0.108266,2.05102,0.0806,1.5251,734.0,465.0,100.03,7426.1,951.12,907.72
3208,maize,7.057,10.0116,-0.136933,1.836723,0.081,1.5466,730.0,325.0,100.03,6774.4,930.59,906.72
3209,maize,8.6329,9.9757,-0.062189,0.744566,0.0844,1.5523,738.0,260.0,100.03,6190.1,844.72,903.51
3210,maize,12.7038,9.9837,0.136747,3.43212,0.0773,1.517,735.0,410.0,100.03,7457.6,1013.39,904.92
3211,maize,13.8551,10.0672,0.328372,5.671245,0.0919,1.5251,734.0,395.0,100.03,7449.0,1026.86,909.12
3212,maize,6.9183,10.0575,-0.130796,1.852113,0.0812,1.5458,730.0,445.0,100.03,6097.6,641.41,908.2
3213,maize,12.2525,10.0681,0.267983,4.044942,0.0794,1.4656,730.0,335.0,100.03,7031.9,984.97,907.97
3214,maize,8.9844,10.1236,-0.03358,0.61948,0.0869,1.5441,732.0,315.0,100.03,5763.2,686.6,910.45
3215,maize,14.1702,10.2265,0.385981,7.68884,0.0846,1.5083,730.0,205.0,100.04,7951.8,1344.96,917.05
3216,maize,11.9683,10.2219,0.262694,3.263916,0.0812,1.5407,734.0,320.0,100.04,6556.1,878.63,914.61
3217,maize,12.946,10.2931,0.157614,3.925218,0.0876,1.5153,732.0,390.0,100.04,7571.1,1063.59,918.3
3218,maize,11.6553,10.2824,0.18208,2.079573,0.0786,1.4997,737.0,390.0,100.04,6938.1,902.32,916.99
3219,maize,10.9546,10.3335,0.056809,0.533758,0.0841,1.5221,737.0,290.0,100.04,7114.8,1046.51,920.11
3220,maize,9.629,10.3192,-0.019549,0.32299,0.0849,1.5407,732.0,365.0,100.04,6865.0,912.06,920.09
3221,maize,12.8402,10.3268,0.13756,1.380098,0.0815,1.4701,730.0,510.0,100.04,7601.3,952.32,917.88
3222,maize,13.2489,10.3934,0.14715,2.025577,0.0726,1.4492,730.0,260.0,100.04,7469.7,1169.42,922.7
3223,maize,9.5598,10.3858,-0.063951,1.814315,0.0701,1.516,730.0,400.0,100.04,6539.9,796.98,921.71
3224,maize,11.1354,10.3805,-0.182492,1.66795,0.0796,1.5381,732.0,480.0,100.04,6877.1,800.07,918.42
3225,maize,10.2052,10.3764,-0.09462,1.27142,0.0639,1.5052,732.0,510.0,100.04,7342.3,886.37,916.87
3226,maize,7.18,10.3472,-0.297845,4.753685,0.0677,1.5266,732.0,390.0,100.04,6778.2,865.35,917.0
3227,maize,9.6629,10.3192,-0.036938,3.136228,0.0755,1.5328,730.0,355.0,100.04,6389.6,804.41,915.06
3228,maize,11.5519,10.3259,0.049592,0.644507,0.0683,1.5331,732.0,390.0,100.04,6926.2,902.34,915.27
3229,maize,13.854,10.3599,0.185217,3.264611,0.059,1.3392,730.0,270.0,100.04,7272.8,1110.2,918.95
3230,maize,9.8073,10.3744,-0.006423,2.464075,0.0589,1.4999,730.0,370.0,100.04,6069.9,709.47,918.09
3231,maize,8.9939,10.3782,-0.157414,2.142765,0.0624,1.5156,734.0,355.0,100.04,6632.6,862.74,920.45
3232,maize,11.7151,10.3659,0.069476,0.976697,0.053,1.4925,730.0,410.0,100.04,8041.0,1162.24,921.77
3233,maize,12.4882,10.3764,0.154763,2.048421,0.0535,1.5121,730.0,415.0,100.04,7514.7,1025.67,922.15
3234,maize,10.0723,10.3667,-0.064002,0.340965,0.0538,1.472,742.0,330.0,100.04,7026.6,981.45,922.96
3235,maize,13.1477,10.4038,0.076441,1.192151,0.0543,1.4304,730.0,360.0,100.04,7305.7,1028.41,924.32
3236,maize,13.4657,10.4577,0.052667,1.554684,0.0562,1.4875,730.0,255.0,100.04,7401.2,1157.3,927.87
3237,maize,17.0558,10.5546,0.309336,9.433109,0.0481,1.4631,730.0,330.0,100.04,8056.3,1246.07,931.48
3238,maize,9.253,10.5118,-0.097522,0.836793,0.0486,1.515,730.0,215.0,100.04,6626.9,1003.72,929.3
3239,maize,6.0445,10.4291,-0.402366,9.441517,0.0507,1.5173,732.0,430.0,100.04,5621.4,536.15,925.3
3240,maize,12.5782,10.4213,-0.000569,1.277611,0.0511,1.4905,735.0,405.0,100.04,7308.5,981.13,925.64
3241,maize,11.4206,10.416,-0.034079,0.255133,0.0429,1.5055,730.0,375.0,100.04,7167.8,978.94,924.27
3242,maize,8.1824,10.3651,-0.147762,1.833094,0.0437,1.5018,730.0,315.0,100.04,6489.2,869.3,921.28
3243,maize,6.4686,10.3315,-0.268636,5.218454,0.0354,1.4963,732.0,355.0,100.04,6639.3,865.63,919.94
3244,maize,9.2169,10.3093,-0.10393,0.897381,0.04,1.4818,732.0,410.0,100.04,6811.2,853.61,918.25
3245,maize,12.3939,10.3335,0.074144,0.638237,0.0412,1.4657,732.0,360.0,100.04,7505.1,1077.08,920.37
3246,maize,-2.3017,10.2502,-0.672957,50.734344,0.0396,1.4585,732.0,320.0,100.04,2821.1,-53.94,914.5
3247,maize,11.7637,10.2772,0.029009,0.604903,0.0399,1.4339,730.0,450.0,100.04,7010.6,864.64,914.85
3248,maize,8.7724,10.2477,-0.015026,0.21018,0.0317,1.4836,730.0,330.0,100.04,6847.0,943.75,914.91
3249,maize,11.4863,10.2416,0.119215,1.065414,0.0331,1.3367,730.0,245.0,100.04,7261.9,1132.47,915.81
3250,maize,12.0295,10.2532,0.170465,2.044243,0.0263,1.3183,732.0,285.0,100.04,7281.1,1096.07,916.74
3251,maize,4.8145,10.2857,-0.233726,5.890182,0.0273,1.4207,730.0,495.0,100.04,5451.8,429.96,915.93
3252,maize,8.8242,10.2765,-0.013873,0.234394,0.0308,1.3947,730.0,360.0,100.04,6860.0,917.0,915.28
3253,maize,9.4169,10.2726,-0.004019,0.420006,0.032,1.4739,730.0,365.0,100.04,6896.4,921.1,914.36
3254,maize,10.5264,10.2493,0.110817,1.035635,0.0244,1.2818,730.0,255.0,100.04,6812.8,1010.2,914.46
3255,maize,12.496,10.2335,0.169845,2.859068,0.029,1.4353,732.0,370.0,100.04,7314.3,1019.38,913.08
3256,maize,9.7529,10.2534,0.047873,0.347622,0.0297,1.421,730.0,345.0,100.04,6525.4,848.35,912.56
3257,maize,10.8854,10.2725,0.058503,1.421745,0.0268,1.4531,730.0,300.0,100.04,7179.5,1056.87,914.48
3258,maize,4.877,10.2438,-0.175971,4.138022,0.0275,1.4621,730.0,310.0,100.04,5879.6,721.9,915.11
3259,maize,11.6185,10.275,0.117637,0.827923,0.03,1.3384,730.0,410.0,100.04,7333.2,985.3,917.73
3260,maize,10.9709,10.2639,0.06622,0.546685,0.0275,1.4209,730.0,265.0,100.04,6885.6,1018.39,918.01
3261,maize,9.6592,10.2589,0.027338,0.725914,0.0239,1.2799,730.0,255.0,100.04,6698.7,981.68,918.7
3262,maize,9.7749,10.2366,-0.038834,1.670259,0.0275,1.4499,730.0,345.0,100.04,6762.5,907.63,918.19
3263,maize,11.8614,10.222,-0.022655,0.199257,0.0279,1.4082,732.0,215.0,100.04,6709.0,1023.05,917.58
3264,maize,7.9411,10.2123,-0.147057,1.475085,0.0291,1.4611,730.0,305.0,100.04,6890.3,979.58,918.58
3265,maize,15.0297,10.2657,0.212771,3.161781,0.0239,1.2055,730.0,295.0,100.04,7663.9,1182.97,922.3
3266,maize,11.2713,10.2845,0.073508,0.918197,0.0274,1.3964,730.0,335.0,100.04,7127.3,1008.84,925.18
3267,maize,12.1911,10.2603,0.024445,0.360105,0.0217,1.2282,730.0,270.0,100.04,6929.0,1024.24,921.83
3268,maize,9.8869,10.2942,-0.058426,0.731085,0.0245,1.3919,730.0,250.0,100.04,7074.6,1080.65,927.47
3269,maize,2.5169,10.2152,-0.284621,19.284029,0.0255,1.3977,730.0,400.0,100.04,4859.8,376.95,920.58
3270,maize,11.9753,10.2428,0.007279,0.353225,0.0262,1.2458,732.0,255.0,100.04,7473.4,1174.14,922.35
3271,maize,10.2396,10.3017,-0.053569,0.648651,0.0292,1.4288,730.0,210.0,100.04,6799.1,1051.78,929.27
3272,maize,5.606,10.2272,-0.251306,8.770806,0.0255,1.3227,730.0,400.0,100.04,6107.1,688.77,924.34
3273,maize,8.3641,10.1827,-0.155249,1.604729,0.027,1.4206,736.0,320.0,100.04,6708.1,915.42,922.83
3274,maize,-4.0152,10.0339,-0.651968,40.8671,0.0228,1.3517,732.0,410.0,100.03,4128.0,182.79,911.2
3275,maize,10.4725,10.0522,0.006019,0.209084,0.0271,1.2167,730.0,250.0,100.03,7397.0,1161.26,916.17
3276,maize,11.7509,10.0572,0.135435,1.50018,0.0237,1.3442,732.0,355.0,100.03,8145.1,1242.07,917.87
3277,maize,9.8701,10.04,0.018772,0.548949,0.023,1.158,730.0,155.0,100.03,6790.4,1104.61,920.11
3278,maize,6.9313,10.0737,-0.070412,1.221944,0.0213,1.4084,730.0,360.0,100.03,6117.8,731.46,921.43
3279,maize,12.2622,10.1314,0.122628,2.995237,0.0238,1.2311,732.0,225.0,100.03,7461.1,1201.07,925.21
3280,maize,13.8393,10.1583,0.303267,10.706694,0.0269,1.3391,732.0,205.0,100.04,7725.6,1287.19,929.79
3281,maize,10.9259,10.1721,0.024,2.101808,0.0283,1.3053,730.0,220.0,100.04,6888.4,1064.09,931.4
3282,maize,6.9963,10.1559,-0.075912,3.534959,0.0254,1.4423,730.0,375.0,100.04,6674.8,855.71,932.55
3283,maize,15.3825,10.1926,0.225866,8.613453,0.0201,1.0253,730.0,240.0,100.04,7921.1,1302.27,934.47
3284,maize,12.8861,10.2126,0.108444,3.814864,0.026,1.2452,730.0,260.0,100.04,7296.7,1126.17,935.7
3285,maize,10.4158,10.219,0.076778,4.518983,0.0256,1.4099,730.0,250.0,100.04,7092.8,1085.19,937.3
3286,maize,10.4614,10.2004,0.032214,0.728561,0.0227,1.1076,730.0,205.0,100.04,7491.6,1229.91,941.69
3287,maize,12.2678,10.1898,0.174727,2.54995,0.0235,1.2198,732.0,205.0,100.04,7569.9,1248.26,944.37
3288,maize,12.5039,10.1811,0.050335,1.918835,0.0259,1.2617,730.0,300.0,100.04,7395.6,1110.9,944.91
3289,maize,14.1068,10.2174,0.124893,2.303785,0.021,1.0923,730.0,140.0,100.04,7481.8,1292.44,947.48
3290,maize,4.7468,10.1408,-0.315887,12.367835,0.03,1.3589,732.0,165.0,100.03,5365.6,737.19,944.16
3291,maize,15.0066,10.226,0.039617,1.042109,0.0252,1.1087,730.0,270.0,100.04,7869.4,1259.35,950.76
3292,maize,14.4761,10.2938,0.086743,1.089275,0.0213,1.0427,730.0,200.0,100.04,8201.8,1412.44,956.28
3293,maize,13.6598,10.2946,0.006755,0.73595,0.0223,1.2088,734.0,155.0,100.04,7917.9,1384.08,960.24
3294,maize,12.4311,10.3185,-0.01413,1.449243,0.0246,1.1967,730.0,260.0,100.04,7339.0,1136.74,963.98
3295,maize,11.9408,10.3343,-0.132104,2.866809,0.0223,1.3662,732.0,380.0,100.04,7212.8,983.99,964.37
3296,maize,12.2383,10.3331,-0.119117,3.076199,0.0239,1.2681,730.0,310.0,100.04,7151.6,1039.91,963.59
3297,maize,6.3397,10.2786,-0.285525,10.40291,0.026,1.4401,730.0,365.0,100.04,6049.5,709.38,961.03
3298,maize,12.3334,10.3161,-0.083349,2.539191,0.0231,1.1054,730.0,230.0,100.04,6892.5,1055.12,961.28
3299,maize,12.9459,10.351,-0.090893,1.52159,0.021,1.09,730.0,185.0,100.04,7312.8,1205.19,965.35
3300,maize,8.9297,10.3169,-0.186306,4.588004,0.0209,1.3751,730.0,230.0,100.04,6950.4,1069.6,964.78
3301,maize,11.8404,10.3718,-0.059681,2.046427,0.0242,1.0646,730.0,260.0,100.04,7328.3,1134.08,968.39
3302,maize,11.6343,10.3596,-0.056393,0.543662,0.0225,1.2482,732.0,125.0,100.04,7242.4,1246.39,969.14
3303,maize,8.8237,10.3296,-0.083015,1.462422,0.0192,1.3544,730.0,170.0,100.04,6704.0,1068.01,970.14
3304,maize,9.8585,10.3432,-0.09983,1.252711,0.0249,1.299,730.0,210.0,100.04,6850.2,1064.55,971.29
3305,maize,5.2508,10.3282,-0.115454,9.338937,0.0216,1.1504,730.0,85.0,100.04,5081.9,747.47,973.12
3306,maize,7.9764,10.3582,0.010931,0.641861,0.0243,1.1475,730.0,200.0,100.04,6253.3,925.34,975.66
3307,maize,11.4626,10.3447,0.059828,2.31072,0.0306,1.1856,730.0,210.0,100.04,6637.6,1011.41,976.26
3308,maize,9.5541,10.3697,-0.012231,0.709291,0.0298,1.2238,730.0,195.0,100.04,6625.1,1023.27,977.18
3309,maize,11.0069,10.3934,0.1515,5.166468,0.0339,1.3106,732.0,200.0,100.04,7218.9,1165.52,980.39
3310,maize,13.2204,10.3986,0.233649,8.110463,0.0327,1.1219,732.0,310.0,100.04,7833.2,1209.1,982.35
3311,maize,10.7705,10.3678,0.202231,3.355629,0.0367,1.2151,732.0,310.0,100.04,7033.2,1009.1,982.17
3312,maize,12.148,10.4201,0.160153,4.758829,0.0301,1.2245,730.0,185.0,100.04,6794.6,1075.64,986.51
3313,maize,12.799,10.4255,0.176638,4.97538,0.034,1.3567,732.0,245.0,100.04,7730.3,1248.37,989.15
3314,maize,11.6356,10.452,0.13694,2.443361,0.0381,1.1124,730.0,225.0,100.04,6826.9,1043.73,992.72
3315,maize,13.0748,10.4411,0.209352,5.655367,0.0433,1.1145,732.0,240.0,100.04,7552.4,1208.89,991.36
3316,maize,8.8631,10.41,-0.010705,0.411182,0.0499,1.311,737.0,310.0,100.04,6724.6,928.96,991.86
3317,maize,11.6374,10.3969,0.108731,1.441107,0.0465,1.0204,730.0,230.0,100.04,6711.0,1009.74,991.32
3318,maize,14.1312,10.4217,0.257394,5.394399,0.0486,1.1479,732.0,150.0,100.04,7616.9,1315.03,995.45
3319,maize,9.1635,10.4038,-0.004215,0.330356,0.0447,1.3662,732.0,310.0,100.04,7189.6,1048.2,995.47
3320,maize,11.8822,10.4263,0.071435,0.604104,0.0455,1.3528,730.0,310.0,100.04,7554.5,1140.62,997.75
3321,maize,3.4741,10.3327,-0.445963,17.736034,0.0515,1.4343,732.0,155.0,100.04,5361.4,746.14,995.69
3322,maize,10.0119,10.3003,-0.062901,0.486895,0.0608,1.3832,730.0,340.0,100.04,7559.8,1111.94,995.12
3323,maize,10.0506,10.3052,-0.088686,1.01227,0.065,1.3522,730.0,175.0,100.04,6816.3,1091.06,998.06
3324,maize,10.3361,10.2972,-0.133843,1.36223,0.0629,1.3221,732.0,220.0,100.04,6869.2,1058.11,1000.64
3325,maize,14.6029,10.3412,0.121359,2.548385,0.0617,1.1186,732.0,210.0,100.04,7780.3,1295.87,1004.73
3326,maize,11.5116,10.3845,-0.061713,0.340985,0.0524,1.4381,730.0,340.0,100.04,7234.4,1030.61,1006.39
3327,maize,9.9719,10.3876,-0.065408,1.391223,0.0583,1.2989,730.0,225.0,100.04,7173.4,1130.36,1009.65
3328,maize,6.4399,10.3365,-0.239532,7.984705,0.0629,1.4436,730.0,360.0,100.04,5511.7,579.94,1006.42
3329,maize,14.5059,10.343,0.116826,1.357839,0.0681,1.2146,734.0,250.0,100.04,7727.7,1241.53,1007.73
3330,maize,15.7126,10.402,0.177289,3.775991,0.0614,1.1523,732.0,155.0,100.04,7812.8,1358.99,1014.23
3331,maize,5.6031,10.3681,-0.260769,11.198314,0.068,1.1918,730.0,200.0,100.04,5733.6,795.39,1013.56
3332,maize,9.22,10.3432,-0.022021,0.919533,0.0617,1.3746,730.0,220.0,100.04,6905.1,1068.27,1012.62
3333,maize,8.596,10.3043,-0.107641,1.872438,0.0649,1.4852,732.0,300.0,100.04,6899.6,985.69,1012.22
3334,maize,11.3602,10.3171,0.042585,0.383254,0.0695,1.1395,730.0,255.0,100.04,7268.2,1124.05,1013.64
3335,maize,12.3503,10.3092,0.087026,1.243824,0.0752,1.2441,730.0,300.0,100.04,7230.4,1069.59,1014.05
3336,maize,9.9635,10.2741,0.000966,1.504983,0.0812,1.4011,736.0,240.0,100.04,6441.8,928.85,1011.77
3337,maize,11.0196,10.2138,-0.031177,0.468595,0.0824,1.4506,730.0,340.0,100.04,7006.3,973.58,1009.05
3338,maize,12.3513,10.2448,0.103039,1.42369,0.0686,1.2973,730.0,200.0,100.04,7416.4,1216.1,1011.17
3339,maize,9.8044,10.2824,-0.095417,1.114832,0.0851,1.3911,730.0,270.0,100.04,6357.6,881.4,1014.62
3340,maize,8.1229,10.2378,-0.154287,1.940568,0.0813,1.4574,730.0,150.0,100.04,6191.6,959.89,1014.41
3341,maize,7.9919,10.2035,-0.081028,1.405769,0.0794,1.37,730.0,220.0,100.04,6228.3,899.07,1013.61
3342,maize,8.1092,10.2028,-0.135776,1.319975,0.0803,1.2908,732.0,310.0,100.04,6424.8,856.99,1013.49
3343,maize,9.9321,10.2374,0.005083,1.360711,0.0811,1.525,734.0,345.0,100.04,7063.4,980.44,1014.64
3344,maize,10.6066,10.2513,0.086865,0.974821,0.0748,1.4503,734.0,225.0,100.04,7205.4,1135.96,1017.46
3345,maize,13.1007,10.2584,0.209055,2.890065,0.0879,1.176,732.0,165.0,100.04,7081.4,1166.15,1018.35
3346,maize,11.7758,10.3992,0.10449,2.59585,0.0883,1.5234,732.0,220.0,100.04,7315.0,1169.55,1030.58
3347,maize,4.5104,10.3266,-0.1965,5.337067,0.0909,1.4513,730.0,360.0,100.04,5416.8,556.2,1027.5
3348,maize,11.1651,10.3506,0.001114,0.827591,0.0813,1.2737,730.0,270.0,100.04,7609.3,1194.32,1030.01
3349,maize,9.873,10.3344,0.034226,1.322323,0.0854,1.5111,730.0,280.0,100.04,5791.5,729.88,1025.98
3350,maize,12.7127,10.3413,0.161786,1.998252,0.0846,1.3621,730.0,295.0,100.04,7268.0,1084.0,1025.86
3351,maize,10.882,10.4019,0.008353,0.63495,0.0877,1.3533,740.0,320.0,100.04,7281.4,1056.35,1032.12
3352,maize,9.0651,10.4043,0.00638,0.959072,0.0922,1.3105,732.0,220.0,100.04,6396.5,939.91,1032.35
3353,maize,12.9366,10.4395,0.210149,3.539104,0.0978,1.0938,732.0,265.0,100.04,6646.5,957.43,1032.72
3354,maize,10.735,10.4416,0.084857,0.819189,0.112,1.4184,734.0,220.0,100.04,6840.5,1049.72,1033.11
3355,maize,8.2733,10.3994,-0.084736,0.936971,0.1144,1.4787,737.0,260.0,100.04,6617.9,952.28,1032.44
3356,maize,10.4992,10.4069,0.09996,4.68399,0.0922,1.1714,730.0,190.0,100.04,5431.7,729.93,1031.26
3357,maize,12.019,10.4182,0.127128,1.417083,0.101,1.4361,730.0,380.0,100.04,7017.5,936.37,1030.05
3358,maize,11.3452,10.4829,0.043743,0.241394,0.1004,1.4017,738.0,170.0,100.04,7256.0,1201.2,1034.84
3359,maize,10.2513,10.4692,0.003992,0.633799,0.1199,1.3373,738.0,295.0,100.04,7944.5,1248.32,1037.47
3360,maize,10.7139,10.4666,0.065667,0.495866,0.1217,1.301,735.0,160.0,100.04,7213.2,1202.29,1039.31
3361,maize,12.8336,10.4984,0.002936,1.028279,0.0998,1.5107,734.0,290.0,100.04,7519.5,1149.49,1040.99
3362,maize,8.9103,10.4897,-0.147696,1.210006,0.104,1.5302,732.0,355.0,100.04,6444.6,816.96,1040.08
3363,maize,15.7384,10.5285,0.247367,4.849304,0.0951,1.1502,730.0,285.0,100.04,7848.6,1239.15,1042.25
3364,maize,13.5784,10.5849,0.121448,1.064041,0.1073,1.183,734.0,165.0,100.04,7397.7,1244.04,1044.89
3365,maize,11.8169,10.5528,-0.045457,0.424287,0.1245,1.2855,730.0,130.0,100.04,7244.9,1243.23,1045.49
3366,maize,13.1537,10.5716,0.022406,0.433884,0.1136,1.2445,730.0,235.0,100.04,7436.4,1186.09,1047.26
3367,maize,9.9484,10.5491,-0.343836,3.492108,0.123,1.3992,738.0,325.0,100.04,7037.6,991.59,1046.94
3368,maize,13.7334,10.5876,-0.027849,0.205247,0.113,1.2122,737.0,135.0,100.04,7797.7,1372.22,1049.85
3369,maize,11.4769,10.6772,-0.138096,2.153317,0.108,1.4271,730.0,370.0,100.04,7302.0,1017.5,1056.26
3370,maize,9.7002,10.6545,-0.189449,2.326931,0.0828,1.3288,734.0,300.0,100.04,7049.5,1021.96,1054.74
3371,maize,13.1293,10.6834,-0.004174,0.236575,0.1053,1.2324,732.0,240.0,100.04,7794.6,1269.45,1056.91
3372,maize,11.5809,10.7431,-0.09432,0.577208,0.0933,1.3033,734.0,325.0,100.04,7434.5,1093.24,1060.96
3373,maize,10.2201,10.7617,-0.187086,3.03239,0.1026,1.3299,742.0,215.0,100.04,6926.2,1071.36,1062.52
3374,maize,12.443,10.9262,-0.029912,0.362179,0.1051,1.2379,732.0,95.0,100.04,7433.0,1324.06,1073.93
3375,maize,7.3366,10.8949,-0.199523,7.719664,0.1124,1.1577,730.0,215.0,100.04,6287.1,918.77,1071.51
3376,maize,10.6929,10.8843,0.030343,0.80455,0.1183,1.4064,734.0,320.0,100.04,7506.5,1116.22,1070.25
3377,maize,11.2183,10.8978,0.014958,0.848494,0.109,1.38,730.0,155.0,100.04,7423.6,1262.89,1071.83
3378,maize,12.8712,10.9572,0.147726,1.452463,0.1305,1.1954,736.0,155.0,100.04,8156.8,1442.59,1078.94
3379,maize,7.3651,10.9082,-0.195622,2.436038,0.109,1.5329,734.0,190.0,100.04,6529.2,1001.9,1076.95
3380,maize,7.6319,10.8461,-0.074182,6.033162,0.1424,1.1373,732.0,260.0,100.04,6016.0,804.79,1072.13
3381,maize,10.8763,10.8456,0.093884,0.416506,0.1521,1.4187,736.0,245.0,100.04,7103.9,1089.38,1072.38
3382,maize,12.8013,10.9037,0.232364,2.399454,0.16,1.3486,737.0,210.0,100.04,7735.8,1281.75,1076.64
3383,maize,8.0456,10.8303,-0.086177,1.470336,0.1419,1.4217,742.0,245.0,100.04,6523.1,940.57,1073.02
3384,maize,10.8654,10.8101,0.048945,1.162962,0.1492,1.4416,746.0,230.0,100.04,7419.9,1177.37,1073.53
3385,maize,10.961,10.8156,0.05677,0.67729,0.1531,1.3921,744.0,190.0,100.04,6972.5,1106.71,1073.75
3386,maize,7.98,10.7908,-0.157753,1.470783,0.1607,1.4364,745.0,295.0,100.04,6475.6,876.91,1070.22
3387,maize,6.1088,10.7292,-0.248148,3.946555,0.1435,1.4841,743.0,290.0,100.04,5965.1,755.47,1065.29
3388,maize,11.101,10.7151,0.092446,0.354084,0.1674,1.2457,736.0,205.0,100.04,7474.0,1221.89,1066.4
3389,maize,12.359,10.6977,0.16103,1.248043,0.1518,1.3227,734.0,205.0,100.04,7429.2,1211.9,1065.6
3390,maize,10.3144,10.7533,0.003728,0.613757,0.1313,1.2589,736.0,245.0,100.04,6640.9,973.63,1067.96
3391,maize,12.146,10.7247,0.09649,0.922513,0.1404,1.3162,735.0,215.0,100.04,7207.7,1145.93,1066.83
3392,maize,10.8988,10.689,0.091118,0.681577,0.1544,1.4409,742.0,290.0,100.04,7009.1,1017.08,1062.87
3393,maize,3.8228,10.5906,-0.558435,11.798133,0.1374,1.4986,745.0,315.0,100.04,5472.7,606.17,1055.09
3394,maize,11.4509,10.5808,0.17065,1.907397,0.1278,1.4671,732.0,290.0,100.04,7282.2,1091.36,1054.64
3395,maize,9.3272,10.5547,-0.109463,1.336916,0.1441,1.2903,734.0,285.0,100.04,6831.3,982.42,1054.62
3396,maize,6.4735,10.497,-0.278822,8.639675,0.1174,1.1908,739.0,325.0,100.04,6020.4,736.69,1051.59
3397,maize,10.0326,10.5339,-0.027622,0.504798,0.1517,1.2942,730.0,220.0,100.04,7609.7,1244.42,1056.94
3398,maize,9.1912,10.5025,-0.070586,0.733261,0.1352,1.4241,734.0,230.0,100.04,7104.0,1105.6,1057.45
3399,maize,12.9867,10.5029,0.221423,2.026839,0.15,1.2196,735.0,110.0,100.04,7495.5,1322.86,1058.62
3400,maize,11.3324,10.5269,0.096418,1.106974,0.1172,1.4627,732.0,215.0,100.04,7186.5,1142.43,1059.35
3401,maize,2.6527,10.4351,-0.461338,15.312943,0.1068,1.464,732.0,285.0,100.04,5648.3,687.89,1054.89
3402,maize,13.7167,10.4559,0.172013,2.598235,0.1382,1.1677,730.0,195.0,100.04,7955.7,1355.92,1055.99
3403,maize,9.8685,10.4663,0.024136,0.50454,0.1434,1.4974,738.0,235.0,100.04,7106.6,1098.84,1056.29
3404,maize,10.0336,10.4681,0.000896,0.5007,0.1277,1.347,735.0,295.0,100.04,6714.2,942.55,1055.07
3405,maize,8.5715,10.5013,-0.27634,3.746068,0.141,1.4546,743.0,185.0,100.04,6048.8,881.41,1056.41
3406,maize,9.723,10.5188,0.039957,0.449634,0.1278,1.4654,739.0,260.0,100.04,7080.1,1066.62,1057.83
3407,maize,9.5868,10.5,0.014522,0.684815,0.1259,1.4054,736.0,305.0,100.04,6669.6,920.79,1056.92
3408,maize,12.1535,10.526,0.134432,1.028837,0.1307,1.2943,736.0,265.0,100.04,6417.4,897.75,1055.66
3409,maize,7.4967,10.4909,-0.22133,2.875755,0.0932,1.5266,732.0,340.0,100.04,6661.1,886.07,1052.87
3410,maize,4.0602,10.3993,-0.432364,10.779037,0.124,1.3265,743.0,255.0,100.04,5271.6,617.09,1046.95
3411,maize,5.1274,10.3429,-0.340148,4.854629,0.1029,1.487,739.0,225.0,100.04,6667.9,998.58,1046.84
3412,maize,10.1453,10.3228,0.000204,0.234991,0.113,1.2631,730.0,200.0,100.04,7304.5,1188.14,1047.97
3413,maize,10.5413,10.3003,-0.005011,0.265359,0.0948,1.2846,739.0,115.0,100.04,7309.9,1269.07,1048.18
3414,maize,13.2698,10.3166,0.159998,3.02586,0.0981,1.164,730.0,230.0,100.04,7476.4,1201.09,1049.75
3415,maize,11.6982,10.3028,0.067724,1.172188,0.0953,1.1673,730.0,240.0,100.04,7059.1,1086.78,1048.53
3416,maize,8.8008,10.3022,-0.094402,0.641037,0.0805,1.3432,732.0,210.0,100.04,6962.0,1091.29,1050.15
3417,maize,11.365,10.2995,0.10408,0.905921,0.0867,1.2431,735.0,220.0,100.04,7414.2,1192.54,1051.98
3418,maize,11.7654,10.2758,0.169168,1.488473,0.0671,1.3385,732.0,260.0,100.04,7506.0,1177.3,1050.6
3419,maize,13.6659,10.3209,0.059549,1.039294,0.0857,1.1784,732.0,290.0,100.04,7352.1,1108.83,1051.21
3420,maize,11.1999,10.314,0.020784,0.214055,0.0659,1.3195,730.0,240.0,100.04,7274.3,1140.57,1051.21
3421,maize,9.8934,10.3782,-0.072804,0.911538,0.0718,1.2308,732.0,160.0,100.04,7314.9,1229.52,1056.04
3422,maize,5.8011,10.3361,-0.237014,10.4292,0.0717,1.3093,730.0,290.0,100.04,6226.8,828.7,1053.21
3423,maize,8.1076,10.3167,-0.153706,4.682863,0.0532,1.2904,732.0,230.0,100.04,6544.8,967.0,1051.97
3424,maize,10.432,10.3176,0.023656,1.153288,0.058,1.0734,732.0,140.0,100.04,7909.5,1398.18,1055.37
3425,maize,6.665,10.2383,-0.221786,4.701867,0.0513,1.4204,742.0,300.0,100.04,5782.8,700.49,1049.42
3426,maize,9.0367,10.2135,-0.133934,2.61251,0.0646,1.2646,730.0,190.0,100.04,6601.2,1022.31,1049.33
3427,maize,5.3683,10.1675,-0.221387,8.417812,0.0552,1.4299,732.0,265.0,100.04,4929.9,528.28,1043.31
3428,maize,12.6397,10.2295,0.155493,1.730923,0.0666,1.0997,732.0,180.0,100.04,8144.7,1416.97,1051.68
3429,maize,9.7883,10.1823,-0.038829,0.62923,0.0694,1.3453,730.0,220.0,100.04,6361.8,932.46,1048.59
3430,maize,11.3043,10.1382,0.19871,1.345615,0.0823,1.2867,734.0,345.0,100.03,7441.1,1074.89,1045.75
3431,maize,12.7044,10.2092,0.16245,2.018377,0.0784,1.053,730.0,225.0,100.04,7731.2,1269.8,1050.5
3432,maize,7.1021,10.1881,-0.089529,1.681588,0.0662,1.3879,730.0,150.0,100.04,6510.1,1039.52,1050.21
3433,maize,8.449,10.1866,0.017823,0.416183,0.0762,1.3383,730.0,285.0,100.04,6637.3,936.32,1049.71
3434,maize,10.1183,10.1742,-0.001978,0.262135,0.0871,1.2663,730.0,165.0,100.04,7067.7,1163.94,1050.11
3435,maize,5.5234,10.1059,-0.203822,4.532287,0.0619,1.4234,732.0,300.0,100.03,5900.8,736.0,1046.78
3436,maize,12.2731,10.129,0.197378,3.409487,0.079,1.0801,730.0,190.0,100.03,7652.0,1285.0,1050.34
3437,maize,8.3258,10.1021,-0.044408,0.518696,0.087,1.281,730.0,275.0,100.03,6645.3,948.33,1050.09
3438,maize,6.9634,10.0482,-0.045481,2.624391,0.0957,1.1447,730.0,185.0,100.03,5541.9,762.46,1045.55
3439,maize,6.6379,10.0165,-0.078783,6.76669,0.0865,1.0718,730.0,175.0,100.03,5122.4,667.59,1043.41
3440,maize,12.121,10.0565,0.210951,2.42764,0.1069,1.3119,734.0,300.0,100.03,7427.1,1116.38,1044.98
3441,maize,13.1675,10.1083,0.213882,4.066124,0.1096,1.447,730.0,145.0,100.03,7930.4,1399.59,1049.98
3442,maize,7.9627,10.1068,-0.114755,0.859327,0.1069,1.467,730.0,265.0,100.03,6728.5,979.13,1051.2
3443,maize,9.7803,10.1053,0.081217,0.866818,0.1107,1.2632,732.0,200.0,100.03,6927.6,1092.7,1052.33
3444,maize,10.1904,10.1011,0.124239,1.314687,0.1025,1.3436,730.0,275.0,100.03,6755.5,975.87,1050.72
3445,maize,10.1122,10.0712,0.107707,0.753814,0.1281,1.2049,732.0,190.0,100.03,6454.1,984.32,1048.91
3446,maize,12.2959,10.0764,0.132729,1.575472,0.1393,1.2136,730.0,245.0,100.03,6690.0,989.5,1047.11
3447,maize,10.8185,10.1395,0.069408,0.654535,0.118,1.3654,740.0,215.0,100.03,7900.6,1316.16,1054.71
3448,maize,14.3032,10.1709,0.263034,3.705353,0.1225,1.16,734.0,225.0,100.04,7340.0,1169.61,1054.46
3449,maize,8.6765,10.1589,-0.064621,1.293021,0.1105,1.402,732.0,330.0,100.04,6505.5,857.18,1055.73
3450,maize,12.4917,10.1567,0.079177,0.749294,0.1232,1.2766,730.0,215.0,100.04,7374.4,1190.61,1056.8
3451,maize,13.9706,10.1876,0.128478,1.037895,0.1499,1.2377,744.0,250.0,100.04,7849.9,1266.07,1058.89
3452,maize,12.8723,10.2257,0.061179,0.396685,0.1367,1.2689,730.0,185.0,100.04,7567.9,1268.98,1062.19
3453,maize,8.81,10.1844,-0.200041,3.357763,0.1187,1.4707,730.0,295.0,100.04,6575.8,910.95,1061.72
3454,maize,7.5055,10.1521,-0.292451,6.16312,0.1177,1.4499,730.0,330.0,100.04,7117.4,1011.36,1061.34
3455,maize,11.9277,10.1887,-0.021351,0.705235,0.1477,1.3433,734.0,245.0,100.04,7503.9,1190.56,1063.72
3456,maize,11.0523,10.1942,-0.129303,1.227125,0.1642,1.3173,730.0,185.0,100.04,7127.5,1158.87,1068.01
3457,maize,6.2495,10.1365,-0.458574,12.574094,0.1541,1.4212,732.0,195.0,100.03,5734.2,799.35,1066.64
3458,maize,11.2212,10.1352,-0.126371,1.614305,0.1736,1.2821,730.0,190.0,100.03,6926.2,1103.56,1065.66
3459,maize,10.3867,10.1366,-0.179311,1.84298,0.1767,1.221,730.0,345.0,100.03,7478.6,1086.65,1064.05
3460,maize,9.4695,10.1242,-0.253568,2.853789,0.1709,1.4797,734.0,355.0,100.03,6768.4,896.69,1060.99
3461,maize,4.5539,10.0414,-0.576745,10.222463,0.203,1.4838,732.0,355.0,100.03,6288.8,777.99,1057.27
3462,maize,13.5864,10.0881,0.099674,1.227422,0.2518,1.2447,754.0,200.0,100.03,8292.0,1420.61,1063.31
3463,maize,11.8735,10.0495,0.10274,0.344727,0.2539,1.3419,756.0,340.0,100.03,7870.3,1173.99,1062.66
3464,maize,15.2136,10.0658,0.333591,4.006831,0.2511,1.4496,735.0,375.0,100.03,8456.9,1298.24,1063.2
3465,maize,9.5438,10.0431,-0.097476,0.810654,0.2437,1.4551,766.0,230.0,100.03,7390.8,1158.09,1062.35
3466,maize,7.0629,9.9822,-0.191911,1.954175,0.2288,1.481,745.0,265.0,100.03,6785.7,984.43,1060.33
3467,maize,8.4818,9.9675,-0.169715,1.155715,0.2594,1.4819,746.0,365.0,100.03,7027.2,944.19,1059.86
3468,maize,9.403,9.9242,0.092386,0.835875,0.2541,1.4909,752.0,315.0,100.03,7384.6,1079.94,1056.94
3469,maize,10.0267,9.9097,0.055432,2.332058,0.2481,1.5196,730.0,315.0,100.03,6936.8,981.2,1056.57
3470,maize,12.7985,9.9407,0.278055,2.030799,0.2872,1.3764,761.0,280.0,100.03,6797.2,962.7,1055.98
3471,maize,11.3946,9.9233,0.20092,0.958889,0.2882,1.3999,738.0,290.0,100.03,7480.2,1137.26,1054.66
3472,maize,10.1706,9.9092,0.014118,0.518753,0.2911,1.453,748.0,330.0,100.03,7095.6,995.09,1053.68
3473,maize,14.8425,9.9555,0.336309,3.506969,0.2818,1.2342,736.0,210.0,100.03,7464.1,1214.42,1055.11
3474,maize,4.0121,9.8712,-0.622922,8.443521,0.2808,1.5213,784.0,345.0,100.03,6764.7,875.78,1050.63
3475,maize,10.172,9.8995,0.015617,0.374419,0.2455,1.4648,744.0,260.0,100.03,7199.0,1093.36,1052.37
3476,maize,5.0821,9.8434,-0.634145,6.60809,0.287,1.4893,808.0,290.0,100.03,7045.6,986.6,1051.08
3477,maize,5.7069,9.7883,-0.614708,6.652032,0.2855,1.5046,777.0,355.0,100.03,6426.9,785.52,1046.3
3478,maize,8.1223,9.7408,-0.38977,3.279656,0.2774,1.4559,774.0,305.0,100.03,6884.4,951.69,1041.39
3479,maize,6.707,9.7342,-0.49079,5.501517,0.2416,1.4698,816.0,390.0,100.03,7064.1,886.42,1040.24
3480,maize,10.0885,9.7588,-0.077827,0.315821,0.2624,1.3807,768.0,240.0,100.03,7346.2,1135.75,1043.55
3481,maize,9.6588,9.7466,0.024693,0.363075,0.2337,1.378,734.0,220.0,100.03,7635.7,1248.53,1045.14
3482,maize,5.474,9.6733,-0.235072,2.046511,0.2287,1.4765,766.0,345.0,100.03,6785.3,891.73,1041.24
3483,maize,13.1509,9.7244,0.265591,3.505194,0.2319,1.2949,730.0,190.0,100.03,7473.7,1240.43,1044.24
3484,maize,13.0248,9.746,0.397148,3.50793,0.2201,1.3036,739.0,280.0,100.03,8025.3,1282.92,1045.29
3485,maize,9.7309,9.7337,0.098836,0.372377,0.2394,1.4192,740.0,230.0,100.03,7225.3,1132.32,1045.55
3486,maize,10.5449,9.7593,0.267936,1.696588,0.226,1.3862,746.0,170.0,100.03,7345.6,1218.81,1048.97
3487,maize,6.0148,9.7584,-0.303767,2.869612,0.2314,1.4304,756.0,280.0,100.03,6145.4,802.76,1049.44
3488,maize,8.7223,9.7346,-0.00245,0.760764,0.1774,1.3462,768.0,215.0,100.03,6980.2,1069.26,1047.91
3489,maize,11.6447,9.7275,0.252818,2.531014,0.2195,1.1837,738.0,195.0,100.03,6310.9,939.93,1045.19
3490,maize,2.092,9.6452,-0.453289,11.316483,0.1872,1.4102,730.0,145.0,100.03,5027.1,673.78,1042.2
3491,maize,10.1261,9.625,0.169879,1.816206,0.1933,1.4388,730.0,135.0,100.03,7126.1,1208.52,1042.82
3492,maize,8.2186,9.5982,-0.033309,0.347484,0.2199,1.3566,744.0,340.0,100.03,6992.2,961.66,1042.27
3493,maize,11.1027,9.671,0.126741,0.749882,0.2197,1.2269,734.0,290.0,100.03,7059.6,1034.49,1046.55
3494,maize,8.8529,9.6451,0.061706,0.332258,0.208,1.3048,734.0,145.0,100.03,7289.5,1236.98,1048.01
3495,maize,11.7274,9.6691,0.128917,1.356337,0.2093,1.1397,730.0,190.0,100.03,7722.9,1302.73,1051.21
3496,maize,10.0462,9.7048,0.035161,0.629783,0.2364,1.2302,744.0,250.0,100.03,6977.8,1048.05,1054.32
3497,maize,10.1396,9.7059,0.04161,0.69536,0.1898,1.2263,742.0,215.0,100.03,6860.5,1054.92,1052.43
3498,maize,12.6695,9.7406,0.262996,2.051838,0.215,1.1491,734.0,200.0,100.03,7422.4,1215.19,1053.53
3499,maize,9.1665,9.7024,-0.138536,0.943724,0.2079,1.2045,746.0,180.0,100.03,7279.5,1192.28,1052.22
3500,maize,10.3837,9.693,-0.090862,1.808988,0.207,1.1988,742.0,140.0,100.03,6694.1,1088.33,1051.68
3501,maize,8.4221,9.7506,-0.171862,1.408991,0.2129,1.3276,744.0,285.0,100.03,6908.3,995.67,1054.76
3502,maize,10.5286,9.7188,-0.017975,0.229877,0.2284,1.2466,734.0,245.0,100.03,7390.0,1162.11,1052.82
3503,maize,8.9979,9.7101,-0.176508,0.88752,0.2102,1.3236,738.0,165.0,100.03,7018.4,1146.81,1053.3
3504,maize,12.7106,9.7368,0.236105,1.528175,0.2119,1.2376,742.0,325.0,100.03,7413.4,1083.16,1054.7
3505,maize,4.1879,9.693,-0.451299,8.707004,0.1665,1.3933,750.0,330.0,100.03,6428.8,827.21,1054.16
3506,maize,11.8497,9.7143,0.174392,1.195111,0.1891,1.1807,740.0,175.0,100.03,7655.9,1294.97,1056.45
3507,maize,9.5815,9.7142,0.047067,0.991746,0.1739,1.3223,730.0,280.0,100.03,7097.5,1056.38,1057.8
3508,maize,7.5273,9.6679,-0.140187,1.305224,0.1982,1.2779,744.0,190.0,100.03,6387.0,960.35,1058.43
3509,maize,10.3854,9.6968,0.048835,0.834922,0.2096,1.1882,736.0,140.0,100.03,7354.1,1256.93,1062.14
3510,maize,8.1686,9.7379,-0.061517,0.43641,0.1708,1.4031,736.0,240.0,100.03,7117.8,1097.85,1066.94
3511,maize,12.8371,9.815,0.252853,1.639314,0.2228,1.2552,744.0,260.0,100.03,7502.8,1169.31,1068.65
3512,maize,5.2653,9.7662,-0.37353,5.040587,0.1863,1.3476,740.0,275.0,100.03,6645.9,942.46,1066.19
3513,maize,12.2204,9.783,0.216687,2.255441,0.2127,1.261,732.0,195.0,100.03,7473.9,1234.26,1065.85
3514,maize,9.5288,9.7456,0.04982,0.600476,0.1939,1.34,732.0,240.0,100.03,7148.5,1107.93,1064.91
3515,maize,8.1076,9.7097,-0.239598,1.637272,0.2265,1.2693,747.0,225.0,100.03,6664.5,992.93,1063.98
3516,maize,6.7733,9.6894,-0.232646,7.235543,0.197,1.0506,736.0,220.0,100.03,5210.5,641.03,1059.47
3517,maize,6.6746,9.6425,-0.089873,0.892004,0.1781,1.3404,737.0,225.0,100.03,6853.8,1046.26,1058.01
3518,maize,11.6403,9.6413,0.22293,1.328371,0.2289,1.2064,732.0,125.0,100.03,7333.7,1269.22,1058.93
3519,maize,8.8045,9.5926,0.01268,0.240433,0.2053,1.3254,756.0,325.0,100.03,7299.2,1046.2,1058.3
3520,maize,9.242,9.5731,-0.07928,0.34027,0.2188,1.2847,759.0,215.0,100.03,6982.0,1075.11,1057.65
3521,maize,8.8279,9.5624,-0.092688,0.509609,0.2074,1.311,744.0,280.0,100.03,6825.2,979.89,1055.15
3522,maize,10.7174,9.6116,0.043192,1.507021,0.2613,1.1032,744.0,180.0,100.03,6411.7,976.52,1056.63
3523,maize,9.8127,9.6286,0.122865,1.31365,0.2168,1.3314,732.0,295.0,100.03,6695.1,939.57,1056.36
3524,maize,10.8684,9.633,0.073327,0.774353,0.2261,1.1665,730.0,190.0,100.03,7462.4,1237.61,1054.75
3525,maize,5.5409,9.6217,-0.169505,1.745131,0.1811,1.2825,732.0,210.0,100.03,6021.7,856.22,1056.31
3526,maize,11.3032,9.6444,0.2204,2.05578,0.1986,1.3241,754.0,160.0,100.03,7566.7,1279.27,1058.88
3527,maize,10.4804,9.6955,0.123942,1.237256,0.185,1.1911,752.0,225.0,100.03,7276.2,1142.85,1065.02
3528,maize,13.4273,9.7034,0.403758,4.715737,0.2309,1.0986,746.0,230.0,100.03,8044.0,1333.39,1064.19
3529,maize,10.2288,9.7078,0.088765,0.860139,0.1708,1.1778,736.0,220.0,100.03,6530.4,971.01,1064.57
3530,maize,12.0982,9.7158,0.136232,1.444872,0.2108,1.1074,750.0,180.0,100.03,7665.1,1286.27,1066.69
3531,maize,13.5118,9.7238,0.256389,3.457671,0.2323,1.0784,746.0,180.0,100.03,8148.8,1409.61,1068.09
3532,maize,10.5894,9.7587,0.067689,0.734116,0.1684,1.191,734.0,315.0,100.03,6957.6,984.01,1067.53
3533,maize,7.9552,9.7538,-0.234793,2.892873,0.1807,1.1101,732.0,200.0,100.03,6658.4,1025.39,1068.42
3534,maize,11.6789,9.7694,-0.045828,0.43769,0.2106,1.2256,749.0,205.0,100.03,7348.1,1182.63,1068.61
3535,maize,12.3126,9.8373,0.095978,0.357766,0.1981,1.1902,734.0,180.0,100.03,7381.2,1224.9,1073.5
3536,maize,8.4982,9.7995,-0.1429,1.31002,0.1691,1.2102,757.0,240.0,100.03,6967.7,1047.72,1071.12
3537,maize,10.8196,9.8244,-0.042461,0.575336,0.1891,1.0718,742.0,150.0,100.03,7688.9,1327.03,1074.91
3538,maize,9.613,9.8509,-0.272158,3.944356,0.2069,1.1198,742.0,200.0,100.03,6456.1,968.83,1076.97
3539,maize,12.4772,9.9093,-0.021006,0.296557,0.2199,1.1393,744.0,145.0,100.03,7773.5,1351.99,1083.82
3540,maize,10.8062,9.8962,-0.037754,0.334036,0.1552,1.1824,732.0,315.0,100.03,6956.9,985.04,1082.5
3541,maize,13.6715,9.9012,0.100568,0.998904,0.2198,1.0411,734.0,160.0,100.03,7894.5,1373.22,1082.24
3542,maize,9.5463,9.9171,-0.130623,1.218537,0.1768,1.2095,742.0,225.0,100.03,6890.0,1052.31,1082.97
3543,maize,6.9367,9.8886,-0.306964,2.80809,0.1943,1.2211,758.0,135.0,100.03,6879.1,1129.97,1083.35
3544,maize,8.4836,9.8716,-0.213881,1.651288,0.2042,1.25,752.0,175.0,100.03,7224.0,1179.81,1085.38
3545,maize,11.4836,9.8853,0.1471,0.728832,0.1727,1.1591,734.0,260.0,100.03,7395.3,1148.43,1087.03
3546,maize,10.7496,9.8698,-0.057945,0.395423,0.1706,1.2577,732.0,200.0,100.03,6271.1,928.58,1086.42
3547,maize,14.7022,9.9086,0.309989,4.983007,0.1948,1.0858,730.0,215.0,100.03,7176.3,1141.07,1084.67
3548,maize,9.1331,9.8569,-0.058129,0.352178,0.2047,1.2374,750.0,275.0,100.03,7190.9,1072.72,1083.7
3549,maize,9.1735,9.8619,-0.008219,0.662561,0.1696,1.1083,730.0,225.0,100.03,6708.1,1014.03,1085.27
3550,maize,7.2857,9.8099,-0.035918,0.671515,0.1434,1.1969,730.0,155.0,100.03,6758.3,1096.58,1084.33
3551,maize,8.6312,9.7565,-0.005516,0.602548,0.1671,1.2643,736.0,280.0,100.03,6856.4,992.49,1081.59
3552,maize,13.1187,9.7589,0.466209,10.332204,0.1537,1.2566,732.0,220.0,100.03,7623.3,1246.63,1081.37
3553,maize,9.2669,9.7635,0.155233,1.734988,0.1427,1.2451,730.0,265.0,100.03,6653.9,960.46,1081.86
3554,maize,9.4188,9.7826,0.180684,0.7217,0.2018,1.1434,742.0,240.0,100.03,7131.6,1097.7,1082.72
3555,maize,5.618,9.7195,-0.053211,1.669105,0.1634,1.2727,750.0,155.0,100.03,6577.1,1039.28,1081.21
3556,maize,7.8576,9.6876,-0.024769,0.590962,0.1828,1.2804,730.0,160.0,100.03,5969.8,894.46,1078.57
3557,maize,8.0432,9.7055,0.103836,2.60657,0.1185,1.2736,754.0,270.0,100.03,6874.7,996.28,1080.54
3558,maize,8.3469,9.6768,0.079563,0.594477,0.1663,1.2635,732.0,220.0,100.03,6668.5,1007.93,1079.58
3559,maize,10.2945,9.6759,0.187458,3.946049,0.1395,1.2798,730.0,200.0,100.03,6807.8,1063.94,1079.35
3560,maize,9.8997,9.6802,0.183404,0.907217,0.1973,1.2215,730.0,160.0,100.03,7389.4,1249.35,1082.88
3561,maize,11.6967,9.7516,0.237144,2.268092,0.1848,1.2981,734.0,175.0,100.03,7608.2,1286.64,1087.97
3562,maize,6.1988,9.6777,-0.344482,5.125838,0.16,1.251,732.0,190.0,100.03,6272.6,938.94,1083.15
3563,maize,8.606,9.645,-0.033429,1.018573,0.1769,1.294,752.0,230.0,100.03,6564.8,960.01,1081.01
3564,maize,3.4386,9.5273,-0.331922,11.762596,0.1017,1.2867,742.0,170.0,100.03,4525.6,516.2,1073.19
3565,maize,4.8061,9.4799,-0.203616,4.720678,0.1023,1.3046,730.0,250.0,100.03,5766.1,753.53,1069.14
3566,maize,9.9607,9.5089,0.041452,1.629361,0.1603,1.2939,734.0,270.0,100.03,7013.5,1042.97,1069.73
3567,maize,12.4102,9.5482,0.271066,3.420304,0.1227,1.3198,730.0,220.0,100.03,7479.0,1211.75,1072.41
3568,maize,12.5471,9.5796,0.234857,3.794197,0.1635,1.2125,734.0,195.0,100.03,7852.7,1327.77,1074.88
3569,maize,10.649,9.5858,0.021589,0.258065,0.1275,1.2815,742.0,290.0,100.03,7281.2,1085.11,1075.92
3570,maize,8.2733,9.5406,-0.081297,0.561319,0.1737,1.3403,732.0,315.0,100.03,6862.1,961.34,1075.91
3571,maize,9.6907,9.5235,-0.010122,1.125787,0.2024,1.2393,730.0,155.0,100.03,6676.1,1076.01,1075.3
3572,maize,8.0147,9.502,-0.204221,1.57667,0.1579,1.2911,732.0,145.0,100.03,6940.8,1151.01,1076.86
3573,maize,6.7659,9.4212,-0.221803,3.016128,0.1618,1.2817,742.0,390.0,100.03,6430.2,772.36,1072.44
3574,maize,9.4705,9.4758,0.034582,0.201516,0.1555,1.2544,752.0,180.0,100.03,7320.3,1198.88,1075.67
3575,maize,5.4593,9.4287,-0.198351,3.797698,0.1575,1.3624,730.0,210.0,100.03,5696.1,776.03,1072.49
3576,maize,5.2891,9.4307,-0.342329,4.050583,0.1795,1.3007,744.0,370.0,100.03,6217.4,737.96,1070.01
3577,maize,10.8483,9.4822,0.251203,2.20888,0.1816,1.3143,732.0,285.0,100.03,7626.8,1182.49,1073.98
3578,maize,8.8048,9.489,0.030358,0.533446,0.1714,1.2442,764.0,190.0,100.03,7668.0,1268.59,1077.15
3579,maize,11.8167,9.5401,0.273628,2.767014,0.188,1.2762,732.0,255.0,100.03,7600.9,1206.02,1080.34
3580,maize,8.0255,9.5195,-0.016748,1.209087,0.1688,1.2358,754.0,280.0,100.03,6349.5,854.98,1077.53
3581,maize,10.9517,9.5324,0.0667,0.812101,0.1531,1.3561,742.0,195.0,100.03,7139.2,1144.6,1076.49
3582,maize,11.6242,9.5939,0.201914,4.22856,0.1282,1.2977,730.0,170.0,100.03,7339.8,1226.96,1079.85
3583,maize,8.4845,9.5472,-0.078333,0.917763,0.1397,1.3579,730.0,410.0,100.03,6706.9,828.72,1075.73
3584,maize,13.7761,9.5547,0.336097,5.176853,0.1494,1.1934,732.0,180.0,100.03,7809.7,1333.22,1076.23
3585,maize,10.9175,9.5666,0.128652,1.792038,0.1415,1.2099,730.0,215.0,100.03,7581.1,1242.28,1077.33
3586,maize,9.9322,9.5605,0.037529,0.312524,0.122,1.287,732.0,250.0,100.03,7001.3,1061.13,1075.76
3587,maize,10.718,9.6075,0.075156,0.864396,0.1046,1.2088,732.0,180.0,100.03,7238.8,1190.49,1079.63
3588,maize,12.1919,9.6422,0.08549,1.367234,0.162,1.1348,734.0,150.0,100.03,6850.8,1122.3,1080.16
3589,maize,5.9313,9.5851,-0.27956,8.050916,0.0991,1.3329,730.0,280.0,100.03,6188.0,829.01,1079.05
3590,maize,10.012,9.6643,-0.070996,0.714553,0.1319,1.2238,730.0,175.0,100.03,6647.0,1048.74,1082.8
3591,maize,9.8913,9.6619,-0.08227,0.497453,0.0949,1.2686,742.0,280.0,100.03,7151.3,1062.62,1081.34
3592,maize,12.8476,9.7082,0.162691,1.250532,0.1245,1.1537,730.0,205.0,100.03,7512.5,1235.13,1084.08
3593,maize,8.2186,9.6794,-0.259972,4.343644,0.1438,1.1677,732.0,240.0,100.03,6292.0,893.8,1082.67
3594,maize,8.0033,9.6709,-0.24649,5.772686,0.1473,1.0986,740.0,180.0,100.03,6074.2,894.54,1079.25
3595,maize,12.0112,9.6737,0.021235,0.183055,0.1123,1.2499,742.0,220.0,100.03,7364.2,1175.86,1077.98
3596,maize,12.2787,9.696,0.059902,0.497095,0.1396,1.0623,730.0,160.0,100.03,7471.0,1269.75,1080.2
3597,maize,9.3021,9.6877,-0.148211,1.572446,0.1038,1.2145,732.0,200.0,100.03,6815.2,1064.61,1080.29
3598,maize,10.7168,9.6681,-4.6e-05,0.496873,0.1283,1.2335,740.0,230.0,100.03,7090.3,1098.58,1079.13
3599,maize,11.7295,9.6938,0.03601,0.196126,0.1363,1.1746,730.0,155.0,100.03,7255.4,1220.84,1079.41
3600,maize,7.3564,9.6635,-0.215381,3.3249,0.1088,1.2188,734.0,190.0,100.03,6842.6,1080.25,1079.33
3601,maize,12.5824,9.7051,0.043428,0.817481,0.112,1.0553,730.0,50.0,100.03,7190.4,1309.6,1082.47
3602,maize,11.6286,9.7161,0.002023,0.468882,0.1519,1.0961,732.0,165.0,100.03,7758.2,1335.35,1084.2
3603,maize,10.3589,9.7297,-0.035471,0.432557,0.1555,1.092,732.0,100.0,100.03,6813.4,1164.14,1084.38
3604,maize,5.4943,9.6575,-0.325791,7.678592,0.1022,1.2216,732.0,235.0,100.03,5692.0,748.79,1081.03
3605,maize,8.4948,9.7006,-0.089536,1.943011,0.1208,1.1751,742.0,110.0,100.03,6709.1,1122.07,1083.98
3606,maize,6.9723,9.6518,-0.220606,5.632432,0.1219,1.0409,730.0,185.0,100.03,5897.6,851.39,1079.55
3607,maize,13.9028,9.695,0.285207,4.045997,0.1388,0.9355,740.0,140.0,100.03,7741.4,1351.35,1082.5
3608,maize,10.5507,9.7253,0.091738,0.820623,0.1181,1.0394,732.0,120.0,100.03,7256.7,1254.98,1085.44
3609,maize,10.8965,9.7304,0.086352,0.854823,0.1245,1.0713,760.0,60.0,100.03,7102.4,1259.59,1085.47
3610,maize,9.5849,9.7446,-0.09755,0.660968,0.1157,1.1453,732.0,135.0,100.03,7143.8,1211.76,1086.61
3611,maize,8.9331,9.7055,-0.077641,0.762174,0.1654,1.0696,730.0,110.0,100.03,6208.4,1004.1,1084.96
3612,maize,10.5895,9.7588,0.018367,0.323351,0.159,0.9285,770.0,100.0,100.03,7436.4,1297.11,1088.5
3613,maize,5.263,9.6892,-0.230024,4.521731,0.0988,1.083,764.0,125.0,100.03,6466.3,1033.18,1086.49
3614,maize,5.324,9.6471,-0.089691,3.068664,0.0985,0.9584,730.0,105.0,100.03,6631.2,1114.8,1086.56
3615,maize,5.9902,9.626,-0.167463,3.223227,0.1426,1.0703,730.0,170.0,100.03,5858.1,856.52,1085.2
3616,maize,14.1353,9.6996,0.482584,8.032363,0.1874,0.9687,738.0,110.0,100.03,8172.9,1490.42,1093.69
3617,maize,8.3495,9.7163,0.064794,0.956262,0.129,1.0147,732.0,180.0,100.03,6985.3,1127.13,1094.5
3618,maize,14.4404,9.7443,0.382086,7.673643,0.1786,1.1144,730.0,120.0,100.03,7732.6,1375.14,1095.56
3619,maize,9.0711,9.747,0.023678,0.250684,0.1705,1.0415,736.0,110.0,100.03,7262.3,1263.98,1097.74
3620,maize,3.1838,9.6864,-0.403667,24.148878,0.1348,0.909,732.0,120.0,100.03,3919.8,420.76,1091.19
3621,maize,3.6736,9.6349,-0.363773,7.354741,0.1362,1.0931,734.0,140.0,100.03,5497.2,793.91,1089.33
3622,maize,7.0747,9.5984,-0.096734,2.664121,0.1951,0.917,732.0,170.0,100.03,6389.8,988.25,1089.45
3623,maize,11.681,9.6171,0.220841,4.194222,0.1697,0.863,740.0,35.0,100.03,7489.1,1393.27,1093.99
3624,maize,9.4773,9.6032,0.067887,0.27434,0.1639,0.8566,734.0,90.0,100.03,6952.9,1207.82,1093.69
3625,maize,12.1283,9.6691,0.17888,2.657153,0.1739,1.0253,730.0,90.0,100.03,7527.6,1353.9,1098.67
3626,maize,0.6005,9.5621,-0.334358,13.224686,0.0981,0.9442,740.0,130.0,100.03,5651.4,838.86,1094.26
3627,maize,6.9171,9.5264,-0.126169,2.903914,0.1537,1.0429,730.0,65.0,100.03,5921.9,977.48,1092.61
3628,maize,9.3874,9.486,-0.011978,0.37302,0.1827,0.9039,730.0,140.0,100.03,6701.1,1097.29,1090.25
3629,maize,7.1613,9.4554,-0.060548,0.708656,0.1718,0.9818,732.0,25.0,100.03,6023.6,1041.71,1090.95
3630,maize,10.9901,9.4443,0.171409,1.855991,0.1641,0.7503,742.0,85.0,100.03,7016.6,1223.96,1090.33
3631,maize,6.9056,9.3782,-0.073177,0.92362,0.1861,0.9663,732.0,130.0,100.03,7140.2,1215.85,1088.39
3632,maize,12.3911,9.3962,0.297612,5.197941,0.1764,0.849,742.0,130.0,100.03,7626.7,1331.49,1091.87
3633,maize,10.6525,9.4232,0.160906,1.133143,0.1745,0.8583,770.0,60.0,100.03,7423.5,1333.87,1094.95
3634,maize,11.8951,9.4254,0.298341,4.471464,0.1925,0.6944,732.0,130.0,100.03,7306.9,1257.54,1095.7
3635,maize,10.0784,9.403,0.142744,2.079825,0.1893,0.8163,742.0,50.0,100.03,6893.8,1228.24,1095.73
3636,maize,9.295,9.411,0.059394,0.782054,0.1746,0.7965,744.0,75.0,100.03,6770.6,1171.26,1096.97
3637,maize,11.7829,9.4206,0.096705,1.279671,0.1802,0.8959,736.0,60.0,100.03,7021.0,1253.64,1096.24
3638,maize,7.1095,9.3956,-0.135796,2.808508,0.2065,0.7289,750.0,60.0,100.03,6385.5,1086.39,1097.41
3639,maize,9.6532,9.3674,-0.10169,1.218989,0.1945,0.9593,740.0,175.0,100.03,6435.0,989.75,1093.79
3640,maize,9.1257,9.3505,0.051161,0.793945,0.1651,0.916,782.0,100.0,100.03,7478.4,1300.4,1096.94
3641,maize,4.4967,9.2588,-0.345973,6.857714,0.2091,0.8906,732.0,140.0,100.03,5387.6,767.69,1090.89
3642,maize,7.3471,9.2368,-0.075682,2.115707,0.1901,0.8275,730.0,70.0,100.03,6090.5,1014.62,1090.51
3643,maize,3.5829,9.2033,-0.390377,8.7855,0.171,0.9006,746.0,75.0,100.03,5420.0,832.41,1087.54
3644,maize,9.5784,9.2142,-0.058591,0.562957,0.2197,0.8513,734.0,90.0,100.03,7189.4,1266.95,1088.41
3645,maize,6.7996,9.1674,-0.283562,2.679203,0.2059,0.7717,782.0,170.0,100.03,7083.2,1131.6,1088.24
3646,maize,9.4302,9.1542,-0.044561,0.388836,0.2085,0.8071,762.0,160.0,100.03,7473.9,1251.28,1091.47
3647,maize,2.174,9.0289,-0.458531,11.184359,0.1735,0.8617,745.0,160.0,100.03,5447.5,754.88,1087.6
3648,maize,7.1702,9.0093,-0.12001,1.482441,0.1715,0.8967,734.0,130.0,100.03,5610.2,832.16,1085.2
3649,maize,11.6101,9.0336,0.186629,3.029904,0.2126,0.6982,732.0,140.0,100.03,7543.6,1306.71,1088.13
3650,maize,11.9194,9.08,0.274143,4.227207,0.2119,0.716,732.0,60.0,100.03,7107.9,1277.78,1089.94
3651,maize,7.287,9.0665,0.014581,0.462619,0.1874,0.7292,742.0,50.0,100.03,6696.3,1178.88,1091.8
3652,maize,11.4468,9.0498,0.31001,4.581488,0.2097,0.7158,749.0,55.0,100.03,7165.2,1286.89,1092.2
3653,maize,5.1065,9.0082,-0.071893,1.588506,0.1715,0.7455,742.0,90.0,100.03,6546.8,1101.51,1093.61
3654,maize,8.9701,9.0037,0.117384,1.918717,0.1258,0.6806,730.0,45.0,100.03,6973.2,1260.29,1095.24
3655,maize,11.4589,9.0621,0.265624,2.640395,0.2009,0.7707,748.0,40.0,100.03,7257.8,1325.65,1098.1
3656,maize,12.4483,9.108,0.335533,4.607493,0.1913,0.6979,742.0,85.0,100.03,7467.4,1336.65,1102.53
3657,maize,11.7052,9.1447,0.289143,5.485569,0.1568,0.6658,734.0,65.0,100.03,7217.4,1298.95,1105.55
3658,maize,11.4372,9.1756,0.262178,3.26554,0.2127,0.6976,740.0,50.0,100.03,7583.0,1401.76,1109.49
3659,maize,11.7133,9.1898,0.249246,2.667104,0.2182,0.7228,738.0,60.0,100.03,7320.9,1327.41,1112.13
3660,maize,11.7168,9.2079,0.137177,2.60571,0.206,0.802,736.0,40.0,100.03,7527.2,1400.19,1113.63
3661,maize,10.8005,9.199,0.120757,0.632293,0.1722,0.7599,734.0,35.0,100.03,7363.8,1365.56,1114.42
3662,maize,11.3021,9.25,0.134955,1.394746,0.1998,0.6345,736.0,60.0,100.03,7208.4,1300.51,1118.04
3663,maize,10.0162,9.2641,-0.027318,0.273268,0.1454,0.7709,742.0,90.0,100.03,7371.1,1307.58,1121.51
3664,maize,10.0081,9.3298,-0.114439,1.73257,0.2151,0.6332,736.0,65.0,100.03,6954.0,1231.91,1128.67
3665,maize,10.4688,9.3864,-0.073351,1.491087,0.2079,0.6805,736.0,90.0,100.03,7328.2,1300.44,1134.14
3666,maize,8.3538,9.3703,-0.122552,2.035589,0.1762,0.6758,730.0,40.0,100.03,7076.7,1291.18,1136.62
3667,maize,13.3468,9.3797,0.025686,0.395423,0.2295,0.7756,730.0,50.0,100.03,7582.8,1407.7,1138.58
3668,maize,10.3978,9.3582,-0.153732,1.813633,0.2135,0.5229,734.0,120.0,100.03,7316.1,1268.63,1137.99
3669,maize,12.0094,9.3718,-0.048524,0.46291,0.213,0.7911,742.0,40.0,100.03,7561.7,1405.22,1141.19
3670,maize,12.3331,9.4124,-0.075857,0.45525,0.2666,0.8792,744.0,70.0,100.03,7563.6,1374.49,1145.32
3671,maize,7.8035,9.3935,-0.226377,2.99518,0.1861,0.875,750.0,160.0,100.03,6898.3,1114.59,1145.71
3672,maize,10.1652,9.4151,-0.136213,1.692273,0.2383,0.8916,754.0,110.0,100.03,7415.0,1291.35,1147.11
3673,maize,9.8982,9.4464,-0.119428,1.444423,0.2352,0.8216,732.0,50.0,100.03,6508.4,1137.9,1150.77
3674,maize,10.7542,9.4592,-0.074466,0.529041,0.2684,0.8912,762.0,25.0,100.03,7015.8,1271.75,1151.5
3675,maize,12.3897,9.5285,0.242949,2.12271,0.2639,0.7452,747.0,140.0,100.03,7871.7,1379.73,1157.53
3676,maize,9.6223,9.5719,-0.041994,0.255509,0.2775,0.9169,764.0,60.0,100.03,7304.9,1307.84,1163.23
3677,maize,7.8379,9.5417,0.009804,0.451479,0.2503,0.8082,740.0,120.0,100.03,7371.5,1278.86,1164.2
3678,maize,8.2105,9.5358,0.04491,1.890149,0.1774,0.7774,730.0,135.0,100.03,6565.6,1068.39,1162.19
3679,maize,9.2424,9.5101,-0.038841,1.023612,0.1987,0.6548,742.0,25.0,100.03,6258.2,1094.36,1161.08
3680,maize,4.0013,9.4698,-0.2785,4.323542,0.1774,0.7429,785.0,75.0,100.03,6361.2,1044.3,1162.97
3681,maize,6.0421,9.4207,-0.024759,1.077176,0.2137,0.9043,764.0,95.0,100.03,6996.3,1195.67,1163.48
3682,maize,9.4695,9.3992,0.132427,1.537709,0.2286,0.8808,760.0,130.0,100.03,7215.7,1217.92,1163.39
3683,maize,11.3403,9.4277,0.304716,5.363772,0.2335,0.7807,742.0,65.0,100.03,7374.0,1333.31,1168.44
3684,maize,9.1707,9.3817,0.057017,0.398488,0.2529,0.7842,774.0,20.0,100.03,6939.5,1250.47,1167.61
3685,maize,12.6412,9.3989,0.326656,5.151352,0.218,0.7791,740.0,45.0,100.03,7303.7,1336.92,1168.56
3686,maize,10.4072,9.4037,0.213414,2.101062,0.2175,0.8688,752.0,90.0,100.03,7221.9,1264.28,1170.59
3687,maize,8.6031,9.3825,0.098808,0.511104,0.2251,0.8773,764.0,85.0,100.03,6752.1,1144.63,1170.13
3688,maize,12.4397,9.385,0.215993,3.084692,0.2524,0.8001,732.0,60.0,100.03,7564.0,1391.81,1172.82
3689,maize,6.8576,9.3943,-0.106487,1.090425,0.1633,0.7778,740.0,110.0,100.03,6262.3,1011.58,1174.65
3690,maize,11.3281,9.4074,0.186671,2.111542,0.2437,0.8035,730.0,50.0,100.03,7269.7,1329.44,1177.46
3691,maize,6.2381,9.3709,-0.045806,1.517331,0.1607,0.6043,730.0,40.0,100.03,6555.5,1160.89,1178.44
3692,maize,10.1714,9.3441,0.075522,0.803219,0.1811,0.6902,730.0,40.0,100.03,7011.0,1274.76,1178.84
3693,maize,11.4214,9.3762,0.069818,1.130983,0.201,0.6488,734.0,80.0,100.03,7226.4,1286.19,1182.76
3694,maize,12.0537,9.4167,0.159219,1.476378,0.2099,0.7674,732.0,85.0,100.03,7673.0,1394.04,1187.75
3695,maize,10.4319,9.4009,-0.013838,0.139667,0.1856,0.7009,736.0,45.0,100.03,7291.3,1336.21,1189.36
3696,maize,6.5588,9.3437,-0.19794,3.826905,0.1489,0.5665,760.0,60.0,100.03,6807.1,1185.76,1188.52
3697,maize,12.4048,9.3747,-0.060872,1.072131,0.1786,0.6268,752.0,20.0,100.03,7692.2,1451.84,1192.39
3698,maize,6.3143,9.3307,-0.168902,4.856163,0.1423,0.5998,740.0,45.0,100.03,6321.6,1091.4,1192.32
3699,maize,9.486,9.3082,-0.217359,2.152059,0.1703,0.6776,742.0,160.0,100.03,6987.2,1141.59,1191.53
3700,maize,10.3016,9.3377,-0.104239,1.21553,0.1761,0.573,750.0,60.0,100.03,7447.3,1351.83,1194.24
3701,maize,13.5057,9.3469,0.033214,2.923503,0.1753,0.4568,730.0,50.0,100.03,7447.0,1373.76,1194.88
3702,maize,8.1426,9.3121,-0.08322,1.196895,0.1034,0.5369,750.0,80.0,100.03,6915.1,1198.76,1193.52
3703,maize,9.8482,9.3069,-0.004123,0.259354,0.1003,0.5168,730.0,20.0,100.03,7342.0,1377.49,1195.65
3704,maize,10.4757,9.3568,-0.005999,0.408025,0.1358,0.5938,732.0,160.0,100.03,7486.4,1272.39,1200.89
3705,maize,8.7097,9.3589,-0.072154,1.406059,0.1363,0.3936,732.0,15.0,100.03,6625.2,1202.11,1201.69
3706,maize,10.6669,9.3959,0.076508,0.264335,0.1578,0.5246,732.0,70.0,100.03,7207.0,1292.56,1206.1
3707,maize,7.6014,9.3328,-0.102091,0.928572,0.1432,0.516,750.0,140.0,100.03,7226.9,1216.73,1204.75
3708,maize,7.6668,9.304,0.025391,1.167331,0.0913,0.3686,740.0,5.0,100.03,6419.7,1155.93,1203.76
3709,maize,11.6798,9.3118,0.15466,2.433368,0.1356,0.4023,732.0,10.0,100.03,7194.8,1349.49,1204.66
3710,maize,9.1476,9.3075,0.027659,0.739133,0.0904,0.384,730.0,5.0,100.03,6771.0,1249.76,1205.04
3711,maize,11.3466,9.3316,0.123692,2.458038,0.1106,0.3176,730.0,40.0,100.03,7085.7,1293.41,1207.93
3712,maize,10.0159,9.3259,0.066201,0.681752,0.1344,0.4629,730.0,15.0,100.03,7232.6,1355.16,1208.51
3713,maize,7.1872,9.3451,-0.025169,0.617475,0.0788,0.3041,730.0,40.0,100.03,6714.6,1200.66,1210.19
3714,maize,9.5634,9.3875,0.063406,0.436539,0.1299,0.4513,735.0,35.0,100.03,7146.0,1310.5,1212.15
3715,maize,9.5254,9.4229,-0.054313,1.26103,0.128,0.4515,730.0,30.0,100.03,6880.2,1252.04,1216.1
3716,maize,4.11,9.3226,-0.307252,10.046064,0.1382,0.3759,730.0,70.0,100.03,5718.6,921.66,1210.41
3717,maize,7.7191,9.3163,-0.039465,1.280996,0.0923,0.3737,732.0,40.0,100.03,6441.7,1131.23,1210.45
3718,maize,8.6954,9.2588,-0.058668,1.160705,0.1543,0.269,732.0,5.0,100.03,6875.9,1274.76,1209.45
3719,maize,1.5078,9.1832,-0.132326,15.149274,0.0947,0.3329,730.0,10.0,100.03,4639.0,711.74,1203.93
3720,maize,8.049,9.2319,0.022324,0.789921,0.1127,0.3515,730.0,0.0,100.03,6897.6,1286.41,1212.59
3721,maize,14.0656,9.3358,0.148231,6.062611,0.1547,0.2349,730.0,0.0,100.03,7501.2,1437.29,1219.02
3722,maize,11.3307,9.3783,0.070533,1.623678,0.1312,0.2461,752.0,10.0,100.03,7263.6,1354.71,1222.68
3723,maize,10.1796,9.3633,0.018319,0.810295,0.1536,0.3995,734.0,15.0,100.03,7501.2,1419.9,1222.95
3724,maize,12.4726,9.3933,0.152697,5.831576,0.1655,0.2813,734.0,20.0,100.03,7687.2,1461.41,1225.49
3725,maize,8.1243,9.3532,0.021255,0.693182,0.1366,0.3608,730.0,10.0,100.03,6844.8,1263.2,1224.58
3726,maize,9.9031,9.4463,0.007195,0.833117,0.1354,0.2287,730.0,10.0,100.03,7448.1,1414.01,1230.33
3727,maize,9.6479,9.4736,-0.046132,0.908708,0.1725,0.5019,736.0,30.0,100.03,6858.5,1243.02,1232.99
3728,maize,9.0107,9.4698,-0.1354,1.647852,0.1786,0.368,760.0,30.0,100.03,6732.5,1197.12,1233.98
3729,maize,13.1664,9.5299,0.021361,2.028423,0.1945,0.3929,736.0,40.0,100.03,7891.1,1491.18,1238.48
3730,maize,2.7914,9.4479,-0.264011,13.696107,0.1402,0.2873,730.0,40.0,100.03,6377.1,1116.28,1237.4
3731,maize,11.4706,9.4935,-0.027918,0.613896,0.1785,0.4073,732.0,20.0,100.03,7247.0,1352.54,1238.77
3732,maize,5.5827,9.4254,-0.171821,8.319479,0.1374,0.4371,730.0,15.0,100.03,5717.3,976.32,1235.22
3733,maize,15.6202,9.4751,0.19738,4.21693,0.2049,0.4605,734.0,40.0,100.03,8212.0,1572.6,1237.6
3734,maize,13.1369,9.4875,0.11741,2.716701,0.1857,0.2541,744.0,40.0,100.03,7801.4,1463.94,1239.67
3735,maize,9.7396,9.4841,0.037329,0.406587,0.1872,0.3548,732.0,25.0,100.03,7047.6,1297.69,1240.36
3736,maize,1.8745,9.4099,-0.303775,17.700436,0.1364,0.3159,750.0,40.0,100.03,4632.8,668.2,1235.33
3737,maize,9.2896,9.385,-0.078348,0.620131,0.1943,0.4382,742.0,10.0,100.03,7051.7,1307.72,1235.87
3738,maize,14.9293,9.4632,0.150629,3.353304,0.2153,0.4491,738.0,30.0,100.03,8026.9,1533.94,1240.35
3739,maize,11.3415,9.4801,0.008141,0.383435,0.1968,0.3479,734.0,10.0,100.03,7104.0,1325.61,1243.71
3740,maize,11.7987,9.5068,0.023783,0.245628,0.2205,0.3238,762.0,60.0,100.03,7375.0,1326.55,1243.97
3741,maize,3.4953,9.4968,-0.464968,14.312,0.1763,0.4802,732.0,60.0,100.03,5684.1,921.83,1245.51
3742,maize,8.7915,9.5113,-0.072546,0.552924,0.183,0.4269,732.0,60.0,100.03,6772.6,1193.95,1247.3
3743,maize,4.3347,9.5188,-0.233457,10.609028,0.187,0.3911,750.0,10.0,100.03,5494.7,913.68,1248.12
3744,maize,10.3063,9.526,-0.018029,0.352519,0.1718,0.3493,736.0,40.0,100.03,6976.8,1262.6,1248.07
3745,maize,10.2187,9.5602,-0.064829,0.524563,0.1965,0.4764,730.0,60.0,100.03,7257.4,1316.35,1249.92
3746,maize,11.8247,9.5842,0.070061,1.009329,0.2138,0.3285,730.0,60.0,100.03,6956.0,1241.0,1249.82
3747,maize,11.1137,9.6736,0.059616,0.755784,0.2259,0.3462,732.0,120.0,100.03,7036.7,1199.97,1254.27
3748,maize,11.4572,9.7165,0.067894,0.458193,0.2228,0.3902,764.0,15.0,100.03,7459.0,1391.35,1259.86
3749,maize,9.0859,9.6912,-0.044346,0.367794,0.1888,0.3261,732.0,50.0,100.03,6955.0,1249.56,1259.29
3750,maize,7.19,9.6439,-0.18826,2.557909,0.2103,0.5439,739.0,50.0,100.03,6505.9,1133.08,1257.84
3751,maize,8.7212,9.6583,-0.107803,0.958452,0.2066,0.5058,736.0,100.0,100.03,6468.8,1075.59,1256.81
3752,maize,10.9392,9.6532,0.07457,0.799348,0.1988,0.5403,742.0,30.0,100.03,7087.2,1296.61,1256.91
3753,maize,12.9988,9.7321,0.133593,1.777078,0.2408,0.4625,754.0,0.0,100.03,7790.6,1495.25,1260.84
3754,maize,5.6855,9.6993,-0.222672,4.597759,0.2241,0.5433,742.0,10.0,100.03,5911.8,1022.74,1258.47
3755,maize,8.6665,9.6713,0.07194,0.412976,0.2116,0.4356,756.0,40.0,100.03,7287.3,1328.24,1258.49
3756,maize,11.0498,9.6573,0.159376,1.432633,0.2237,0.552,742.0,110.0,100.03,7200.2,1244.84,1257.58
3757,maize,9.6434,9.6367,0.115267,0.764929,0.2206,0.5464,756.0,80.0,100.03,7223.9,1272.37,1257.31
3758,maize,8.2284,9.6046,-0.00423,0.386723,0.1965,0.5167,757.0,5.0,100.03,7028.4,1297.89,1256.27
3759,maize,6.447,9.552,-0.123162,2.599887,0.2259,0.545,746.0,70.0,100.03,6423.4,1088.26,1253.88
3760,maize,7.1332,9.5061,-0.075069,1.456747,0.2035,0.504,742.0,110.0,100.03,6675.3,1113.61,1251.01
3761,maize,13.0935,9.5291,0.174278,1.038477,0.2317,0.5743,754.0,35.0,100.03,7908.3,1489.66,1252.25
3762,maize,3.8226,9.4543,-0.268911,11.31172,0.1894,0.5032,750.0,20.0,100.03,5760.9,970.23,1248.95
3763,maize,11.6622,9.4707,0.17253,1.742305,0.2133,0.6579,732.0,35.0,100.03,7334.8,1359.5,1249.47
3764,maize,8.8928,9.4596,0.002484,0.690921,0.1613,0.5122,736.0,30.0,100.03,6995.4,1277.24,1249.92
3765,maize,4.7792,9.4027,-0.325602,11.106951,0.2425,0.4784,730.0,5.0,100.03,5394.0,905.5,1245.98
3766,maize,5.6992,9.3761,-0.272174,4.671672,0.2491,0.6443,732.0,75.0,100.03,6103.6,1011.69,1243.18
3767,maize,5.7142,9.2998,-0.256866,2.478253,0.224,0.6652,752.0,130.0,100.03,6877.0,1138.05,1240.48
3768,maize,9.1343,9.2872,0.046852,1.565318,0.2465,0.5451,732.0,70.0,100.03,6917.4,1220.15,1240.0
3769,maize,13.331,9.3004,0.168173,5.493231,0.2723,0.5452,752.0,20.0,100.03,7949.8,1516.26,1241.11
3770,maize,10.1088,9.2782,0.073851,0.376339,0.2637,0.801,751.0,70.0,100.03,7426.6,1336.04,1240.73
3771,maize,7.0514,9.2706,-0.089242,0.598222,0.2613,0.614,764.0,70.0,100.03,6857.8,1186.06,1241.44
3772,maize,10.8872,9.2779,0.103578,1.099734,0.2374,0.5608,744.0,50.0,100.03,7663.7,1419.52,1242.72
3773,maize,9.4799,9.2737,0.030045,0.800355,0.2323,0.6561,734.0,15.0,100.03,7479.0,1414.35,1245.49
3774,maize,9.6138,9.2623,0.079699,0.586731,0.2331,0.5171,752.0,60.0,100.03,7242.0,1299.3,1245.76
3775,maize,8.8826,9.2272,0.048177,0.29596,0.2121,0.4334,730.0,50.0,100.03,6922.8,1242.69,1244.39
3776,maize,13.5894,9.2669,0.181348,2.728767,0.2586,0.634,732.0,30.0,100.03,7538.6,1415.45,1245.47
3777,maize,9.901,9.2875,-0.048386,0.957552,0.2407,0.554,736.0,20.0,100.03,6470.6,1156.05,1244.24
3778,maize,9.9318,9.3047,0.006733,0.250083,0.2228,0.4925,736.0,30.0,100.03,7246.3,1339.98,1246.95
3779,maize,9.8687,9.311,-0.121774,0.888444,0.2367,0.5944,756.0,45.0,100.03,7452.2,1364.45,1249.66
3780,maize,12.0483,9.3914,0.015586,1.329659,0.2386,0.5666,744.0,55.0,100.03,7189.3,1295.92,1252.17
3781,maize,8.176,9.4128,-0.173641,2.585383,0.2019,0.4878,732.0,100.0,100.03,5889.9,933.27,1249.55
3782,maize,12.8574,9.4467,0.067986,0.6179,0.1993,0.5055,734.0,50.0,100.03,7398.7,1359.27,1250.96
3783,maize,11.8832,9.4521,0.012936,0.419787,0.2208,0.4695,752.0,10.0,100.03,7535.9,1422.77,1251.86
3784,maize,11.9379,9.4798,0.018824,1.297426,0.2329,0.4879,734.0,20.0,100.03,7511.3,1417.43,1253.53
3785,maize,6.8725,9.4221,-0.235272,5.064889,0.1749,0.5013,748.0,40.0,100.03,6298.2,1085.75,1251.01
3786,maize,14.2236,9.4602,0.226734,2.158841,0.2349,0.4846,736.0,75.0,100.03,7954.6,1472.05,1253.09
3787,maize,6.6525,9.4407,-0.258188,6.448265,0.2165,0.5256,762.0,0.0,100.03,6853.1,1256.08,1254.21
3788,maize,13.855,9.4549,0.113835,2.432486,0.2162,0.4546,738.0,0.0,100.03,8495.7,1681.11,1257.1
3789,maize,6.6271,9.4526,-0.270772,4.539558,0.167,0.5329,760.0,65.0,100.03,6746.0,1165.51,1258.64
3790,maize,10.5297,9.4446,-0.038274,0.896727,0.2187,0.4971,732.0,25.0,100.03,7142.3,1321.37,1258.56
3791,maize,6.4507,9.4467,-0.224208,7.333786,0.1743,0.3532,762.0,50.0,100.03,6691.3,1165.64,1258.61
3792,maize,10.6124,9.4511,0.036308,0.83455,0.167,0.4141,736.0,5.0,100.03,7477.4,1422.76,1260.09
3793,maize,9.1439,9.4284,-0.125592,1.736811,0.1887,0.5638,742.0,0.0,100.03,7216.8,1359.0,1260.81
3794,maize,7.765,9.3855,-0.05196,2.65453,0.1887,0.4527,740.0,10.0,100.03,6656.9,1210.24,1258.98
3795,maize,6.0025,9.3412,-0.153064,3.518059,0.194,0.4928,732.0,65.0,100.03,6613.8,1149.24,1257.11
3796,maize,10.3667,9.3793,0.108215,0.735702,0.1823,0.4202,740.0,55.0,100.03,7608.4,1403.11,1259.28
3797,maize,10.0318,9.3555,0.058483,0.95988,0.1922,0.5306,734.0,40.0,100.03,6831.6,1227.49,1257.04
3798,maize,8.3724,9.3761,-0.008523,1.056208,0.1771,0.5813,738.0,45.0,100.03,7044.3,1273.29,1258.85
3799,maize,7.5441,9.3567,0.053309,1.154289,0.1878,0.487,742.0,45.0,100.03,6551.4,1147.65,1258.92
3800,maize,12.8479,9.3822,0.311984,4.113016,0.1854,0.4368,752.0,10.0,100.03,7667.2,1455.61,1259.95
3801,maize,9.0056,9.3372,0.135803,1.239861,0.188,0.5444,730.0,55.0,100.03,7126.8,1288.71,1259.1
3802,maize,5.046,9.3062,0.00835,2.362248,0.1497,0.4336,730.0,40.0,100.03,6408.6,1124.16,1258.36
3803,maize,8.9735,9.2974,0.044414,0.577611,0.1812,0.5113,740.0,10.0,100.03,7057.2,1310.29,1257.68
3804,maize,8.4051,9.2767,0.053176,0.916996,0.1804,0.4917,740.0,70.0,100.03,6890.9,1208.73,1257.05
3805,maize,7.383,9.2635,-0.023104,1.359901,0.1865,0.5462,732.0,125.0,100.03,6324.3,1016.87,1255.2
3806,maize,3.7535,9.1943,-0.11227,3.768623,0.1493,0.4199,762.0,20.0,100.03,6013.7,1026.21,1252.53
3807,maize,8.7431,9.2058,-0.031812,0.376754,0.1846,0.5037,737.0,90.0,100.03,7338.2,1302.36,1253.39
3808,maize,7.7561,9.2066,-0.050879,1.043122,0.169,0.4866,734.0,10.0,100.03,6633.4,1207.94,1253.91
3809,maize,14.6839,9.2367,0.277224,6.163337,0.188,0.5353,734.0,50.0,100.03,7857.9,1474.07,1255.15
3810,maize,9.4469,9.2397,0.02087,0.497562,0.1568,0.5294,730.0,25.0,100.03,6774.0,1230.49,1254.96
3811,maize,11.2377,9.2386,0.175193,2.551916,0.1925,0.5136,732.0,30.0,100.03,7298.9,1355.52,1255.58
3812,maize,9.7443,9.2359,0.170237,1.635333,0.1883,0.5454,742.0,110.0,100.03,7115.9,1223.77,1254.27
3813,maize,10.0183,9.2642,-0.027638,1.497747,0.1996,0.5625,734.0,30.0,100.03,7141.7,1315.02,1255.41
3814,maize,10.9375,9.2779,0.134301,1.168782,0.1728,0.6959,732.0,110.0,100.03,7328.1,1282.82,1255.14
3815,maize,10.6714,9.2894,0.066403,1.225467,0.1944,0.6151,736.0,30.0,100.03,7286.1,1349.92,1256.11
3816,maize,9.9842,9.3481,-0.104295,1.234744,0.1996,0.5925,752.0,40.0,100.03,7203.4,1309.66,1259.99
3817,maize,11.1163,9.3821,0.09856,1.655439,0.1862,0.5192,732.0,85.0,100.03,7321.2,1306.09,1261.74
3818,maize,12.591,9.4211,-0.002468,3.226824,0.1871,0.6121,740.0,20.0,100.03,7699.4,1460.85,1263.6
3819,maize,9.5445,9.5014,0.029902,1.350968,0.1747,0.576,730.0,60.0,100.03,6906.7,1228.67,1268.77
3820,maize,11.6296,9.5372,0.005182,0.374687,0.207,0.6636,732.0,75.0,100.03,7161.1,1276.08,1268.67
3821,maize,7.276,9.4693,-0.373677,8.815398,0.2053,0.7715,746.0,80.0,100.03,6093.9,995.89,1264.26
3822,maize,12.2421,9.4784,-0.056427,0.709358,0.1997,0.6159,742.0,50.0,100.03,7217.7,1309.22,1263.8
3823,maize,8.0812,9.4575,-0.112699,4.040337,0.1745,0.4828,730.0,60.0,100.03,6570.0,1144.5,1261.05
3824,maize,5.6137,9.3889,-0.491472,10.916765,0.1807,0.6819,796.0,15.0,100.03,6317.5,1086.79,1257.3
3825,maize,11.867,9.4263,-0.006731,0.310739,0.1885,0.7245,732.0,60.0,100.03,7486.8,1372.51,1258.39
3826,maize,7.6481,9.4038,-0.350135,4.189404,0.1715,0.6459,794.0,55.0,100.03,7247.2,1280.41,1257.06
3827,maize,11.51,9.4224,0.047442,0.774064,0.1743,0.6046,734.0,70.0,100.03,7595.2,1388.39,1258.51
3828,maize,12.2548,9.4548,0.206862,2.203414,0.1693,0.672,734.0,55.0,100.03,7431.6,1362.5,1260.17
3829,maize,12.2033,9.4452,0.094623,1.839557,0.1619,0.5811,730.0,30.0,100.03,7402.3,1382.57,1259.08
3830,maize,11.7553,9.5348,0.083259,0.551988,0.2021,0.5664,734.0,50.0,100.03,7384.6,1355.75,1261.47
3831,maize,13.3576,9.5537,0.122637,1.323748,0.2061,0.5831,744.0,45.0,100.03,7274.4,1327.2,1261.22
3832,maize,10.9112,9.607,0.020437,0.636331,0.1476,0.4835,732.0,20.0,100.03,7168.0,1332.8,1264.79
3833,maize,13.5822,9.5866,0.190424,2.109995,0.1835,0.5883,730.0,45.0,100.03,7543.4,1402.86,1263.09
3834,maize,9.2302,9.5475,-0.231984,2.345631,0.1619,0.5519,736.0,35.0,100.03,7117.6,1302.8,1261.48
3835,maize,7.0881,9.521,-0.407563,6.363092,0.1807,0.5864,734.0,65.0,100.03,6251.8,1057.54,1259.07
3836,maize,9.9081,9.6014,-0.087234,1.342685,0.1436,0.5739,734.0,85.0,100.03,6806.9,1176.34,1264.16
3837,maize,9.2948,9.6014,-0.177538,4.16103,0.1554,0.6417,732.0,20.0,100.03,7076.7,1309.99,1264.18
3838,maize,9.5149,9.5473,-0.176811,2.436091,0.1327,0.4184,732.0,50.0,100.03,7021.7,1266.24,1261.5
3839,maize,10.0434,9.5343,-0.093094,1.102206,0.1395,0.4954,734.0,45.0,100.03,7532.8,1397.8,1262.22
3840,maize,9.164,9.5079,-0.121346,3.284363,0.1063,0.3806,730.0,20.0,100.03,6804.0,1243.0,1261.39
3841,maize,11.7764,9.5907,0.100658,0.907956,0.1305,0.4388,732.0,30.0,100.03,7395.2,1379.59,1265.97
3842,maize,8.6532,9.5894,-0.073991,1.824682,0.1242,0.3977,730.0,20.0,100.03,6595.3,1190.82,1265.93
3843,maize,10.0791,9.6468,0.010312,1.005168,0.103,0.2711,730.0,60.0,100.03,6445.3,1113.33,1267.93
3844,maize,11.0107,9.6538,0.043399,0.83727,0.1195,0.3,730.0,20.0,100.03,7075.4,1310.85,1268.41
3845,maize,6.0859,9.6125,-0.143243,3.18631,0.1019,0.3377,730.0,25.0,100.03,6142.8,1072.71,1265.98
3846,maize,12.9522,9.6238,0.172465,2.726235,0.1011,0.3809,742.0,100.0,100.03,7600.3,1354.87,1267.12
3847,maize,10.4229,9.6169,0.043638,0.56319,0.0974,0.3558,730.0,50.0,100.03,6981.7,1257.43,1267.69
3848,maize,7.239,9.5747,-0.056168,2.149793,0.0981,0.3889,742.0,0.0,100.03,6152.9,1093.02,1264.71
3849,maize,12.6854,9.6107,0.131127,2.675821,0.0983,0.3418,732.0,20.0,100.03,8069.2,1558.1,1267.79
3850,maize,11.1017,9.6498,0.097065,1.502075,0.098,0.2892,730.0,50.0,100.03,7077.0,1281.26,1269.27
3851,maize,12.832,9.6909,0.115385,1.842603,0.1019,0.4128,740.0,80.0,100.03,7426.2,1332.55,1271.84
3852,maize,11.8477,9.7,0.08989,2.386738,0.0921,0.4391,730.0,60.0,100.03,7312.4,1330.09,1272.18
3853,maize,7.52,9.6452,-0.076528,2.363687,0.1017,0.3354,730.0,40.0,100.03,5872.6,990.15,1267.13
3854,maize,10.7532,9.6959,0.042515,1.323531,0.1032,0.4063,730.0,30.0,100.03,7556.2,1421.06,1271.11
3855,maize,9.2431,9.7017,-0.015651,0.547264,0.1021,0.3877,740.0,50.0,100.03,7032.2,1264.04,1270.47
3856,maize,10.5683,9.6968,0.014808,0.264219,0.0909,0.4738,734.0,10.0,100.03,6991.4,1297.44,1271.0
3857,maize,11.3439,9.7139,0.055529,0.81292,0.0606,0.232,730.0,20.0,100.03,7357.9,1381.48,1272.09
3858,maize,7.872,9.7103,-0.041807,3.585474,0.0693,0.445,730.0,10.0,100.03,6200.5,1102.13,1270.13
3859,maize,11.0913,9.7567,-0.001341,0.444116,0.0855,0.4986,732.0,80.0,100.03,7234.4,1289.4,1272.14
3860,maize,11.5726,9.8011,-0.021647,0.407119,0.0761,0.4875,730.0,70.0,100.03,7161.0,1282.25,1273.83
3861,maize,7.4887,9.7451,-0.158291,2.485519,0.0733,0.4779,742.0,90.0,100.03,6576.6,1108.94,1270.02
3862,maize,6.1019,9.7679,-0.200043,4.661833,0.0873,0.4823,730.0,50.0,100.03,6353.3,1100.32,1271.32
3863,maize,12.0621,9.7719,0.075412,0.839984,0.1048,0.5063,730.0,80.0,100.03,7133.6,1265.39,1270.38
3864,maize,7.1622,9.7546,-0.165502,4.357121,0.0861,0.5027,742.0,20.0,100.03,6320.6,1114.96,1268.76
3865,maize,11.5458,9.8222,-0.0291,0.959321,0.0923,0.3911,730.0,20.0,100.03,7107.6,1318.9,1272.89
3866,maize,11.6978,9.8822,0.008873,0.652249,0.1055,0.4301,730.0,80.0,100.03,7100.3,1257.08,1275.34
3867,maize,10.7675,9.9327,0.009098,0.678858,0.0827,0.5359,730.0,55.0,100.03,7313.9,1335.47,1277.32
3868,maize,13.0788,9.9722,0.118765,3.683302,0.0706,0.4584,730.0,35.0,100.03,7321.4,1357.36,1278.69
3869,maize,10.1197,9.9401,0.020663,0.952611,0.079,0.4825,730.0,10.0,100.03,6660.3,1217.06,1275.7
3870,maize,5.3626,9.8926,-0.088801,5.44256,0.0594,0.3847,730.0,30.0,100.03,5683.7,952.93,1271.87
3871,maize,8.575,9.9079,-0.080552,1.222195,0.0747,0.5834,732.0,30.0,100.03,6555.0,1169.56,1271.7
3872,maize,10.5632,9.9046,0.021936,0.789891,0.0601,0.49,730.0,40.0,100.03,7184.9,1318.22,1270.69
3873,maize,10.646,9.9163,0.110552,1.106103,0.0682,0.563,730.0,95.0,100.03,7011.4,1219.85,1268.74
3874,maize,6.8927,9.8891,-0.051957,1.759572,0.0683,0.4622,730.0,30.0,100.03,6489.1,1154.28,1267.29
3875,maize,10.1094,9.9013,0.0421,0.428386,0.0778,0.5657,730.0,80.0,100.03,7218.8,1286.69,1267.73
3876,maize,7.4231,9.8397,0.034897,2.639176,0.0457,0.5046,730.0,150.0,100.03,6929.2,1144.31,1265.02
3877,maize,11.079,9.8514,0.093501,1.734047,0.0747,0.556,730.0,65.0,100.03,7450.5,1359.63,1267.06
3878,maize,9.194,9.8441,-0.00971,1.090051,0.0699,0.5559,730.0,50.0,100.03,6290.4,1084.6,1264.5
3879,maize,11.6902,9.8623,0.090504,1.334122,0.081,0.6675,730.0,60.0,100.03,7258.2,1316.54,1264.03
3880,maize,11.9328,9.8611,0.100623,1.282489,0.092,0.545,740.0,25.0,100.03,7408.2,1383.05,1264.9
3881,maize,6.6694,9.8461,-0.143742,3.496952,0.0679,0.4865,730.0,110.0,100.03,6237.9,1011.47,1265.68
3882,maize,12.165,9.8391,0.040611,1.216727,0.085,0.5933,730.0,70.0,100.03,7544.9,1378.23,1265.87
3883,maize,12.4037,9.8443,0.050025,0.820237,0.0847,0.607,732.0,30.0,100.03,7489.4,1403.14,1265.67
3884,maize,10.5987,9.831,-0.029649,0.479721,0.0906,0.5821,730.0,30.0,100.03,6951.8,1269.94,1264.2
3885,maize,8.5615,9.8478,-0.194967,3.711214,0.0947,0.6166,730.0,90.0,100.03,6629.4,1129.35,1264.63
3886,maize,12.5476,9.8311,-0.009113,0.701101,0.0791,0.5505,732.0,170.0,100.03,7929.1,1373.09,1263.64
3887,maize,12.6915,9.8915,-0.007334,0.577985,0.0915,0.5539,732.0,55.0,100.03,7384.8,1352.0,1264.6
3888,maize,8.7418,9.8403,-0.074291,2.301827,0.0687,0.5207,730.0,40.0,100.03,6626.9,1178.72,1259.58
3889,maize,3.5191,9.8093,-0.272246,20.429649,0.0592,0.3585,730.0,55.0,100.03,5614.6,910.66,1257.03
3890,maize,12.6521,9.8305,0.011483,0.171014,0.088,0.4514,730.0,40.0,100.03,7403.4,1372.85,1257.55
3891,maize,13.2513,9.8985,0.0587,0.916882,0.0902,0.4864,730.0,20.0,100.03,7726.1,1473.53,1260.62
3892,maize,11.3611,9.906,0.014694,0.373073,0.058,0.4363,730.0,40.0,100.03,7448.2,1384.05,1260.24
3893,maize,10.9753,9.9243,-0.071138,0.785978,0.0718,0.3608,732.0,45.0,100.03,7195.8,1314.75,1259.79
3894,maize,7.2136,9.9188,-0.126727,5.577127,0.076,0.4806,730.0,55.0,100.03,6462.8,1122.69,1258.92
3895,maize,10.7376,9.9661,-0.016806,0.19779,0.0804,0.3536,732.0,20.0,100.03,7347.6,1377.7,1261.2
3896,maize,10.1322,9.9638,-0.01836,1.073229,0.0814,0.3244,730.0,70.0,100.03,7404.8,1343.2,1260.6
3897,maize,11.4352,9.9778,0.021836,0.450465,0.0974,0.2811,730.0,40.0,100.03,7403.1,1372.77,1262.06
3898,maize,10.2627,9.9967,-0.019468,0.980965,0.0954,0.3681,730.0,20.0,100.03,6984.9,1288.23,1262.21
3899,maize,8.6804,10.0081,-0.152864,4.615753,0.1053,0.2637,730.0,30.0,100.03,6269.6,1099.4,1261.72
3900,maize,8.3609,9.9632,-0.021016,1.05517,0.0819,0.3842,730.0,40.0,100.03,6694.5,1195.63,1259.12
3901,maize,11.6547,9.9897,0.070512,1.062853,0.096,0.3582,730.0,20.0,100.03,7195.9,1340.96,1259.65
3902,maize,7.2036,10.0113,-0.038455,2.087631,0.0719,0.3571,730.0,0.0,100.03,6654.3,1225.58,1260.66
3903,maize,9.8011,10.0196,-0.007669,0.46775,0.0739,0.4528,730.0,50.0,100.03,6769.3,1204.32,1259.6
3904,maize,9.2448,10.028,0.050745,2.135075,0.0876,0.37,730.0,20.0,100.03,7018.1,1296.53,1260.48
3905,maize,9.6716,10.0508,0.053449,0.827911,0.0845,0.375,732.0,40.0,100.03,6798.0,1220.29,1262.51
3906,maize,14.4979,10.1583,0.19254,10.00671,0.1022,0.3148,730.0,5.0,100.04,7748.8,1494.2,1267.19
3907,maize,8.0656,10.1515,0.023102,0.709579,0.0858,0.4142,740.0,10.0,100.04,6572.5,1189.13,1266.06
3908,maize,9.2864,10.1668,0.097607,1.46709,0.0771,0.376,730.0,70.0,100.04,6850.9,1204.73,1266.03
3909,maize,6.9443,10.0894,-0.051577,3.426527,0.0411,0.3367,730.0,30.0,100.03,6488.8,1154.21,1262.83
3910,maize,7.1084,10.066,-0.080941,2.005058,0.0869,0.3705,732.0,25.0,100.03,5916.2,1014.86,1260.67
3911,maize,12.6582,10.0802,0.142199,3.449616,0.0995,0.3378,732.0,25.0,100.03,8009.3,1538.12,1262.5
3912,maize,8.9067,10.0719,0.006436,0.368751,0.0895,0.3291,730.0,0.0,100.03,6405.0,1163.26,1261.9
3913,maize,9.6061,10.0677,0.012464,0.830085,0.0881,0.3518,740.0,0.0,100.03,7178.2,1350.56,1262.25
3914,maize,8.0232,10.0386,-0.034445,1.578277,0.0933,0.3307,730.0,90.0,100.03,6716.6,1151.15,1260.93
3915,maize,7.6677,10.0086,-0.085762,2.771997,0.0958,0.2794,730.0,15.0,100.03,6348.8,1134.21,1258.78
3916,maize,8.8853,9.9976,-0.038115,0.506982,0.068,0.3016,730.0,20.0,100.03,7002.9,1292.72,1258.61
3917,maize,10.1031,9.9874,-0.014808,0.39373,0.1053,0.3069,730.0,20.0,100.03,6684.6,1213.16,1257.68
3918,maize,10.7635,9.9692,0.047849,1.448958,0.0745,0.2869,730.0,10.0,100.03,7394.7,1400.68,1257.08
3919,maize,14.9113,10.0228,0.126557,6.526635,0.0856,0.3637,730.0,40.0,100.03,8350.8,1609.7,1260.89
3920,maize,7.9397,9.9859,-0.032672,1.016186,0.0648,0.2615,730.0,20.0,100.03,6664.8,1208.19,1260.21
3921,maize,6.513,9.9783,-0.102076,2.429549,0.067,0.2441,730.0,5.0,100.03,6464.7,1173.18,1261.98
3922,maize,7.3533,9.9294,-0.002867,0.513723,0.0829,0.1896,730.0,40.0,100.03,6682.7,1192.67,1260.82
3923,maize,8.6585,9.9352,-0.06436,0.757878,0.1053,0.3482,730.0,50.0,100.03,6626.3,1168.58,1261.06
3924,maize,7.8155,9.9572,-0.064284,1.271148,0.0564,0.2762,742.0,60.0,100.03,6399.1,1094.59,1261.13
3925,maize,8.0745,9.9193,-0.016014,0.339314,0.0766,0.2959,732.0,40.0,100.03,6481.3,1141.13,1258.82
3926,maize,8.1989,9.9248,-0.025294,0.787535,0.0867,0.2623,740.0,40.0,100.03,6654.3,1179.58,1257.81
3927,maize,11.9801,9.9295,0.105032,4.047422,0.0772,0.2808,732.0,20.0,100.03,7382.1,1386.32,1257.79
3928,maize,11.5964,9.9229,0.093581,3.346615,0.0804,0.2939,730.0,20.0,100.03,7085.0,1313.25,1257.3
3929,maize,3.941,9.8403,-0.034696,2.717751,0.0528,0.1821,730.0,15.0,100.03,5745.5,983.38,1253.31
3930,maize,11.7638,9.8404,0.114992,4.953532,0.0584,0.2475,730.0,80.0,100.03,7305.1,1308.27,1252.83
3931,maize,13.9763,9.8465,0.156285,8.945217,0.0965,0.2745,730.0,25.0,100.03,7953.3,1525.33,1254.81
3932,maize,14.2954,9.8804,0.086413,12.264163,0.0655,0.1936,730.0,40.0,100.03,7701.2,1447.29,1255.96
3933,maize,6.1271,9.8058,-0.017456,1.164457,0.0511,0.2528,730.0,60.0,100.03,5952.5,990.12,1251.83
3934,maize,13.0937,9.8445,0.246019,7.904221,0.0782,0.22,730.0,80.0,100.03,7724.6,1413.14,1252.93
3935,maize,7.9219,9.8528,0.017367,0.999973,0.0596,0.2511,732.0,50.0,100.03,6158.5,1050.41,1252.86
3936,maize,7.1645,9.8254,-0.03727,1.172376,0.0685,0.2756,732.0,0.0,100.03,6163.2,1101.6,1252.12
3937,maize,11.6288,9.8487,0.072488,2.016535,0.0698,0.3824,730.0,45.0,100.03,7487.3,1388.84,1252.9
3938,maize,8.6088,9.8397,-0.026295,0.519167,0.0699,0.2811,732.0,0.0,100.03,6353.8,1149.25,1251.73
3939,maize,8.793,9.8272,-0.002048,0.246032,0.0538,0.2749,740.0,30.0,100.03,6579.7,1170.93,1249.47
3940,maize,8.323,9.8187,0.007818,1.061872,0.061,0.2426,730.0,20.0,100.03,6802.5,1242.64,1249.46
3941,maize,12.1577,9.8226,0.138233,4.293993,0.0747,0.2666,730.0,10.0,100.03,7897.9,1526.48,1250.93
3942,maize,13.3989,9.87,0.1339,6.243112,0.0464,0.3014,730.0,60.0,100.03,7607.4,1403.86,1253.06
3943,maize,7.1769,9.841,-0.009683,1.125484,0.0399,0.2869,730.0,10.0,100.03,6626.1,1208.52,1254.01
3944,maize,12.1679,9.8526,0.171261,3.962289,0.0778,0.3437,730.0,20.0,100.03,7616.7,1446.18,1255.37
3945,maize,15.8273,9.95,0.226054,8.055807,0.0686,0.3315,732.0,40.0,100.03,8008.3,1522.86,1259.87
3946,maize,12.1509,9.942,0.071848,3.48185,0.0674,0.3109,730.0,25.0,100.03,7326.1,1368.53,1260.0
3947,maize,11.9062,9.9568,0.047985,1.011279,0.057,0.4128,730.0,70.0,100.03,7238.8,1301.7,1260.45
3948,maize,12.2599,10.007,0.01777,1.041627,0.0686,0.3531,730.0,40.0,100.03,7629.4,1429.34,1263.81
3949,maize,8.1627,9.9618,-0.099008,1.981296,0.0623,0.4653,730.0,100.0,100.03,6744.1,1148.02,1259.71
3950,maize,11.5067,9.9658,0.013255,0.264939,0.0847,0.4299,740.0,60.0,100.03,7671.3,1413.84,1261.04
3951,maize,8.338,9.9209,-0.113332,2.253822,0.079,0.3769,730.0,55.0,100.03,7335.9,1340.97,1261.12
3952,maize,8.664,9.8891,-0.098784,3.134916,0.0407,0.3686,730.0,110.0,100.03,6252.9,1015.22,1257.97
3953,maize,8.9783,9.9036,-0.079704,1.252991,0.0968,0.469,730.0,100.0,100.03,7183.2,1257.79,1260.65
3954,maize,10.356,9.8997,-0.036141,1.051244,0.0677,0.481,730.0,40.0,100.03,7167.2,1313.79,1259.57
3955,maize,6.7221,9.8745,-0.183638,10.274276,0.0656,0.5239,730.0,70.0,100.03,5426.3,848.57,1255.42
3956,maize,12.1932,9.8907,0.024768,0.543505,0.0646,0.4676,730.0,40.0,100.03,7249.0,1334.26,1255.79
3957,maize,9.0785,9.868,-0.002352,0.283163,0.0549,0.2532,730.0,0.0,100.03,7294.3,1385.57,1255.83
3958,maize,11.0844,9.9002,0.011447,0.6156,0.0524,0.356,730.0,95.0,100.03,7202.4,1267.59,1257.48
3959,maize,12.5991,9.9152,0.092885,1.477846,0.1182,0.4633,732.0,110.0,100.03,7606.0,1352.29,1258.11
3960,maize,4.9256,9.8488,-0.178169,9.541174,0.0986,0.4205,730.0,50.0,100.03,5294.5,835.64,1253.65
3961,maize,12.252,9.8964,0.057982,0.726534,0.0846,0.4932,730.0,140.0,100.03,6949.1,1159.28,1254.15
3962,maize,10.4229,9.9396,0.009979,0.253366,0.099,0.4213,732.0,90.0,100.03,7456.2,1334.84,1256.49
3963,maize,9.3744,9.9127,-0.024151,0.444376,0.0662,0.4553,740.0,50.0,100.03,6892.1,1229.04,1256.13
3964,maize,9.6378,9.9375,0.026778,0.375258,0.1005,0.3632,730.0,130.0,100.03,6998.7,1181.68,1256.8
3965,maize,12.0857,9.9429,0.051648,1.028809,0.0728,0.4312,730.0,40.0,100.03,7323.4,1352.86,1257.14
3966,maize,7.4568,9.9005,-0.103684,2.337702,0.0816,0.3555,740.0,100.0,100.03,6709.2,1133.29,1255.9
3967,maize,11.048,9.9033,0.017406,0.262674,0.0726,0.5075,732.0,65.0,100.03,7320.1,1325.82,1255.8
3968,maize,7.0172,9.8427,-0.11538,3.3253,0.0806,0.5004,732.0,25.0,100.03,6603.5,1186.66,1254.1
3969,maize,11.4276,9.8558,0.022168,0.610004,0.1194,0.4105,730.0,30.0,100.03,7411.7,1384.91,1255.78
3970,maize,9.5937,9.8981,-0.062136,0.791701,0.0935,0.4482,740.0,50.0,100.03,7396.0,1354.99,1259.8
3971,maize,9.893,9.9112,-0.011746,0.630024,0.1026,0.4685,732.0,100.0,100.03,7100.0,1235.81,1260.46
3972,maize,11.8362,9.924,0.028139,0.579415,0.1044,0.4145,732.0,50.0,100.03,7766.2,1452.34,1261.8
3973,maize,11.21,9.9296,-0.023751,0.545395,0.0848,0.5012,730.0,60.0,100.03,7565.5,1393.39,1263.54
3974,maize,8.7094,9.9478,-0.044209,1.521247,0.0696,0.32,730.0,20.0,100.03,7046.4,1303.59,1265.03
3975,maize,8.7994,9.9347,-0.038547,0.515323,0.1046,0.3621,732.0,20.0,100.03,6476.6,1159.96,1263.76
3976,maize,9.9317,9.9598,0.01191,0.183296,0.101,0.4493,742.0,100.0,100.03,7331.6,1287.69,1265.19
3977,maize,4.0014,9.889,-0.173049,11.454711,0.067,0.3177,730.0,80.0,100.03,5421.5,837.37,1259.97
3978,maize,14.5797,9.9429,0.223442,5.132782,0.0943,0.5411,730.0,30.0,100.03,7714.0,1460.51,1263.73
3979,maize,16.0623,9.9866,0.304194,7.703302,0.1179,0.4446,732.0,45.0,100.03,8369.2,1608.1,1266.65
3980,maize,7.8331,9.9456,-0.047064,2.656707,0.0941,0.5168,740.0,0.0,100.03,6187.4,1102.85,1263.84
3981,maize,3.6405,9.9153,-0.302015,13.56527,0.1053,0.5758,742.0,100.0,100.03,4986.2,701.34,1260.74
3982,maize,11.404,9.9077,0.126214,2.40163,0.1064,0.5306,732.0,10.0,100.03,7038.6,1310.44,1260.07
3983,maize,13.5797,9.9194,0.27201,5.246093,0.1294,0.5268,730.0,100.0,100.03,8049.1,1474.27,1260.78
3984,maize,8.9623,9.9031,0.032661,0.572991,0.0924,0.5025,730.0,75.0,100.03,6744.5,1173.13,1259.81
3985,maize,7.0963,9.8884,-0.045859,1.62873,0.0791,0.3232,740.0,60.0,100.03,6119.2,1025.79,1258.77
3986,maize,6.8176,9.8311,-0.087931,4.522497,0.078,0.4903,732.0,40.0,100.03,5809.7,973.21,1254.77
3987,maize,9.1457,9.7957,0.040608,0.307769,0.1107,0.5446,742.0,100.0,100.03,6729.6,1137.19,1252.63
3988,maize,10.75,9.8157,0.155473,1.888512,0.1181,0.5645,742.0,175.0,100.03,7405.3,1231.13,1253.15
3989,maize,12.3668,9.9042,0.197498,4.331749,0.1429,0.5518,732.0,50.0,100.03,7244.9,1322.01,1257.26
3990,maize,10.8319,9.886,0.065918,0.837411,0.1085,0.554,732.0,120.0,100.03,6576.9,1085.03,1254.39
3991,maize,11.7224,9.8707,0.10211,2.022034,0.1096,0.5415,740.0,80.0,100.03,7404.3,1327.08,1252.92
3992,maize,11.8733,9.8759,0.047201,0.875912,0.1453,0.6172,730.0,140.0,100.03,7135.3,1205.82,1251.14
3993,maize,9.3719,9.8598,-0.008405,0.332472,0.0932,0.6157,732.0,100.0,100.03,7152.1,1248.82,1250.48
3994,maize,4.0114,9.8278,-0.201652,12.711499,0.0852,0.575,730.0,30.0,100.03,4794.5,730.64,1246.56
3995,maize,6.2179,9.7826,-0.329305,6.39573,0.1319,0.5991,770.0,60.0,100.03,6789.1,1175.28,1244.53
3996,maize,11.5538,9.7968,0.027284,0.93373,0.1336,0.6285,730.0,90.0,100.03,6965.1,1213.28,1243.24
3997,maize,9.6301,9.7788,-0.127876,1.275488,0.1221,0.7625,732.0,135.0,100.03,6873.9,1144.28,1240.95
3998,maize,8.2373,9.7585,-0.089274,0.785372,0.1201,0.5788,730.0,140.0,100.03,6872.4,1140.1,1239.47
3999,maize,5.4101,9.7258,-0.105349,3.455967,0.0809,0.6532,730.0,60.0,100.03,6145.0,1038.25,1238.86
4000,maize,11.5526,9.7577,0.037537,0.692404,0.1204,0.7885,730.0,140.0,100.03,7732.7,1355.17,1240.45
4001,maize,10.4584,9.7458,-4.8e-05,0.280067,0.1321,0.7762,732.0,70.0,100.03,7365.2,1332.11,1240.36
4002,maize,12.6297,9.8,0.113398,1.280185,0.1322,0.7124,730.0,80.0,100.03,7580.5,1377.13,1241.88
4003,maize,9.7738,9.7998,-0.009421,0.626474,0.1206,0.6286,730.0,120.0,100.03,7018.7,1196.68,1241.8
4004,maize,7.3093,9.7804,-0.067398,1.140182,0.1179,0.5859,740.0,150.0,100.03,6762.8,1096.7,1239.81
4005,maize,12.1122,9.8048,0.125627,1.387439,0.1345,0.8313,730.0,65.0,100.03,7799.3,1446.83,1242.07
4006,maize,5.9544,9.7194,-0.227353,3.947927,0.1148,0.7969,750.0,110.0,100.03,6433.1,1048.28,1237.61
4007,maize,10.2118,9.7408,0.024916,0.260865,0.1069,0.8653,732.0,105.0,100.03,7278.5,1275.44,1238.47
4008,maize,11.8062,9.766,0.068373,0.632838,0.1413,0.858,730.0,155.0,100.03,7183.6,1202.9,1238.46
4009,maize,9.6393,9.793,-0.05322,0.980354,0.1085,0.9095,762.0,105.0,100.03,6933.2,1171.11,1238.63
4010,maize,9.9647,9.8215,0.024581,0.718141,0.1087,0.7874,732.0,10.0,100.03,6769.3,1243.13,1240.91
4011,maize,14.0942,9.8359,0.201412,2.426126,0.1283,0.8997,732.0,120.0,100.03,7698.9,1365.52,1239.18
4012,maize,13.3477,9.8803,0.119202,1.553135,0.1307,0.7691,732.0,165.0,100.03,7796.5,1344.94,1241.0
4013,maize,14.0641,9.9249,0.14617,3.778768,0.14,0.8214,730.0,75.0,100.03,8136.8,1521.2,1242.71
4014,maize,11.5342,9.96,-0.003817,0.248537,0.1229,0.8966,730.0,130.0,100.03,7098.2,1206.55,1243.26
4015,maize,5.3662,9.937,-0.306458,13.068829,0.1123,0.8075,730.0,100.0,100.03,5525.7,843.44,1240.35
4016,maize,9.7882,9.946,-0.126983,1.741769,0.1223,0.8084,732.0,90.0,100.03,7097.1,1245.08,1239.88
4017,maize,12.9479,9.9745,0.06525,0.823358,0.1143,0.9484,736.0,220.0,100.03,7772.5,1281.53,1240.56
4018,maize,11.2749,9.9796,-0.022482,0.323937,0.1295,0.9835,730.0,145.0,100.03,7421.1,1272.26,1239.27
4019,maize,8.7745,9.9182,-0.14054,1.449449,0.0984,0.9771,730.0,170.0,100.03,6971.6,1134.91,1234.53
4020,maize,12.1744,9.9606,-0.027902,0.476252,0.124,0.9695,732.0,140.0,100.03,7482.6,1291.44,1235.36
4021,maize,12.1977,10.0174,0.0577,0.599602,0.1351,0.9597,730.0,130.0,100.03,7270.9,1249.72,1236.12
4022,maize,12.4513,10.0684,0.039899,0.205515,0.1403,1.0553,730.0,110.0,100.03,7476.6,1321.15,1237.41
4023,maize,7.8753,10.0606,-0.121492,2.455029,0.101,1.0669,732.0,75.0,100.03,6657.0,1150.05,1237.22
4024,maize,10.7746,10.0901,0.033867,0.549069,0.0995,1.1167,750.0,160.0,100.03,7375.9,1233.98,1238.62
4025,maize,13.0358,10.1398,0.180479,1.194085,0.141,1.0812,730.0,190.0,100.03,7579.5,1266.88,1239.88
4026,maize,8.8754,10.1465,-0.081352,0.845317,0.1309,1.1641,730.0,140.0,100.03,6774.3,1115.57,1239.24
4027,maize,5.067,10.0774,-0.35645,10.040783,0.1272,1.16,730.0,245.0,100.03,5281.9,637.48,1231.75
4028,maize,11.3608,10.075,0.095414,0.611464,0.1294,1.0775,730.0,165.0,100.03,6663.3,1062.84,1229.24
4029,maize,10.2393,10.138,0.060561,0.511757,0.1153,1.2094,734.0,200.0,100.03,7315.5,1188.47,1231.29
4030,maize,2.3176,10.0436,-0.521628,17.980833,0.131,1.1715,734.0,115.0,100.03,4866.8,661.31,1224.82
4031,maize,10.6145,10.0099,0.029369,0.273038,0.1469,1.2652,742.0,120.0,100.03,7193.6,1233.19,1221.9
4032,maize,10.9648,9.9766,0.0683,0.753851,0.1137,1.2519,734.0,55.0,100.03,7735.3,1438.43,1221.81
4033,maize,9.6413,10.0118,-0.057933,1.674277,0.1235,1.2614,730.0,200.0,100.03,7109.0,1139.24,1223.31
4034,maize,11.804,9.9989,0.0083,0.545849,0.1372,1.3178,736.0,175.0,100.03,7760.3,1323.48,1222.41
4035,maize,8.7928,10.0076,-0.142281,2.46248,0.1351,1.2489,736.0,170.0,100.03,6296.5,962.52,1221.53
4036,maize,6.711,10.003,-0.206734,3.939939,0.129,1.3224,740.0,135.0,100.03,6427.6,1027.89,1220.79
4037,maize,7.4084,9.9608,-0.339063,7.728773,0.145,1.2912,730.0,195.0,100.03,5513.6,745.41,1214.36
4038,maize,6.7608,9.9424,-0.301319,5.467619,0.1339,1.3452,732.0,150.0,100.03,6003.1,911.59,1211.98
4039,maize,9.4303,9.9487,-0.006367,0.690286,0.1379,1.3023,732.0,320.0,100.03,6859.1,955.58,1209.83
4040,maize,5.5217,9.9207,-0.288708,4.338432,0.1356,1.3804,730.0,265.0,100.03,6555.5,935.87,1206.76
4041,maize,9.241,9.8916,-0.000795,0.173459,0.1519,1.3202,730.0,355.0,100.03,6902.5,932.62,1200.82
4042,maize,8.7227,9.8448,0.151589,1.336718,0.1144,1.3141,730.0,265.0,100.03,6888.9,1019.21,1196.98
4043,maize,6.4635,9.8377,-0.16623,1.29994,0.1445,1.4167,732.0,300.0,100.03,6441.8,871.24,1193.6
4044,maize,12.0142,9.8361,0.305672,4.435985,0.1439,1.3215,732.0,250.0,100.03,7492.3,1183.87,1190.98
4045,maize,8.2242,9.7601,-0.024001,0.526815,0.1379,1.4191,734.0,275.0,100.03,7353.0,1122.84,1186.98
4046,maize,11.4307,9.7529,0.201331,3.002821,0.1433,1.4093,730.0,210.0,100.03,7082.5,1122.61,1184.52
4047,maize,10.8855,9.7427,0.273005,3.131439,0.1425,1.3688,742.0,150.0,100.03,7114.4,1183.4,1183.34
4048,maize,12.9646,9.7497,0.444078,6.563304,0.144,1.3526,732.0,340.0,100.03,7620.7,1125.97,1180.3
4049,maize,9.186,9.76,0.041013,1.065402,0.1394,1.3524,772.0,185.0,100.03,7532.7,1234.97,1181.17
4050,maize,13.3625,9.7785,0.461882,7.699798,0.1634,1.272,732.0,165.0,100.03,7650.3,1308.37,1180.12
4051,maize,11.0635,9.8058,0.21895,1.938492,0.1458,1.351,732.0,325.0,100.03,7125.7,1017.23,1176.88
4052,maize,12.9263,9.8484,0.281741,2.517837,0.1726,1.379,742.0,180.0,100.03,7750.8,1312.5,1179.85
4053,maize,10.9725,9.8683,0.01092,0.46721,0.1402,1.4136,734.0,205.0,100.03,7533.7,1238.01,1179.66
4054,maize,9.6264,9.861,0.018146,0.431241,0.1532,1.4324,730.0,185.0,100.03,7245.8,1188.44,1178.4
4055,maize,2.2643,9.8165,-0.566031,14.197284,0.1438,1.3702,760.0,170.0,100.03,5747.3,810.84,1178.03
4056,maize,7.3295,9.7678,-0.301601,3.968606,0.1579,1.4436,742.0,260.0,100.03,6758.4,984.4,1174.53
4057,maize,7.3979,9.751,-0.287812,5.012184,0.1811,1.4223,732.0,200.0,100.03,6132.9,894.01,1169.61
4058,maize,12.1566,9.7617,0.035209,0.40265,0.1889,1.4604,732.0,245.0,100.03,7372.3,1158.88,1168.52
4059,maize,11.6563,9.7523,-0.179469,1.605175,0.1783,1.4403,752.0,315.0,100.03,7723.9,1164.78,1166.65
4060,maize,11.8852,9.8219,0.056965,0.359641,0.1764,1.445,730.0,255.0,100.03,7373.5,1150.37,1169.8
4061,maize,12.0617,9.82,-0.023091,1.583129,0.199,1.3992,732.0,155.0,100.03,7104.2,1181.86,1170.02
4062,maize,13.8213,9.854,0.067832,0.918895,0.2039,1.4473,730.0,220.0,100.03,7373.2,1185.31,1168.53
4063,maize,10.4682,9.8649,-0.154213,3.244781,0.1912,1.3963,730.0,250.0,100.03,6749.9,999.47,1166.23
4064,maize,7.6441,9.845,-0.23848,2.228249,0.1792,1.4409,742.0,210.0,100.03,7027.7,1101.73,1165.43
4065,maize,3.8808,9.7629,-0.711962,14.168001,0.197,1.4604,756.0,275.0,100.03,6083.8,792.35,1159.83
4066,maize,11.2112,9.8005,0.065611,0.441312,0.1706,1.4156,742.0,195.0,100.03,7232.8,1168.0,1160.17
4067,maize,12.8773,9.8188,0.080531,1.348086,0.1657,1.4133,736.0,285.0,100.03,7762.8,1214.11,1159.06
4068,maize,9.8366,9.847,0.02593,1.528975,0.1771,1.4313,734.0,185.0,100.03,7231.6,1182.49,1159.01
4069,maize,6.6262,9.799,-0.437724,8.965159,0.1985,1.2874,740.0,215.0,100.03,5721.0,771.25,1152.88
4070,maize,14.5954,9.849,0.327854,5.60265,0.1658,1.3761,730.0,270.0,100.03,7854.1,1255.52,1151.88
4071,maize,10.9033,9.8591,0.147718,1.122963,0.1706,1.4378,748.0,320.0,100.03,7409.4,1083.55,1150.36
4072,maize,11.3324,9.854,-0.057469,1.092928,0.1765,1.4797,764.0,160.0,100.03,7867.2,1348.4,1149.32
4073,maize,11.8911,9.8609,0.048636,0.405858,0.1962,1.4417,734.0,210.0,100.03,7412.8,1202.79,1147.42
4074,maize,5.8205,9.832,-0.515767,8.052015,0.1716,1.3631,734.0,330.0,100.03,5463.0,595.35,1140.33
4075,maize,8.5391,9.8294,-0.265377,3.040286,0.1741,1.4144,734.0,190.0,100.03,6377.6,964.01,1138.37
4076,maize,8.1551,9.8116,-0.18354,2.714951,0.1535,1.404,742.0,170.0,100.03,6446.1,996.32,1135.46
4077,maize,9.6015,9.8676,-0.135441,0.986623,0.1603,1.4322,732.0,230.0,100.03,7190.0,1128.31,1138.37
4078,maize,11.8151,9.84,0.062604,0.299783,0.1755,1.3729,734.0,210.0,100.03,7659.0,1264.34,1136.41
4079,maize,-8.0898,9.5984,-0.590681,37.506142,0.0064,1.2024,172.0,80.0,100.03,0.0,-183.2,1118.49
4080,maize,8.6478,9.6066,-0.266923,3.271967,0.1625,1.4359,734.0,255.0,100.03,6158.3,844.17,1115.91
4081,maize,8.9196,9.6594,-0.11178,0.992673,0.1496,1.3738,734.0,340.0,100.03,6668.5,886.73,1117.76
4082,maize,9.3547,9.6389,-0.008042,0.867346,0.1494,1.4162,736.0,295.0,100.03,7108.2,1040.44,1115.06
4083,maize,10.3009,9.6061,-0.00153,0.336191,0.177,1.3611,730.0,295.0,100.03,6795.4,965.84,1109.98
4084,maize,12.5863,9.6423,0.330575,3.110452,0.1753,1.3955,732.0,210.0,100.03,7467.0,1217.56,1110.42
4085,maize,9.5887,9.6673,0.056774,1.144405,0.1345,1.3965,732.0,245.0,100.03,6986.1,1062.32,1110.79
4086,maize,11.6109,9.7152,0.174842,1.01296,0.1779,1.397,734.0,160.0,100.03,7292.4,1222.71,1113.28
4087,maize,11.5997,9.7397,0.157047,1.039865,0.1672,1.4224,732.0,230.0,100.03,7568.7,1222.96,1114.14
4088,maize,7.9201,9.7114,-0.154837,1.036291,0.174,1.3844,752.0,260.0,100.03,7149.1,1076.08,1112.59
4089,maize,7.8995,9.6668,-0.186059,2.194287,0.1644,1.4269,732.0,175.0,100.03,6481.5,1006.17,1109.43
4090,maize,9.7442,9.6559,-0.008397,0.323308,0.1583,1.3964,732.0,190.0,100.03,7196.1,1169.82,1110.28
4091,maize,4.8063,9.5867,-0.303649,5.000616,0.1571,1.3341,730.0,280.0,100.03,6162.6,822.65,1105.23
4092,maize,8.6378,9.5544,-0.060833,0.697837,0.1654,1.4294,732.0,145.0,100.03,6789.8,1113.24,1104.31
4093,maize,12.0407,9.581,0.134981,0.741476,0.2013,1.3707,734.0,135.0,100.03,6325.1,1005.86,1101.88
4094,maize,7.4651,9.6156,-0.052587,0.810068,0.1662,1.3473,730.0,200.0,100.03,6857.0,1076.25,1105.34
4095,maize,11.495,9.6684,0.2202,1.534675,0.2023,1.357,736.0,180.0,100.03,7380.9,1223.62,1105.82
4096,maize,11.7612,9.6704,0.305737,2.644602,0.19,1.404,736.0,290.0,100.03,7399.2,1118.19,1104.87
4097,maize,11.497,9.6891,0.198629,1.587286,0.2005,1.365,734.0,250.0,100.03,7478.7,1179.28,1105.22
4098,maize,14.3859,9.7506,0.293256,5.002811,0.2098,1.2295,742.0,80.0,100.03,8029.6,1482.2,1108.64
4099,maize,8.1994,9.7785,0.007414,0.607169,0.1659,1.2901,740.0,220.0,100.03,6887.3,1057.82,1108.83
4100,maize,10.0064,9.763,0.055623,1.035877,0.1863,1.319,734.0,200.0,100.03,6916.3,1088.66,1106.17
4101,maize,8.9332,9.7478,-0.002541,0.434473,0.1493,1.3206,732.0,210.0,100.03,6719.2,1030.59,1103.15
4102,maize,8.4928,9.7064,-0.019056,0.572248,0.1853,1.3123,734.0,200.0,100.03,6538.5,994.23,1099.33
4103,maize,13.01,9.7388,0.287684,2.692114,0.1819,1.3252,740.0,135.0,100.03,7680.5,1341.13,1100.77
4104,maize,11.032,9.776,0.164734,1.549523,0.1731,1.2946,746.0,160.0,100.03,7477.7,1261.83,1102.42
4105,maize,11.3272,9.7681,0.115971,0.812489,0.1942,1.2349,734.0,190.0,100.03,7199.9,1169.58,1099.65
4106,maize,7.3698,9.7823,-0.095041,1.359123,0.1635,1.2177,732.0,195.0,100.03,6437.1,975.07,1098.92
4107,maize,7.7946,9.7581,-0.293208,2.779486,0.1895,1.2399,772.0,165.0,100.03,6906.1,1098.34,1097.15
4108,maize,9.4285,9.7343,-0.07084,0.647828,0.2046,1.2196,756.0,215.0,100.03,7612.6,1234.54,1097.46
4109,maize,8.9121,9.7271,-0.124757,0.878031,0.2069,1.2138,736.0,240.0,100.03,6491.6,941.29,1095.16
4110,maize,8.4457,9.7119,-0.097497,0.953242,0.1769,1.2189,742.0,190.0,100.03,6678.1,1034.32,1093.08
4111,maize,4.8115,9.6191,-0.483673,6.416674,0.2041,1.2225,734.0,205.0,100.03,5914.3,833.17,1087.75
4112,maize,10.7879,9.5935,0.18491,1.76873,0.183,1.1546,741.0,140.0,100.03,7388.9,1262.62,1086.93
4113,maize,9.3863,9.5467,0.019133,0.613694,0.1886,1.2006,740.0,240.0,100.03,7080.3,1086.07,1082.58
4114,maize,11.9864,9.5512,0.313118,3.554122,0.2005,1.1515,742.0,165.0,100.03,7659.2,1304.6,1083.56
4115,maize,10.2427,9.6,0.107039,1.163295,0.1945,1.2322,736.0,170.0,100.03,7088.2,1160.44,1086.73
4116,maize,9.7528,9.5996,0.196666,1.245833,0.1877,1.129,744.0,110.0,100.03,7384.0,1289.61,1087.17
4117,maize,8.1182,9.5513,0.048633,0.327502,0.18,1.0499,740.0,75.0,100.03,6994.4,1229.59,1086.65
4118,maize,6.3179,9.5017,-0.085605,2.851925,0.1707,1.0782,734.0,215.0,100.03,5882.9,815.32,1082.08
4119,maize,12.1944,9.5359,0.244887,2.200534,0.185,1.1012,734.0,130.0,100.03,7612.4,1332.7,1084.06
4120,maize,10.9397,9.5236,0.171536,0.918082,0.1932,1.1166,750.0,205.0,100.03,7286.5,1166.64,1082.81
4121,maize,3.7909,9.4395,-0.172618,5.906819,0.1437,0.9693,730.0,140.0,100.03,6565.6,1063.39,1080.95
4122,maize,13.2976,9.448,0.216155,2.491176,0.1958,1.1856,735.0,110.0,100.03,7875.7,1417.93,1081.92
4123,maize,8.2969,9.4522,-0.153852,1.304304,0.167,1.1381,734.0,195.0,100.03,6597.7,1014.03,1080.56
4124,maize,11.9535,9.464,0.090453,0.455702,0.1968,1.1807,736.0,205.0,100.03,7764.6,1294.54,1081.16
4125,maize,10.5178,9.4388,-0.052666,0.537172,0.1657,1.1974,732.0,120.0,100.03,7385.0,1287.05,1081.37
4126,maize,13.8574,9.4886,0.122859,1.696509,0.2042,1.1362,732.0,90.0,100.03,7816.4,1424.89,1084.46
4127,maize,9.4543,9.5325,-0.020468,0.483971,0.1819,0.9845,730.0,140.0,100.03,7126.1,1203.53,1090.12
4128,maize,11.0427,9.5293,-0.071529,3.458132,0.2086,0.901,736.0,100.0,100.03,6090.4,981.0,1089.3
4129,maize,10.7919,9.5349,-0.195004,1.131202,0.1626,1.2494,736.0,240.0,100.03,7062.3,1083.98,1088.26
4130,maize,4.5268,9.5569,-0.503182,13.218254,0.2022,1.014,730.0,110.0,100.03,5788.6,899.14,1090.64
4131,maize,11.4269,9.5651,0.058316,0.943898,0.1764,1.0989,742.0,310.0,100.03,7333.3,1078.12,1089.08
4132,maize,12.2543,9.578,0.089638,0.552148,0.2088,1.1597,734.0,135.0,100.03,7493.2,1297.9,1087.68
4133,maize,9.5706,9.5773,-0.107929,1.186656,0.19,0.9332,730.0,90.0,100.03,7287.1,1293.76,1089.22
4134,maize,10.3054,9.5623,-0.010424,0.422802,0.1924,1.0964,730.0,155.0,100.03,7263.4,1222.86,1088.22
4135,maize,12.8851,9.6032,0.084216,0.638667,0.2124,1.0986,736.0,115.0,100.03,7299.9,1268.39,1091.28
4136,maize,10.4459,9.6405,0.04726,0.385018,0.1874,1.1331,740.0,140.0,100.03,7563.0,1306.76,1094.07
4137,maize,9.9227,9.6657,-0.041723,0.346878,0.1854,1.1006,740.0,135.0,100.03,6914.9,1149.72,1098.11
4138,maize,9.8743,9.6968,0.000672,0.278641,0.1996,1.1467,734.0,155.0,100.03,7095.4,1178.45,1100.78
4139,maize,1.9375,9.6219,-0.40754,13.441905,0.1356,0.9087,750.0,130.0,100.03,5350.0,757.51,1098.8
4140,maize,11.4326,9.681,0.049541,0.962576,0.1926,1.1967,735.0,160.0,100.03,7420.8,1254.2,1101.98
4141,maize,10.2761,9.6914,0.007015,0.822158,0.215,1.1868,732.0,125.0,100.03,6768.6,1127.96,1103.93
4142,maize,15.8679,9.7628,0.457526,5.918395,0.2025,1.0964,736.0,220.0,100.03,8095.3,1362.24,1107.36
4143,maize,6.0039,9.7582,-0.25808,3.424381,0.2016,1.1733,762.0,195.0,100.03,6432.6,955.96,1108.21
4144,maize,8.1987,9.7201,-0.037682,0.750812,0.2094,1.1516,732.0,120.0,100.03,6839.4,1150.66,1107.88
4145,maize,11.3439,9.7513,0.091612,1.534677,0.1546,1.1183,746.0,155.0,100.03,6701.5,1072.77,1107.38
4146,maize,13.1968,9.7689,0.234606,3.21657,0.2094,1.0165,732.0,180.0,100.03,8060.0,1395.79,1110.11
4147,maize,9.272,9.7528,-0.010524,0.761772,0.2043,1.1544,732.0,165.0,100.03,6113.7,924.22,1107.52
4148,maize,11.5004,9.7381,0.153681,1.124115,0.2092,1.205,740.0,130.0,100.03,7058.9,1190.72,1108.17
4149,maize,8.2265,9.7285,-0.099263,1.027671,0.2174,1.1842,754.0,175.0,100.03,7275.3,1191.43,1107.73
4150,maize,3.6648,9.6316,-0.290788,7.985958,0.1675,1.0777,730.0,65.0,100.03,5387.5,843.87,1103.08
4151,maize,6.2346,9.5833,-0.189181,3.032339,0.1902,1.0908,730.0,210.0,100.03,5963.7,842.93,1101.34
4152,maize,9.8182,9.5522,-0.021284,1.061445,0.179,1.1331,744.0,195.0,100.03,7008.1,1110.62,1099.32
4153,maize,8.0948,9.5234,-0.039115,1.524828,0.1826,1.0372,736.0,100.0,100.03,6114.2,986.95,1096.81
4154,maize,9.9918,9.5271,0.122393,0.92087,0.2097,1.1274,744.0,215.0,100.03,6210.0,891.09,1093.84
4155,maize,9.1634,9.5961,0.09573,0.606074,0.2019,1.1781,734.0,130.0,100.03,6898.9,1154.32,1097.27
4156,maize,12.2717,9.6455,0.371299,5.363129,0.2078,1.1809,732.0,195.0,100.03,7587.7,1262.73,1100.06
4157,maize,11.305,9.6846,0.170543,0.849832,0.2278,1.2788,730.0,395.0,100.03,7495.0,1040.75,1101.52
4158,maize,9.2101,9.6551,0.11683,0.621313,0.2374,1.213,734.0,115.0,100.03,7140.4,1229.71,1102.23
4159,maize,11.127,9.6498,0.107792,0.501473,0.2308,1.2577,752.0,165.0,100.03,6764.9,1075.01,1101.34
4160,maize,11.6336,9.6473,0.15589,1.010723,0.2202,1.2418,730.0,185.0,100.03,7485.5,1248.37,1102.32
4161,maize,8.5312,9.612,-0.168055,3.086717,0.2093,1.243,734.0,330.0,100.03,6388.1,826.63,1098.76
4162,maize,8.9557,9.5633,-0.147693,1.296843,0.2232,1.1696,732.0,320.0,100.03,7012.4,993.9,1096.85
4163,maize,12.5221,9.5839,0.024503,1.25286,0.2187,1.2084,730.0,200.0,100.03,7844.7,1323.16,1100.09
4164,maize,6.9753,9.5772,-0.393793,8.077309,0.2181,1.2021,738.0,230.0,100.03,5315.1,655.97,1095.63
4165,maize,12.7706,9.6661,0.07276,0.475161,0.2308,1.2596,730.0,210.0,100.03,7525.4,1233.34,1100.04
4166,maize,4.5105,9.5991,-0.831882,13.207608,0.2145,1.2075,788.0,300.0,100.03,6191.7,775.13,1096.11
4167,maize,6.6229,9.5365,-0.312197,5.512773,0.1918,1.1823,740.0,170.0,100.03,6518.2,1015.55,1094.12
4168,maize,4.7379,9.4855,-0.37445,7.64461,0.1803,0.871,752.0,220.0,100.03,6339.2,913.59,1091.43
4169,maize,7.9941,9.4992,-0.284927,2.796223,0.1935,1.1637,762.0,190.0,100.03,6922.5,1083.44,1094.56
4170,maize,11.959,9.4728,0.097083,1.754588,0.244,1.0842,762.0,285.0,100.03,7297.8,1082.24,1092.82
4171,maize,10.3282,9.4671,-0.089931,0.766778,0.21,1.0337,736.0,230.0,100.03,6429.9,935.88,1091.35
4172,maize,9.6173,9.4499,-0.019101,0.296821,0.2244,1.0826,786.0,145.0,100.03,7401.8,1233.86,1090.2
4173,maize,5.2009,9.383,-0.380687,6.659097,0.215,1.0356,746.0,165.0,100.03,5708.5,814.53,1086.32
4174,maize,9.0862,9.4157,-0.000107,0.32889,0.2271,1.0291,740.0,65.0,100.03,6990.8,1238.71,1092.75
4175,maize,7.446,9.4048,-0.122046,1.319066,0.2024,1.1254,740.0,265.0,100.03,6209.2,843.31,1091.55
4176,maize,14.1894,9.4651,0.338773,6.01248,0.2259,1.0673,734.0,65.0,100.03,8320.4,1574.71,1097.33
4177,maize,10.1989,9.4711,0.166607,2.230207,0.189,1.0366,742.0,185.0,100.03,7082.5,1140.42,1097.45
4178,maize,9.6226,9.4492,0.186702,1.57873,0.1884,1.0514,734.0,110.0,100.03,6690.3,1122.19,1096.03
4179,maize,10.9248,9.6393,0.227285,2.567751,0.1913,0.9766,732.0,115.0,100.03,7168.7,1237.98,1110.24
4180,maize,9.9187,9.652,0.202037,1.464914,0.1776,0.9072,738.0,140.0,100.03,7405.9,1268.66,1114.49
4181,maize,6.6775,9.6296,-0.08888,1.020266,0.1674,1.0003,730.0,195.0,100.03,5974.2,860.54,1114.22
4182,maize,12.016,9.6562,0.227998,3.392402,0.1642,0.976,752.0,20.0,100.03,7597.4,1428.15,1118.1
4183,maize,10.6879,9.6601,0.190611,1.680858,0.1879,0.8057,732.0,160.0,100.03,7705.7,1327.24,1121.71
4184,maize,11.9264,9.6535,0.190329,2.408642,0.181,0.9414,732.0,75.0,100.03,7500.4,1360.9,1123.15
4185,maize,10.7516,9.6651,0.078628,0.732287,0.1417,0.8796,736.0,105.0,100.03,7466.7,1320.09,1125.73
4186,maize,9.2557,9.6416,-0.054578,0.452256,0.1831,0.9137,732.0,115.0,100.03,6500.2,1070.85,1124.21
4187,maize,11.2658,9.6382,0.113819,0.445276,0.1714,0.8395,734.0,155.0,100.03,6507.0,1031.36,1122.29
4188,maize,12.6606,9.6856,0.069652,1.238576,0.1938,0.847,736.0,40.0,100.03,7979.5,1513.28,1126.66
4189,maize,9.654,9.7032,-0.061879,0.673423,0.1839,0.8723,734.0,110.0,100.03,6832.7,1157.77,1128.18
4190,maize,11.1667,9.7174,-0.128058,1.873464,0.1704,0.7187,740.0,100.0,100.03,6855.8,1169.96,1128.18
4191,maize,11.3662,9.783,-0.166151,1.3443,0.184,0.8535,730.0,105.0,100.03,7352.9,1295.22,1132.91
4192,maize,13.0536,9.8271,0.063725,0.572102,0.1753,0.8099,732.0,160.0,100.03,7401.6,1251.19,1134.29
4193,maize,11.3518,9.8203,0.028966,0.262521,0.1748,0.8506,732.0,40.0,100.03,7352.1,1358.82,1137.82
4194,maize,2.1621,9.7672,-0.65603,25.853039,0.1732,0.8009,752.0,110.0,100.03,4889.0,661.04,1133.66
4195,maize,9.056,9.7428,-0.172925,2.071866,0.1619,0.84,732.0,100.0,100.03,6760.0,1150.79,1132.93
4196,maize,11.8674,9.7439,-0.04102,0.586324,0.1653,0.6696,732.0,160.0,100.03,7195.2,1199.61,1133.75
4197,maize,8.7852,9.7168,-0.150435,2.668998,0.1275,0.7054,730.0,80.0,100.03,6425.6,1088.4,1132.84
4198,maize,8.7179,9.6601,-0.143435,2.478103,0.1509,0.7274,734.0,125.0,100.03,6822.1,1140.13,1129.42
4199,maize,12.8841,9.707,0.127227,1.202986,0.161,0.7359,732.0,145.0,100.03,7579.5,1310.67,1131.95
4200,maize,10.3414,9.7103,-0.073272,1.467809,0.1118,0.7406,730.0,135.0,100.03,7104.9,1203.22,1133.09
4201,maize,10.2406,9.7234,-0.049966,0.515805,0.1443,0.6684,734.0,85.0,100.03,6955.9,1213.57,1134.92
4202,maize,12.8007,9.7665,0.147581,1.916812,0.1622,0.6522,730.0,60.0,100.03,7630.2,1409.56,1139.08
4203,maize,11.6485,9.7528,0.094229,1.733228,0.1226,0.6334,742.0,40.0,100.03,7262.7,1330.47,1138.97
4204,maize,7.785,9.7204,-0.036463,0.544065,0.1533,0.7068,732.0,75.0,100.03,6937.4,1220.16,1138.55
4205,maize,11.1531,9.7186,0.100119,0.539083,0.1275,0.7246,734.0,25.0,100.03,7409.6,1386.99,1140.73
4206,maize,8.9853,9.7348,-0.036066,0.387348,0.1451,0.6663,732.0,105.0,100.03,6651.8,1118.75,1142.16
4207,maize,10.1283,9.7581,0.008032,0.483886,0.142,0.6327,742.0,45.0,100.03,6792.9,1208.02,1143.26
4208,maize,9.6219,9.7601,0.039611,1.624553,0.1162,0.3987,750.0,100.0,100.03,7305.3,1276.32,1143.68
4209,maize,9.0799,9.7617,0.004232,0.456809,0.1449,0.6981,742.0,30.0,100.03,6503.0,1150.54,1145.77
4210,maize,8.5298,9.7626,-0.051758,0.664209,0.1299,0.5471,730.0,25.0,100.03,6812.7,1240.17,1147.83
4211,maize,14.335,9.8578,0.212038,5.06395,0.1339,0.6389,734.0,60.0,100.03,8041.2,1509.89,1154.6
4212,maize,11.4565,9.8645,0.115271,1.974973,0.1279,0.5438,732.0,10.0,100.03,7416.9,1405.03,1156.02
4213,maize,2.5013,9.7956,-0.36133,15.605507,0.12,0.6227,730.0,210.0,100.03,4473.5,470.38,1149.86
4214,maize,8.0123,9.7559,-0.049602,0.4088,0.103,0.631,732.0,120.0,100.03,7172.4,1233.89,1149.16
4215,maize,9.4356,9.7478,0.02642,0.321411,0.1426,0.6191,734.0,80.0,100.03,6880.2,1199.64,1149.55
4216,maize,9.643,9.7467,0.053842,0.882108,0.1332,0.4634,740.0,90.0,100.03,7404.2,1317.04,1149.82
4217,maize,11.4367,9.7799,0.061985,1.508142,0.1172,0.4798,730.0,25.0,100.03,7358.0,1376.49,1151.29
4218,maize,10.157,9.8183,0.034066,0.301611,0.1205,0.4146,742.0,20.0,100.03,6621.8,1190.26,1155.04
4219,maize,13.7027,9.8334,0.138419,3.476135,0.1349,0.3281,730.0,120.0,100.03,7712.6,1370.16,1155.42
4220,maize,11.5459,9.8395,0.04012,0.634721,0.1173,0.5305,734.0,40.0,100.03,7577.1,1413.87,1157.89
4221,maize,8.4449,9.886,-0.062709,0.959051,0.1278,0.4589,732.0,60.0,100.03,6439.6,1110.69,1158.36
4222,maize,4.8977,9.802,-0.181862,6.369548,0.1019,0.3989,730.0,40.0,100.03,6149.1,1059.28,1154.78
4223,maize,11.7592,9.8366,0.055817,1.056046,0.1102,0.474,732.0,50.0,100.03,7313.3,1339.13,1158.03
4224,maize,15.2538,9.8696,0.175913,2.114872,0.1213,0.3987,732.0,80.0,100.03,7680.8,1401.0,1159.09
4225,maize,5.118,9.8156,-0.377604,14.245416,0.0976,0.4902,732.0,20.0,100.03,5681.2,961.1,1155.83
4226,maize,15.1581,9.8286,0.13551,2.523735,0.1144,0.4283,732.0,120.0,100.03,8182.4,1486.41,1156.45
4227,maize,11.9946,9.854,-0.030406,0.388011,0.1058,0.4713,734.0,60.0,100.03,7607.1,1401.37,1158.43
4228,maize,5.7417,9.801,-0.341078,13.005488,0.1241,0.5895,732.0,55.0,100.03,5622.3,911.37,1157.73
4229,maize,9.1803,9.7849,-0.150521,4.104131,0.0981,0.5646,730.0,60.0,100.03,6603.6,1152.9,1158.42
4230,maize,10.6899,9.8465,-0.090267,1.315948,0.0875,0.5453,730.0,65.0,100.03,7156.4,1286.1,1162.29
4231,maize,12.1886,9.8542,-0.006241,0.729783,0.1159,0.5341,732.0,20.0,100.03,7465.4,1407.14,1165.58
4232,maize,7.3156,9.8048,-0.163724,3.963615,0.0986,0.4603,740.0,30.0,100.03,6738.8,1210.7,1164.71
4233,maize,6.8653,9.7777,-0.16902,2.953538,0.1067,0.4947,734.0,75.0,100.03,6558.9,1124.33,1163.01
4234,maize,14.0106,9.8148,0.114586,1.544372,0.1121,0.5361,734.0,45.0,100.03,7328.1,1346.62,1164.25
4235,maize,10.7035,9.793,-0.071795,0.436985,0.1013,0.5009,732.0,70.0,100.03,7002.7,1241.48,1163.98
4236,maize,12.5817,9.8143,0.098142,1.325138,0.111,0.5782,732.0,50.0,100.03,7468.5,1377.93,1164.69
4237,maize,10.6204,9.8213,0.005187,0.259006,0.1107,0.6013,730.0,80.0,100.03,7142.0,1267.5,1165.87
4238,maize,12.514,9.8477,0.118482,1.494568,0.1034,0.5543,742.0,10.0,100.03,7514.8,1423.51,1168.32
4239,maize,10.1772,9.9301,0.037243,0.627005,0.096,0.5558,730.0,60.0,100.03,7148.0,1289.01,1173.63
4240,maize,8.9002,9.9048,-0.01738,0.26149,0.0912,0.4509,745.0,40.0,100.03,7131.6,1295.89,1174.05
4241,maize,9.8317,9.9003,0.020829,0.200738,0.1104,0.5194,732.0,40.0,100.03,7179.8,1315.74,1175.93
4242,maize,11.2317,9.8539,0.047547,0.57844,0.1078,0.4776,730.0,20.0,100.03,7272.8,1360.2,1175.91
4243,maize,12.2272,9.9162,0.080624,1.023076,0.0956,0.3851,730.0,30.0,100.03,7840.0,1492.0,1181.27
4244,maize,10.9955,9.9442,-0.00477,0.296125,0.1027,0.5727,730.0,0.0,100.03,7104.7,1338.17,1183.14
4245,maize,12.4057,9.9548,0.050451,0.626044,0.0924,0.4433,730.0,10.0,100.03,7298.1,1376.52,1186.18
4246,maize,10.707,9.9299,-0.051133,0.645205,0.0933,0.4893,730.0,90.0,100.03,7184.8,1268.21,1184.91
4247,maize,12.7081,9.9642,0.010091,1.668027,0.1039,0.4636,730.0,0.0,100.03,7318.5,1391.63,1189.58
4248,maize,9.3978,9.9432,-0.100728,1.769691,0.1016,0.5004,732.0,40.0,100.03,7180.5,1315.92,1190.83
4249,maize,11.1209,9.9722,-0.057605,1.508122,0.1196,0.5687,732.0,65.0,100.03,6952.4,1233.9,1191.26
4250,maize,11.5,10.0505,0.001241,0.176195,0.1092,0.5733,732.0,15.0,100.03,7264.2,1361.86,1196.44
4251,maize,12.4309,10.1125,-0.003559,0.587437,0.0875,0.5284,732.0,50.0,100.03,7164.5,1301.94,1201.03
4252,maize,13.7507,10.1518,0.105324,1.49166,0.1295,0.5277,734.0,85.0,100.04,7220.5,1279.73,1202.72
4253,maize,8.1344,10.1522,-0.157898,3.302379,0.13,0.44,734.0,60.0,100.04,6670.0,1167.1,1204.52
4254,maize,9.9951,10.1522,-0.054561,0.674364,0.1176,0.568,734.0,70.0,100.04,7486.5,1361.24,1209.22
4255,maize,11.6823,10.1774,0.048562,0.533042,0.1202,0.5512,734.0,10.0,100.04,7426.9,1406.32,1211.74
4256,maize,5.0268,10.105,-0.299776,7.665516,0.1009,0.5755,732.0,80.0,100.03,5822.3,936.37,1208.48
4257,maize,8.828,10.0802,-0.005512,1.284052,0.098,0.437,732.0,10.0,100.03,7016.5,1304.93,1211.12
4258,maize,3.9461,10.0276,-0.261293,7.708675,0.1197,0.5043,736.0,70.0,100.03,5588.1,885.43,1207.68
4259,maize,12.0135,10.0364,0.048984,1.606307,0.0975,0.5593,734.0,10.0,100.03,7592.7,1447.77,1211.4
4260,maize,10.2248,10.0223,0.043456,0.535564,0.1262,0.5847,730.0,50.0,100.03,6985.1,1258.28,1211.5
4261,maize,7.6467,10.0135,-0.061853,0.806457,0.1063,0.5655,732.0,50.0,100.03,6722.6,1191.46,1215.15
4262,maize,10.8633,10.0326,0.092772,1.163953,0.1056,0.5014,730.0,30.0,100.03,7198.5,1331.61,1218.53
4263,maize,9.3865,10.0012,0.024942,1.285894,0.08,0.5248,730.0,70.0,100.03,6696.9,1166.23,1216.96
4264,maize,12.2197,10.0536,0.160665,2.341576,0.1349,0.5369,740.0,85.0,100.03,7735.0,1404.74,1224.45
4265,maize,6.0473,9.9864,-0.039747,1.969718,0.105,0.4925,740.0,45.0,100.03,6419.5,1115.88,1223.27
4266,maize,10.401,10.0453,0.021127,0.469394,0.1174,0.4155,730.0,20.0,100.03,6520.8,1172.21,1227.24
4267,maize,7.4644,10.0537,-0.035517,0.675793,0.1051,0.4286,730.0,5.0,100.03,6661.8,1222.44,1229.31
4268,maize,11.711,10.1235,0.14632,1.046029,0.1319,0.5904,730.0,80.0,100.03,7162.0,1272.49,1232.9
4269,maize,6.4883,10.1084,-0.150202,3.423317,0.1202,0.5009,730.0,25.0,100.03,5953.0,1025.25,1232.32
4270,maize,11.6599,10.1054,0.058091,0.973747,0.1325,0.4813,730.0,45.0,100.03,7495.7,1390.92,1235.41
4271,maize,11.7159,10.1193,0.059045,1.009855,0.103,0.434,732.0,50.0,100.03,7156.9,1300.01,1239.05
4272,maize,9.4178,10.1173,-0.071836,0.467183,0.1317,0.6127,732.0,60.0,100.03,7034.4,1259.41,1239.3
4273,maize,11.0293,10.1756,0.035439,0.459315,0.1288,0.503,730.0,65.0,100.04,7054.6,1260.65,1243.76
4274,maize,9.2191,10.1769,0.020788,0.193762,0.1233,0.5147,730.0,55.0,100.04,7111.8,1284.95,1244.23
4275,maize,12.181,10.2243,0.085744,0.802155,0.1463,0.542,734.0,70.0,100.04,7287.9,1311.56,1248.91
4276,maize,12.5607,10.208,0.10453,1.653269,0.1398,0.5378,732.0,90.0,100.04,7938.0,1455.31,1247.72
4277,maize,11.8247,10.2242,0.022332,1.007021,0.1298,0.4083,732.0,40.0,100.04,7656.5,1434.92,1250.66
4278,maize,10.668,10.2347,-0.064306,0.791478,0.0859,0.5135,750.0,55.0,100.04,6792.7,1193.18,1251.37
4279,maize,8.5822,10.2113,-0.120131,1.653235,0.1262,0.5387,742.0,80.0,100.04,7483.7,1345.72,1252.45
4280,maize,10.298,10.2151,-0.083205,1.008925,0.1277,0.5855,730.0,20.0,100.04,7451.0,1404.76,1253.81
4281,maize,7.8894,10.2272,-0.127902,2.798302,0.1323,0.5665,734.0,10.0,100.04,6619.1,1204.37,1257.25
4282,maize,11.7321,10.2243,0.010932,0.408716,0.1152,0.5822,732.0,55.0,100.04,7402.5,1356.42,1256.53
4283,maize,12.0639,10.2381,0.029173,0.293558,0.1507,0.5948,730.0,45.0,100.04,7376.5,1361.12,1256.87
4284,maize,6.9047,10.1879,-0.298722,7.266478,0.1566,0.6029,740.0,70.0,100.04,6158.5,1025.62,1253.52
4285,maize,12.5495,10.2059,0.026969,0.729917,0.1592,0.5157,732.0,40.0,100.04,7082.5,1291.42,1253.23
4286,maize,12.1988,10.2353,0.042582,0.569234,0.1644,0.6853,738.0,70.0,100.04,6919.6,1217.1,1254.69
4287,maize,11.5685,10.2383,-0.01925,1.640954,0.1153,0.5062,742.0,45.0,100.04,7472.6,1377.95,1258.16
4288,maize,11.774,10.2294,0.008303,0.227846,0.139,0.5687,730.0,25.0,100.04,7155.9,1325.97,1256.28
4289,maize,10.5742,10.2387,-0.074976,0.466169,0.1568,0.6176,734.0,45.0,100.04,7585.7,1411.04,1258.82
4290,maize,13.295,10.2599,-0.033489,0.403941,0.1402,0.6203,732.0,60.0,100.04,7535.8,1384.74,1260.96
4291,maize,9.1888,10.2382,-0.059404,2.236841,0.1056,0.5248,730.0,55.0,100.04,7050.6,1269.65,1260.71
4292,maize,8.0811,10.1884,-0.188175,7.083336,0.1563,0.6123,732.0,0.0,100.04,5492.5,933.92,1257.54
4293,maize,7.705,10.152,-0.131762,3.516357,0.1075,0.5747,742.0,15.0,100.04,6608.7,1191.98,1255.87
4294,maize,10.7203,10.2375,-0.062477,0.779108,0.1602,0.6276,730.0,80.0,100.04,6937.2,1216.3,1261.42
4295,maize,12.212,10.2691,0.064434,0.822854,0.1682,0.6483,732.0,95.0,100.04,7221.9,1271.27,1262.63
4296,maize,10.4655,10.2551,0.044099,0.386259,0.1526,0.6458,732.0,100.0,100.04,7296.5,1284.92,1263.48
4297,maize,8.2514,10.2498,-0.179628,1.604014,0.1402,0.6989,735.0,180.0,100.04,7055.0,1142.76,1264.02
4298,maize,10.3978,10.2666,-0.068649,0.585862,0.1946,0.7506,734.0,150.0,100.04,6590.8,1057.31,1263.19
4299,maize,8.9642,10.2274,-0.020859,1.09653,0.1173,0.6727,740.0,50.0,100.04,6800.1,1206.02,1262.15
4300,maize,2.0227,10.1442,-0.282543,14.482468,0.116,0.5542,760.0,25.0,100.03,4968.4,761.09,1257.73
4301,maize,7.4389,10.1161,-0.010295,1.050194,0.1359,0.7559,732.0,150.0,100.03,6679.8,1080.75,1256.4
4302,maize,3.8188,10.0263,-0.259709,6.90158,0.1188,0.5178,730.0,110.0,100.03,5505.2,828.29,1250.59
4303,maize,7.564,9.9855,-0.015686,0.316382,0.1651,0.6119,730.0,20.0,100.03,6905.6,1268.4,1249.96
4304,maize,7.8435,9.9861,0.033948,0.302186,0.1704,0.6713,744.0,45.0,100.03,6482.6,1129.26,1249.06
4305,maize,10.1878,9.9764,0.130213,2.187915,0.1379,0.7454,734.0,70.0,100.03,6243.2,1050.41,1245.69
4306,maize,8.8856,9.9754,0.179534,3.539117,0.1265,0.5474,730.0,70.0,100.03,6922.8,1222.69,1246.73
4307,maize,10.8618,9.9828,0.266662,4.302516,0.1605,0.7487,736.0,50.0,100.03,7312.5,1336.53,1248.01
4308,maize,8.8854,9.9754,0.138802,2.022947,0.155,0.7203,730.0,140.0,100.03,6634.7,1080.68,1246.06
4309,maize,9.9889,9.9845,0.164145,3.555021,0.161,0.7541,730.0,100.0,100.03,7160.2,1252.06,1247.07
4310,maize,16.7456,10.0666,0.475404,23.778372,0.1619,0.6586,738.0,50.0,100.03,8419.5,1612.06,1250.79
4311,maize,9.304,10.0163,0.078539,1.216382,0.1239,0.5896,730.0,100.0,100.03,6587.0,1108.75,1246.78
4312,maize,8.3585,9.9853,0.096142,1.320939,0.1305,0.5324,730.0,15.0,100.03,6352.3,1135.08,1244.08
4313,maize,9.4761,10.0551,0.124618,0.705949,0.1391,0.6095,732.0,95.0,100.03,6570.0,1108.3,1250.46
4314,maize,13.2887,10.1079,0.209816,4.100555,0.1403,0.6352,740.0,25.0,100.03,7529.9,1413.47,1252.26
4315,maize,6.4741,10.0782,-0.026075,2.017085,0.0955,0.3631,730.0,10.0,100.03,6688.5,1224.12,1252.5
4316,maize,7.8764,10.0606,-0.103344,1.034821,0.102,0.5028,760.0,60.0,100.03,7140.0,1269.0,1252.02
4317,maize,5.5633,10.0018,-0.235999,7.127397,0.1128,0.4474,734.0,30.0,100.03,5247.4,841.46,1246.67
4318,maize,9.9679,10.0,-0.001456,0.704009,0.1034,0.4801,732.0,20.0,100.03,7781.4,1486.16,1249.63
4319,maize,7.832,9.9412,-0.125604,1.693079,0.1224,0.4169,730.0,40.0,100.03,6427.9,1128.98,1247.22
4320,maize,12.9933,9.9557,0.070375,1.644108,0.1199,0.4733,732.0,40.0,100.03,7412.8,1374.01,1246.82
4321,maize,11.2794,9.9841,0.012793,0.971205,0.0852,0.4323,730.0,35.0,100.03,7386.3,1373.58,1249.45
4322,maize,9.5231,10.0303,-0.061902,1.003154,0.0897,0.3356,732.0,40.0,100.03,7170.4,1313.41,1251.99
4323,maize,12.0081,10.0328,0.043429,1.464634,0.0999,0.4085,732.0,35.0,100.03,8157.0,1565.04,1254.25
4324,maize,11.7923,9.9982,0.036058,0.518754,0.099,0.454,730.0,75.0,100.03,7369.5,1329.37,1253.53
4325,maize,4.7206,9.9942,-0.139309,5.564289,0.0812,0.3641,732.0,0.0,100.03,6370.3,1153.37,1255.45
4326,maize,11.5414,9.9581,-0.010947,0.377887,0.0999,0.3297,730.0,10.0,100.03,6986.7,1298.66,1253.58
4327,maize,10.929,9.9474,0.014863,0.237246,0.0881,0.3391,732.0,45.0,100.03,7064.9,1282.04,1252.38
4328,maize,10.7079,9.9971,0.003065,0.189095,0.0707,0.379,730.0,0.0,100.03,7212.5,1365.12,1256.92
4329,maize,11.4351,10.0196,0.011609,0.398443,0.089,0.3673,730.0,5.0,100.03,7354.3,1395.57,1259.35
4330,maize,9.6091,10.0088,-0.101286,0.757185,0.0946,0.3898,730.0,90.0,100.03,7179.5,1266.87,1259.16
4331,maize,11.6806,10.0037,-0.019138,0.350721,0.0914,0.4044,732.0,20.0,100.03,7796.6,1489.96,1259.98
4332,maize,10.4348,10.0349,-0.036972,0.857415,0.0705,0.4154,732.0,40.0,100.03,6871.6,1238.7,1260.26
4333,maize,13.0704,10.097,0.033706,0.832549,0.0789,0.3147,730.0,50.0,100.03,7001.3,1262.33,1261.64
4334,maize,13.0099,10.087,0.022329,0.41942,0.075,0.3592,732.0,20.0,100.03,7445.5,1402.17,1262.2
4335,maize,12.5206,10.1051,0.006363,0.319118,0.0687,0.291,732.0,45.0,100.03,7470.1,1383.33,1263.62
4336,maize,3.4275,10.0136,-0.201761,18.260229,0.0591,0.1999,730.0,40.0,100.03,5557.9,911.47,1258.95
4337,maize,11.0733,10.0181,-0.029365,1.60355,0.0602,0.388,730.0,5.0,100.03,7213.0,1360.25,1259.88
4338,maize,13.3138,10.0261,0.008222,0.428459,0.0645,0.342,730.0,10.0,100.03,7662.8,1467.71,1260.32
4339,maize,10.468,10.029,-0.059993,3.17472,0.0656,0.2356,730.0,10.0,100.03,7172.4,1345.1,1260.88
4340,maize,11.3856,10.0539,-0.023867,2.067545,0.0517,0.257,730.0,5.0,100.03,7260.3,1372.08,1261.65
4341,maize,5.9973,10.0155,-0.10246,11.589801,0.0557,0.1913,730.0,20.0,100.03,6408.1,1144.03,1259.93
4342,maize,8.7512,9.9907,-0.011631,2.479278,0.0513,0.2183,730.0,0.0,100.03,6755.4,1250.84,1258.83
4343,maize,10.7191,9.9756,-0.035126,0.38132,0.056,0.3411,730.0,55.0,100.03,7126.9,1288.71,1256.8
4344,maize,6.9022,9.9347,-0.079252,7.505463,0.0561,0.2831,732.0,40.0,100.03,5840.2,980.84,1253.23
4345,maize,11.8233,9.9289,0.040191,0.858116,0.054,0.3721,732.0,90.0,100.03,7418.2,1325.34,1252.72
4346,maize,12.941,9.9512,0.057485,2.365336,0.0512,0.2003,730.0,10.0,100.03,7857.3,1516.31,1255.2
4347,maize,8.8004,9.9122,-0.028357,0.802587,0.0627,0.4121,730.0,110.0,100.03,6532.7,1085.18,1252.13
4348,maize,10.0325,9.9185,-0.026564,1.030525,0.07,0.4261,730.0,80.0,100.03,6426.9,1088.73,1249.86
4349,maize,12.6193,9.9335,0.122768,2.010992,0.0654,0.3987,732.0,15.0,100.03,6969.9,1288.27,1250.4
4350,maize,10.6387,9.9249,0.02542,1.263932,0.0695,0.3995,730.0,0.0,100.03,7471.5,1429.87,1251.08
4351,maize,9.2984,9.8935,0.031276,0.373418,0.0694,0.3173,730.0,100.0,100.03,6827.4,1168.85,1249.75
4352,maize,12.2919,9.879,0.109447,3.081276,0.0746,0.3391,734.0,20.0,100.03,7735.8,1473.55,1251.69
4353,maize,12.7085,9.9247,0.112091,1.860532,0.0692,0.3562,730.0,20.0,100.03,7436.6,1401.15,1254.03
4354,maize,8.9004,9.9137,-0.023823,0.326555,0.0754,0.3228,730.0,50.0,100.03,7013.7,1265.44,1253.07
4355,maize,11.0959,9.9079,0.022828,0.956172,0.0745,0.356,730.0,0.0,100.03,7550.0,1449.5,1253.51
4356,maize,11.621,9.9738,0.043939,0.929843,0.0815,0.3132,732.0,5.0,100.03,7570.4,1448.41,1258.63
4357,maize,9.4603,9.9801,-0.006237,0.735537,0.0794,0.3074,730.0,0.0,100.03,7613.1,1465.28,1260.23
4358,maize,10.2832,10.0435,0.014819,0.28053,0.0857,0.3511,732.0,20.0,100.03,7207.2,1342.6,1264.8
4359,maize,10.395,10.0273,-0.019296,0.493472,0.0752,0.3636,730.0,0.0,100.03,6967.7,1303.93,1263.36
4360,maize,10.2375,10.0275,-0.029711,1.161565,0.0801,0.351,732.0,10.0,100.03,6267.7,1117.73,1261.96
4361,maize,7.2452,10.0234,-0.045636,3.694852,0.0651,0.3422,730.0,25.0,100.03,5533.5,920.36,1259.25
4362,maize,8.8661,10.0035,-0.044649,1.080667,0.0701,0.4443,732.0,0.0,100.03,6947.8,1297.74,1258.91
4363,maize,8.4803,9.9944,-0.090672,1.058576,0.0801,0.3637,730.0,75.0,100.03,6701.6,1162.4,1258.87
4364,maize,7.6634,9.9488,-0.120983,4.459422,0.091,0.3992,730.0,65.0,100.03,5660.1,912.02,1253.94
4365,maize,9.8088,9.9865,0.041099,0.972443,0.0987,0.3974,730.0,60.0,100.03,6571.8,1144.95,1254.23
4366,maize,8.2151,9.9646,-0.051565,0.71532,0.0853,0.3315,730.0,120.0,100.03,6740.3,1127.09,1253.78
4367,maize,8.8247,9.9782,0.025831,0.691483,0.0981,0.4225,730.0,40.0,100.03,6352.6,1110.14,1252.66
4368,maize,9.317,9.9543,0.053259,1.608018,0.0959,0.3241,732.0,50.0,100.03,7162.1,1301.33,1252.95
4369,maize,9.5908,9.9853,0.054937,0.817398,0.1058,0.411,730.0,40.0,100.03,6690.2,1194.54,1254.64
4370,maize,11.3405,9.9821,0.137995,3.804222,0.0975,0.3662,730.0,15.0,100.03,7198.8,1346.71,1254.2
4371,maize,9.2892,9.9578,0.007963,1.505669,0.0925,0.2788,730.0,0.0,100.03,6763.3,1252.81,1253.73
4372,maize,12.354,9.9872,0.119123,3.492527,0.0881,0.391,730.0,65.0,100.03,7562.1,1387.53,1255.01
4373,maize,7.7732,9.9546,-0.007103,1.423359,0.101,0.4008,730.0,0.0,100.03,5947.9,1048.98,1252.89
4374,maize,11.7034,9.9795,0.170449,3.278852,0.0962,0.3598,730.0,95.0,100.03,7292.7,1290.19,1252.94
4375,maize,13.5849,9.9935,0.067165,5.708572,0.084,0.3659,732.0,40.0,100.03,7816.2,1474.86,1254.58
4376,maize,13.3216,10.0011,0.157223,4.137127,0.0825,0.3009,732.0,60.0,100.03,7656.7,1414.97,1254.17
4377,maize,10.3988,9.9869,0.042946,0.550408,0.0802,0.396,730.0,85.0,100.03,7054.8,1240.71,1252.23
4378,maize,10.9082,9.9893,-0.013285,1.032018,0.0819,0.4122,740.0,10.0,100.03,7167.0,1337.74,1253.68
4379,maize,10.8708,10.0122,-0.025106,1.021987,0.0888,0.4671,730.0,140.0,100.03,7462.8,1287.71,1253.1
4380,maize,6.4312,9.9735,-0.138409,3.970241,0.0861,0.3849,732.0,10.0,100.03,6877.1,1270.08,1251.75
4381,maize,7.3121,9.9677,-0.183113,7.451064,0.0904,0.3148,730.0,0.0,100.03,5812.4,1015.1,1249.86
4382,maize,7.42,9.9246,-0.142268,3.680334,0.0878,0.39,730.0,120.0,100.03,6998.4,1191.6,1248.21
4383,maize,6.2023,9.866,-0.223611,7.123003,0.0879,0.4666,730.0,35.0,100.03,6568.6,1169.14,1246.29
4384,maize,13.8987,9.9359,0.033359,2.272909,0.0771,0.3514,730.0,70.0,100.03,7529.0,1374.25,1249.78
4385,maize,5.1961,9.8624,-0.282667,9.615049,0.0704,0.4407,745.0,10.0,100.03,5777.6,987.4,1246.74
4386,maize,6.958,9.81,-0.171499,6.038838,0.0735,0.4753,730.0,70.0,100.03,6132.8,1025.21,1244.82
4387,maize,13.9962,9.8342,0.055069,1.726139,0.0574,0.432,732.0,50.0,100.03,8092.9,1534.02,1246.38
4388,maize,7.9388,9.7959,-0.100498,1.689038,0.0655,0.3871,730.0,45.0,100.03,6913.1,1245.29,1245.57
4389,maize,8.1553,9.7717,-0.076219,1.27766,0.05,0.4587,732.0,20.0,100.03,7408.7,1392.98,1245.39
4390,maize,6.7544,9.7063,-0.099506,4.309808,0.0628,0.4446,730.0,10.0,100.03,5911.9,1029.99,1241.84
4391,maize,5.4454,9.6689,-0.122207,6.271052,0.0594,0.4436,730.0,50.0,100.03,5377.4,856.36,1237.71
4392,maize,6.1147,9.6492,-0.064986,2.180393,0.0433,0.2952,732.0,40.0,100.03,6551.7,1158.73,1239.96
4393,maize,13.4452,9.7066,0.063943,5.816964,0.0426,0.2664,730.0,40.0,100.03,6794.1,1220.53,1240.24
4394,maize,6.7749,9.6672,-0.011791,1.395512,0.0485,0.2691,730.0,40.0,100.03,6528.6,1154.15,1239.62
4395,maize,7.8515,9.6235,0.019509,0.297432,0.0503,0.297,730.0,0.0,100.03,7169.9,1354.47,1240.45
4396,maize,5.4902,9.5738,0.012157,3.192496,0.0443,0.1576,730.0,0.0,100.03,6396.4,1161.1,1239.22
4397,maize,5.3541,9.5448,-0.065932,3.090512,0.0497,0.2629,730.0,0.0,100.03,5370.3,904.58,1236.83
4398,maize,9.422,9.5351,0.040846,1.821178,0.0499,0.2367,730.0,0.0,100.03,5214.8,865.69,1234.92
4399,maize,11.1087,9.5565,0.06996,1.629041,0.0489,0.3199,730.0,10.0,100.03,7265.1,1368.27,1236.54
4400,maize,11.924,9.6555,0.09139,3.295815,0.0446,0.3184,732.0,80.0,100.03,7582.5,1376.41,1242.69
4401,maize,11.7458,9.6986,0.046424,2.278667,0.0518,0.2739,730.0,10.0,100.03,7371.7,1394.93,1245.83
4402,maize,11.0685,9.7711,0.046781,1.656468,0.0482,0.298,730.0,80.0,100.03,7586.4,1378.6,1251.34
4403,maize,8.1632,9.7771,0.005907,0.790544,0.0318,0.1427,730.0,10.0,100.03,7354.2,1390.56,1252.56
4404,maize,6.3481,9.7621,-0.060298,3.293829,0.0361,0.2651,730.0,20.0,100.03,5721.9,972.48,1250.99
4405,maize,11.2366,9.7726,0.111031,2.326818,0.0457,0.2757,732.0,55.0,100.03,7603.7,1406.73,1254.55
4406,maize,10.5359,9.7891,0.020678,0.847928,0.0487,0.2911,730.0,40.0,100.03,7156.5,1311.13,1255.44
4407,maize,8.2187,9.7627,0.007725,0.637794,0.0449,0.2222,730.0,50.0,100.03,7022.8,1267.71,1254.75
4408,maize,8.2495,9.7563,-0.061396,1.227078,0.0352,0.2351,732.0,10.0,100.03,7250.6,1363.44,1257.58
4409,maize,12.3083,9.7795,0.012386,1.674694,0.0565,0.3551,732.0,20.0,100.03,7378.1,1385.32,1258.91
4410,maize,9.2415,9.7045,-0.03447,2.026017,0.0392,0.3185,730.0,60.0,100.03,7013.4,1255.35,1255.34
4411,maize,8.1362,9.6928,-0.081879,4.789557,0.0555,0.3624,730.0,65.0,100.03,6242.0,1057.49,1254.83
4412,maize,11.3058,9.7223,0.009747,0.770301,0.0533,0.3312,732.0,20.0,100.03,7354.0,1379.31,1257.27
4413,maize,11.9876,9.7474,0.003362,0.468868,0.0565,0.3643,730.0,10.0,100.03,6508.6,1179.14,1257.98
4414,maize,6.0351,9.6749,-0.187151,10.381932,0.0543,0.321,732.0,10.0,100.03,5434.0,909.3,1252.94
4415,maize,13.9359,9.7495,0.022804,1.846811,0.0503,0.4259,730.0,20.0,100.03,7906.3,1518.59,1255.89
4416,maize,11.7728,9.7884,0.019599,0.786647,0.0483,0.335,730.0,10.0,100.03,7438.2,1411.55,1257.31
4417,maize,6.2688,9.7955,-0.085191,5.296246,0.0446,0.3077,730.0,0.0,100.03,6198.0,1111.5,1260.01
4418,maize,9.8871,9.7947,-0.008845,0.622254,0.0473,0.3651,732.0,0.0,100.03,7040.5,1320.93,1258.36
4419,maize,11.7975,9.8343,0.022661,0.544064,0.0439,0.2905,732.0,90.0,100.03,7142.5,1256.42,1259.63
4420,maize,11.9331,9.8237,0.024437,0.949544,0.0434,0.242,730.0,0.0,100.03,7042.5,1322.61,1259.12
4421,maize,10.7802,9.8187,-0.017337,0.778438,0.0468,0.3026,730.0,0.0,100.03,7182.5,1357.63,1258.96
4422,maize,6.8545,9.7921,-0.0776,4.293538,0.0536,0.3862,730.0,40.0,100.03,6192.2,1070.06,1256.53
4423,maize,13.9909,9.8119,0.040803,3.379724,0.0379,0.4131,730.0,20.0,100.03,7935.7,1525.93,1256.13
4424,maize,6.2324,9.7563,-0.117282,5.95871,0.0377,0.2236,730.0,60.0,100.03,6432.1,1110.02,1253.94
4425,maize,9.8398,9.8075,0.000392,0.252694,0.0433,0.3122,730.0,45.0,100.03,7113.6,1295.4,1255.36
4426,maize,10.0531,9.7926,0.001546,0.654174,0.0473,0.3688,730.0,50.0,100.03,7197.5,1311.37,1255.49
4427,maize,14.1244,9.8245,0.191556,4.843298,0.0443,0.3268,732.0,10.0,100.03,7835.8,1509.76,1257.77
4428,maize,11.7728,9.8352,0.01488,2.006417,0.0454,0.4647,735.0,40.0,100.03,7374.2,1362.55,1257.74
4429,maize,10.5635,9.8265,-0.01146,0.987335,0.0478,0.2124,732.0,10.0,100.03,6460.9,1166.03,1255.44
4430,maize,4.7963,9.7784,-0.137847,7.921745,0.0435,0.3831,730.0,5.0,100.03,5334.2,890.55,1251.68
4431,maize,13.6511,9.7981,0.013103,2.655215,0.0483,0.254,730.0,0.0,100.03,8061.3,1577.33,1252.56
4432,maize,5.9982,9.7537,-0.063755,3.778112,0.0361,0.3575,730.0,20.0,100.03,6099.1,1066.76,1250.84
4433,maize,11.9167,9.7422,0.053784,1.17176,0.0499,0.3828,730.0,15.0,100.03,7322.6,1377.66,1251.99
4434,maize,4.6169,9.6582,-0.161302,9.336251,0.0428,0.4024,732.0,45.0,100.03,5495.2,889.59,1246.86
4435,maize,12.8244,9.6613,0.044417,1.072945,0.0463,0.4211,730.0,50.0,100.03,7841.0,1472.25,1247.75
4436,maize,9.7205,9.7242,-0.00225,0.35275,0.037,0.2634,730.0,0.0,100.03,7328.1,1394.02,1252.58
4437,maize,6.2372,9.6758,-0.08633,3.10251,0.0457,0.2803,730.0,75.0,100.03,6483.4,1107.86,1250.05
4438,maize,5.3658,9.5964,-0.028945,5.034523,0.0329,0.2343,730.0,10.0,100.03,6106.9,1078.71,1246.16
4439,maize,7.6123,9.5678,-0.045931,2.318187,0.0453,0.3347,732.0,10.0,100.03,6489.3,1173.12,1244.44
4440,maize,4.9565,9.5035,-0.033925,7.039021,0.0304,0.2957,730.0,0.0,100.03,6294.9,1135.71,1242.08
4441,maize,12.5534,9.5691,0.046054,2.525346,0.044,0.325,730.0,20.0,100.03,7240.6,1352.14,1244.16
4442,maize,11.8836,9.6004,0.065279,3.268495,0.0432,0.3778,730.0,40.0,100.03,7185.9,1318.48,1244.84
4443,maize,10.2437,9.5956,0.033942,0.790131,0.0477,0.3005,730.0,50.0,100.03,7224.3,1318.09,1245.13
4444,maize,11.1463,9.6381,0.098224,2.254478,0.0441,0.2892,730.0,40.0,100.03,7244.1,1333.03,1248.65
4445,maize,4.0888,9.5607,-0.141987,5.985258,0.0498,0.3478,730.0,45.0,100.03,5495.3,890.83,1244.31
4446,maize,7.1147,9.5025,0.003993,1.093398,0.0473,0.3292,730.0,10.0,100.03,6101.3,1077.33,1239.92
4447,maize,8.1211,9.4957,-0.001508,0.444013,0.0599,0.4073,730.0,10.0,100.03,6842.8,1262.7,1241.69
4448,maize,8.9074,9.4844,0.036447,1.737913,0.0505,0.2558,730.0,30.0,100.03,6679.4,1201.84,1242.83
4449,maize,9.1143,9.4494,0.056116,2.815245,0.0452,0.2951,730.0,5.0,100.03,6774.1,1250.52,1242.45
4450,maize,13.0212,9.4732,0.10473,5.398023,0.0418,0.3575,730.0,100.0,100.03,7676.2,1381.05,1241.96
4451,maize,4.9451,9.4297,-0.040512,3.416643,0.0478,0.2824,730.0,20.0,100.03,5891.7,1014.92,1240.42
4452,maize,10.993,9.4167,0.028253,1.881476,0.0553,0.3475,730.0,0.0,100.03,7210.1,1364.52,1239.33
4453,maize,8.9725,9.3793,-0.003174,0.640617,0.0417,0.3073,730.0,100.0,100.03,6559.8,1101.95,1236.34
4454,maize,10.0683,9.391,0.006089,0.771656,0.0515,0.3098,730.0,40.0,100.03,7210.8,1324.7,1236.93
4455,maize,8.7164,9.3672,-0.006065,0.365526,0.0439,0.3808,730.0,10.0,100.03,6833.5,1260.38,1235.04
4456,maize,14.5682,9.3967,0.155475,5.947627,0.0568,0.2586,730.0,90.0,100.03,8022.1,1477.51,1235.33
4457,maize,6.6002,9.3681,-0.110358,3.54755,0.0604,0.3825,734.0,90.0,100.03,6590.0,1117.11,1231.85
4458,maize,8.612,9.3514,-0.009851,0.493159,0.0641,0.4072,730.0,10.0,100.03,6586.6,1198.65,1230.41
4459,maize,11.4892,9.3623,0.015989,1.060105,0.0477,0.3074,730.0,20.0,100.03,7358.0,1381.49,1231.18
4460,maize,11.6782,9.3767,-0.000326,1.349434,0.0435,0.3184,732.0,80.0,100.03,7265.3,1297.12,1232.98
4461,maize,7.5685,9.3799,-0.027289,2.093678,0.065,0.3058,730.0,55.0,100.03,6096.4,1031.11,1234.09
4462,maize,8.74,9.3787,-0.067871,0.989805,0.0749,0.4258,730.0,30.0,100.03,6265.0,1098.26,1232.09
4463,maize,12.1302,9.4152,0.023692,0.994188,0.0564,0.4624,730.0,140.0,100.03,7374.4,1265.61,1233.12
4464,maize,6.4381,9.4029,-0.065511,1.941971,0.0487,0.3025,730.0,60.0,100.03,6192.8,1050.2,1234.51
4465,maize,8.9973,9.3948,-0.023415,0.443803,0.0483,0.2421,730.0,20.0,100.03,6921.2,1272.31,1235.78
4466,maize,11.0745,9.4234,0.065836,0.959295,0.0665,0.3563,742.0,80.0,100.03,7297.5,1299.18,1237.5
4467,maize,10.9984,9.4451,0.041313,0.902137,0.0782,0.386,732.0,30.0,100.03,7433.7,1389.22,1240.29
4468,maize,8.7628,9.4396,-0.002421,0.544422,0.046,0.305,730.0,10.0,100.03,6923.0,1282.76,1240.11
4469,maize,9.7042,9.4407,-0.011303,0.272932,0.0479,0.4037,730.0,130.0,100.03,6520.7,1062.19,1238.78
4470,maize,8.8333,9.4157,0.012613,0.337977,0.0545,0.3412,732.0,30.0,100.03,6999.1,1280.57,1238.12
4471,maize,8.1127,9.4039,-0.013438,0.539682,0.0458,0.3775,730.0,60.0,100.03,6313.7,1080.43,1236.4
4472,maize,9.8266,9.3786,0.022128,0.267199,0.0677,0.3332,730.0,45.0,100.03,7160.0,1307.0,1235.59
4473,maize,7.2139,9.373,0.006546,1.12792,0.0563,0.3555,730.0,40.0,100.03,6249.8,1084.46,1235.95
4474,maize,7.735,9.3333,-0.011409,0.446869,0.06,0.2985,730.0,50.0,100.03,6514.9,1140.72,1234.45
4475,maize,11.6887,9.3144,0.12404,2.270552,0.0656,0.4364,730.0,110.0,100.03,7590.4,1349.59,1233.2
4476,maize,13.3708,9.3149,0.129844,6.538783,0.065,0.3718,730.0,0.0,100.03,7818.5,1516.62,1234.21
4477,maize,6.7671,9.2786,-0.030711,3.519902,0.0552,0.4376,730.0,80.0,100.03,5746.7,918.68,1230.99
4478,maize,7.8268,9.2477,-0.015044,0.855233,0.0634,0.4888,730.0,50.0,100.03,6518.6,1141.66,1229.03
4479,maize,5.2962,9.192,-0.152948,5.720956,0.0665,0.381,730.0,80.0,100.03,5699.5,906.87,1225.23
4480,maize,5.8108,9.1858,-0.035613,2.959908,0.0563,0.4396,730.0,0.0,100.03,5787.4,1008.85,1222.61
4481,maize,3.8611,9.1513,-0.060356,5.429193,0.0569,0.3752,730.0,80.0,100.03,5181.4,777.36,1220.24
4482,maize,9.5294,9.1724,0.057341,1.574647,0.0754,0.3554,730.0,40.0,100.03,7007.5,1273.87,1221.06
4483,maize,13.1699,9.2421,0.104403,9.092941,0.0805,0.4411,730.0,10.0,100.03,7358.7,1391.67,1223.28
4484,maize,8.8084,9.1912,0.068032,1.877359,0.0836,0.414,740.0,60.0,100.03,6844.0,1207.01,1221.61
4485,maize,5.1407,9.1906,-0.064199,1.352091,0.0662,0.4493,730.0,140.0,100.03,5317.0,751.24,1219.25
4486,maize,6.8867,9.1899,0.000661,1.120585,0.0435,0.1676,732.0,0.0,100.03,6535.3,1194.61,1220.94
4487,maize,11.5137,9.1651,0.129087,7.107603,0.0735,0.3983,730.0,45.0,100.03,7368.9,1359.23,1219.2
4488,maize,10.2564,9.1882,0.150626,3.465171,0.0814,0.4341,730.0,130.0,100.03,7547.3,1318.83,1219.93
4489,maize,10.2447,9.2091,0.046413,2.45826,0.069,0.4638,730.0,60.0,100.03,7031.9,1259.98,1218.6
4490,maize,10.2349,9.2439,0.11112,3.461544,0.0734,0.418,730.0,10.0,100.03,7174.7,1345.67,1221.76
4491,maize,8.358,9.2731,0.061513,1.353371,0.0558,0.3143,732.0,40.0,100.03,6779.3,1215.62,1225.35
4492,maize,15.3658,9.3656,0.095769,13.574589,0.0731,0.3787,730.0,0.0,100.03,7886.6,1533.65,1229.1
4493,maize,9.5242,9.3264,0.006679,0.937591,0.0583,0.3831,730.0,110.0,100.03,7176.6,1246.15,1229.36
4494,maize,8.2236,9.3408,-0.013265,0.895205,0.0454,0.1439,730.0,0.0,100.03,6447.9,1173.98,1229.55
4495,maize,11.7825,9.3802,0.0228,3.255089,0.0717,0.2542,730.0,5.0,100.03,7555.1,1445.78,1230.47
4496,maize,3.8838,9.3641,-0.125735,9.507302,0.0467,0.1652,730.0,20.0,100.03,5308.3,869.09,1227.55
4497,maize,13.2065,9.4426,0.02671,1.447031,0.0481,0.3187,732.0,40.0,100.03,7601.5,1421.17,1232.71
4498,maize,9.6611,9.445,-0.060482,1.209693,0.0576,0.2511,732.0,40.0,100.03,6806.6,1222.45,1236.28
4499,maize,11.9462,9.4534,-0.004238,1.59192,0.0469,0.2498,730.0,0.0,100.03,7977.8,1556.44,1238.16
4500,maize,10.6379,9.4405,-0.021916,0.840298,0.0563,0.2711,730.0,40.0,100.03,6610.8,1174.71,1236.15
4501,maize,13.8808,9.4619,0.026537,0.711317,0.042,0.2633,730.0,50.0,100.03,7656.9,1426.23,1236.46
4502,maize,9.0899,9.4421,-0.087825,1.875147,0.0339,0.212,730.0,35.0,100.03,7138.2,1311.55,1235.79
4503,maize,11.8146,9.4786,-0.007704,0.269501,0.0478,0.2354,730.0,0.0,100.03,7579.5,1456.88,1236.45
4504,maize,11.0757,9.5259,-0.007077,0.950843,0.0351,0.2392,730.0,0.0,100.03,7035.4,1320.84,1239.93
4505,maize,7.4723,9.4882,-0.073135,4.826284,0.0396,0.1582,730.0,50.0,100.03,6151.1,1049.78,1236.37
4506,maize,10.5062,9.4879,-0.021445,0.568914,0.0357,0.2357,730.0,30.0,100.03,7726.4,1463.6,1237.89
4507,maize,13.0905,9.5367,0.031915,1.061036,0.0334,0.1418,730.0,40.0,100.03,7730.7,1454.68,1239.76
4508,maize,12.0526,9.5747,0.01451,0.578643,0.0393,0.1759,730.0,45.0,100.03,6893.3,1240.33,1238.53
4509,maize,13.0051,9.5817,0.006842,1.718079,0.0318,0.1218,730.0,0.0,100.03,8109.5,1589.36,1240.57
4510,maize,9.8688,9.5879,-0.000314,0.724909,0.039,0.1516,730.0,0.0,100.03,7261.5,1377.37,1241.79
4511,maize,5.3705,9.5603,-0.097487,11.278464,0.0413,0.1514,730.0,20.0,100.03,5535.3,925.84,1240.47
4512,maize,12.8705,9.5759,0.009003,0.877336,0.0375,0.1737,730.0,0.0,100.03,7481.4,1432.35,1241.0
4513,maize,9.722,9.5533,-0.008007,0.46306,0.0382,0.1675,732.0,0.0,100.03,6654.7,1224.48,1241.46
4514,maize,11.2586,9.6055,0.015247,0.322494,0.0348,0.132,730.0,0.0,100.03,7396.4,1411.09,1246.47
4515,maize,5.1712,9.5179,-0.005592,7.286319,0.0159,0.0756,730.0,0.0,100.03,5883.4,1032.85,1241.62
4516,maize,11.3701,9.5138,0.015507,0.264138,0.0411,0.1682,730.0,0.0,100.03,7480.6,1432.16,1241.82
4517,maize,9.8105,9.5492,0.027625,0.470343,0.0321,0.1631,730.0,0.0,100.03,7148.6,1349.16,1244.2
4518,maize,9.5823,9.5462,-0.015156,0.959613,0.0353,0.1721,740.0,0.0,100.03,6807.5,1257.87,1243.57
4519,maize,4.9583,9.4778,-0.058561,11.981397,0.0285,0.1772,730.0,10.0,100.03,5163.4,842.84,1239.43
4520,maize,11.7132,9.4756,0.069172,1.115145,0.0395,0.171,740.0,0.0,100.03,7146.9,1342.73,1239.63
4521,maize,10.4383,9.4722,0.019984,0.917151,0.0461,0.166,730.0,0.0,100.03,7306.0,1388.49,1239.94
4522,maize,9.9237,9.5029,-0.006314,0.266208,0.0457,0.1634,730.0,30.0,100.03,7339.1,1366.77,1242.91
4523,maize,10.9858,9.4728,-0.037933,1.352459,0.0421,0.202,732.0,55.0,100.03,7294.9,1329.53,1240.95
4524,maize,10.2734,9.5132,-0.00686,0.424653,0.0428,0.2168,730.0,5.0,100.03,7183.8,1352.95,1243.38
4525,maize,7.8384,9.4932,-0.012978,1.412237,0.0418,0.1256,730.0,0.0,100.03,6703.3,1237.82,1242.8
4526,maize,11.6631,9.5093,0.023738,0.586179,0.0552,0.1708,730.0,80.0,100.03,7021.6,1237.4,1242.06
4527,maize,9.1707,9.4598,-0.016198,0.779382,0.0352,0.1079,730.0,0.0,100.03,7057.3,1326.34,1240.23
4528,maize,6.8035,9.4101,-0.071778,4.103292,0.0452,0.1361,740.0,0.0,100.03,6291.6,1128.9,1237.89
4529,maize,9.9206,9.4037,-0.021589,0.910894,0.0421,0.1807,730.0,60.0,100.03,7021.4,1257.36,1238.8
4530,maize,8.2479,9.4382,-0.019136,1.681724,0.0528,0.1497,730.0,0.0,100.03,6301.4,1137.36,1241.27
4531,maize,12.0051,9.4217,0.026503,1.205554,0.0569,0.1948,732.0,40.0,100.03,7548.1,1407.83,1239.58
4532,maize,13.4583,9.4963,0.058222,4.070076,0.0643,0.1764,730.0,10.0,100.03,7437.1,1411.27,1243.02
4533,maize,11.7578,9.4947,0.019995,1.387471,0.0419,0.1036,740.0,0.0,100.03,7417.1,1410.27,1243.35
4534,maize,11.6086,9.5646,0.038107,1.517852,0.0516,0.19,730.0,20.0,100.03,7071.5,1309.87,1247.55
4535,maize,11.9933,9.5563,0.055126,1.8823,0.0438,0.1804,740.0,5.0,100.03,7457.5,1415.37,1246.98
4536,maize,11.1599,9.5707,0.01333,0.430491,0.0473,0.1816,730.0,10.0,100.03,7183.6,1347.9,1246.52
4537,maize,6.2925,9.5713,-0.032332,2.906506,0.0368,0.0455,730.0,40.0,100.03,5544.5,908.13,1244.52
4538,maize,9.905,9.6167,0.000706,0.458761,0.0487,0.1397,730.0,0.0,100.03,6931.0,1294.76,1246.68
4539,maize,6.3974,9.6045,-0.070517,9.031492,0.0436,0.1421,732.0,0.0,100.03,5657.2,975.1,1244.7
4540,maize,14.008,9.695,0.050391,4.18369,0.0532,0.1783,730.0,20.0,100.03,7891.9,1514.97,1248.5
4541,maize,9.2212,9.6617,-0.037965,2.920909,0.0538,0.1878,730.0,0.0,100.03,6817.4,1266.35,1247.64
4542,maize,10.2013,9.6449,-0.009397,1.047616,0.0546,0.1434,730.0,10.0,100.03,7100.5,1327.13,1247.72
4543,maize,7.7673,9.6201,-0.022547,3.095376,0.0257,0.0588,730.0,0.0,100.03,6785.9,1258.47,1247.13
4544,maize,5.8592,9.5673,-0.053003,8.873896,0.0403,0.0642,730.0,40.0,100.03,5708.7,949.18,1243.29
4545,maize,13.2769,9.6591,0.042845,2.63549,0.0551,0.1315,730.0,40.0,100.03,7527.7,1403.92,1248.42
4546,maize,12.5957,9.714,0.012914,2.899718,0.0563,0.1798,732.0,0.0,100.03,7230.6,1368.44,1251.33
4547,maize,11.3629,9.7464,0.004314,0.510353,0.054,0.2353,730.0,10.0,100.03,7351.1,1389.77,1252.6
4548,maize,10.9262,9.7666,0.012265,0.693848,0.0588,0.2129,732.0,50.0,100.03,7371.1,1353.58,1254.12
4549,maize,7.183,9.7472,-0.023834,2.922658,0.0673,0.1691,730.0,0.0,100.03,5923.5,1042.88,1252.04
4550,maize,11.3775,9.7308,-0.009689,0.714591,0.087,0.2381,730.0,10.0,100.03,7507.0,1428.74,1252.52
4551,maize,15.3431,9.8348,0.14971,3.576213,0.1097,0.3098,734.0,30.0,100.03,8160.5,1569.72,1258.07
4552,maize,12.5156,9.85,0.026236,0.593521,0.0685,0.1554,732.0,0.0,100.03,7656.3,1474.88,1259.17
4553,maize,12.5786,9.8861,0.030584,0.383067,0.0773,0.2833,742.0,80.0,100.03,7563.5,1365.67,1261.81
4554,maize,11.7928,9.9033,-0.008773,0.379183,0.102,0.2951,730.0,5.0,100.03,6556.9,1196.22,1260.52
4555,maize,7.6374,9.8925,-0.100151,6.58753,0.0759,0.1851,730.0,40.0,100.03,6286.7,1093.68,1258.86
4556,maize,10.6988,9.8538,-0.012751,1.138436,0.0633,0.2222,730.0,40.0,100.03,6989.2,1269.29,1256.77
4557,maize,10.7154,9.895,-0.053316,1.869433,0.0912,0.3469,730.0,5.0,100.03,7030.4,1314.61,1258.75
4558,maize,12.7297,9.9362,-0.074559,1.334333,0.1187,0.2543,730.0,10.0,100.03,7808.2,1504.06,1261.8
4559,maize,12.2016,9.9433,-0.047488,0.751532,0.1086,0.3724,730.0,130.0,100.03,7260.5,1247.13,1260.46
4560,maize,7.6008,9.9025,-0.119543,4.184671,0.1267,0.3481,730.0,40.0,100.03,6835.2,1230.8,1259.8
4561,maize,11.6979,9.9438,-0.014038,0.562208,0.1156,0.3589,740.0,10.0,100.03,7772.5,1489.12,1264.38
4562,maize,7.8283,9.9347,-0.220313,5.619174,0.1447,0.3862,732.0,70.0,100.03,5807.4,942.66,1262.82
4563,maize,11.9501,9.9329,0.086829,1.439728,0.1048,0.1973,730.0,40.0,100.03,7368.4,1364.09,1263.81
4564,maize,8.6544,9.9551,-0.035085,0.929439,0.1507,0.393,730.0,0.0,100.03,6468.7,1179.17,1265.1
4565,maize,11.0007,9.9751,0.151607,2.988845,0.1077,0.2716,732.0,10.0,100.03,7320.9,1381.03,1266.18
4566,maize,10.0832,9.9652,0.077805,0.822414,0.1232,0.2742,730.0,20.0,100.03,7293.5,1365.38,1266.84
4567,maize,10.8485,9.9637,0.104392,0.715284,0.1417,0.4201,746.0,100.0,100.03,7295.4,1276.25,1265.72
4568,maize,13.5367,10.0114,0.251713,3.710497,0.1736,0.4252,730.0,65.0,100.03,7631.5,1404.87,1266.94
4569,maize,6.9604,9.984,0.041753,4.331882,0.105,0.1462,760.0,0.0,100.03,6617.0,1198.24,1268.3
4570,maize,9.4871,9.9905,0.121835,2.710157,0.132,0.175,730.0,10.0,100.03,7126.6,1333.65,1268.83
4571,maize,7.375,9.9831,0.029134,4.11662,0.0933,0.1481,730.0,40.0,100.03,6214.2,1075.55,1268.78
4572,maize,9.8096,9.983,0.071863,0.528289,0.1539,0.4095,732.0,20.0,100.03,6678.5,1210.42,1267.81
4573,maize,10.3131,10.014,0.048133,0.285949,0.1802,0.4166,732.0,80.0,100.03,7081.3,1251.12,1269.48
4574,maize,6.6114,10.0027,-0.086783,1.982313,0.1517,0.1749,730.0,5.0,100.03,6959.2,1296.79,1271.04
4575,maize,8.6509,9.9723,-0.085766,0.861055,0.1962,0.4795,734.0,80.0,100.03,6229.6,1037.0,1267.91
4576,maize,9.3939,9.9326,0.037544,0.514687,0.1587,0.361,730.0,90.0,100.03,7062.4,1237.59,1265.12
4577,maize,5.112,9.916,-0.310951,7.752014,0.1697,0.3487,764.0,50.0,100.03,6005.6,993.0,1265.87
4578,maize,10.6273,9.944,0.094601,0.912578,0.1625,0.3093,742.0,5.0,100.03,7384.7,1395.98,1268.41
4579,maize,13.8415,10.0295,0.157358,1.764993,0.2104,0.5195,732.0,25.0,100.03,7416.7,1389.97,1273.24
4580,maize,11.5575,10.087,-0.009614,0.180895,0.191,0.4993,732.0,20.0,100.03,7041.2,1301.11,1276.16
4581,maize,10.1895,10.1502,0.005199,0.454512,0.1806,0.372,732.0,75.0,100.04,6997.3,1235.14,1280.74
4582,maize,10.5818,10.1608,-0.067135,0.446787,0.1769,0.4837,734.0,145.0,100.04,7363.0,1255.35,1280.56
4583,maize,0.6697,10.0358,-0.264635,26.969395,0.0962,0.2164,730.0,10.0,100.03,4326.9,633.73,1272.98
4584,maize,11.431,10.062,0.051966,0.338538,0.1905,0.4646,732.0,110.0,100.03,7393.9,1299.28,1273.9
4585,maize,7.8272,10.0888,-0.163936,1.830778,0.1852,0.3192,740.0,95.0,100.03,6612.0,1113.99,1277.53
4586,maize,7.1678,10.0917,-0.102429,3.176842,0.1297,0.1256,740.0,40.0,100.03,5764.4,957.09,1275.15
4587,maize,5.7233,10.0338,-0.271528,5.51931,0.1648,0.2469,782.0,0.0,100.03,6680.7,1200.96,1273.57
4588,maize,7.5827,10.007,-0.174476,2.427381,0.1919,0.4896,758.0,135.0,100.03,6499.4,1035.06,1270.73
4589,maize,11.6848,10.0214,0.118977,1.332479,0.1972,0.5591,730.0,45.0,100.03,7427.8,1373.96,1271.87
4590,maize,8.641,10.0055,-0.011859,0.214258,0.2093,0.5017,752.0,45.0,100.03,6743.8,1189.75,1270.31
4591,maize,11.0845,10.0327,0.189216,2.646847,0.1749,0.4524,730.0,40.0,100.03,7383.4,1367.84,1271.83
4592,maize,12.1602,10.0007,0.2107,1.738042,0.2194,0.5533,742.0,55.0,100.03,7390.6,1347.45,1269.97
4593,maize,14.6957,10.0524,0.322405,8.492761,0.1818,0.5452,736.0,110.0,100.03,7721.2,1378.71,1271.3
4594,maize,10.7608,10.0778,0.175424,2.545152,0.1997,0.4759,732.0,45.0,100.03,7011.9,1268.79,1272.25
4595,maize,9.07,10.0507,0.003085,0.159881,0.1664,0.5663,744.0,75.0,100.03,6748.6,1165.74,1269.45
4596,maize,11.0521,10.1223,0.133789,1.561712,0.173,0.4033,740.0,150.0,100.03,7075.7,1174.91,1272.5
4597,maize,7.4707,10.065,-0.062301,1.172412,0.1311,0.3676,732.0,70.0,100.03,6845.0,1202.04,1270.31
4598,maize,10.4758,10.0731,0.074999,1.200455,0.1912,0.4855,732.0,125.0,100.03,7720.7,1365.98,1271.75
4599,maize,11.5262,10.0689,0.06823,1.191453,0.1934,0.5087,736.0,40.0,100.03,7607.1,1420.17,1270.39
4600,maize,13.6283,10.0988,0.130384,3.358555,0.1946,0.5765,730.0,60.0,100.03,8400.8,1602.2,1274.66
4601,maize,11.9609,10.0796,0.057388,1.829626,0.169,0.5434,732.0,90.0,100.03,7320.7,1300.98,1273.41
4602,maize,13.5106,10.1238,0.087514,1.467758,0.1911,0.5567,730.0,10.0,100.03,7702.5,1477.62,1275.07
4603,maize,2.7349,10.033,-0.296511,17.505239,0.101,0.1985,750.0,0.0,100.03,5591.8,947.95,1269.98
4604,maize,11.3224,10.0355,-0.028982,0.724541,0.1407,0.4272,732.0,0.0,100.03,7523.7,1441.73,1271.19
4605,maize,8.0546,10.0413,-0.313754,9.494315,0.1404,0.4919,730.0,115.0,100.03,5978.8,941.71,1270.11
4606,maize,12.7391,10.0637,-0.129393,1.717613,0.1775,0.5753,734.0,25.0,100.03,7754.7,1473.27,1270.2
4607,maize,12.4646,10.0574,-0.062299,1.019001,0.1676,0.4089,732.0,0.0,100.03,8156.5,1599.92,1271.66
4608,maize,10.2856,10.0397,-0.100883,1.396551,0.1398,0.2035,732.0,20.0,100.03,7121.0,1321.04,1272.46
4609,maize,11.8685,10.0284,-0.041396,0.346604,0.154,0.3564,734.0,40.0,100.03,7567.2,1411.41,1270.68
4610,maize,11.0999,10.0407,-0.070751,0.454857,0.1486,0.3587,730.0,150.0,100.03,7070.9,1179.73,1268.71
4611,maize,11.5716,10.1027,-0.039414,0.49432,0.1393,0.4276,730.0,45.0,100.03,7400.5,1367.12,1273.12
4612,maize,8.8007,10.062,-0.237916,5.136839,0.1473,0.4398,744.0,15.0,100.03,6478.2,1158.15,1270.38
4613,maize,10.8771,10.0735,-0.01625,0.4567,0.1539,0.2886,734.0,40.0,100.03,7067.8,1286.55,1271.0
4614,maize,13.2434,10.0934,0.097336,1.637144,0.1706,0.4265,730.0,5.0,100.03,7546.8,1443.7,1271.33
4615,maize,11.5189,10.1569,0.069964,0.390061,0.1397,0.4137,754.0,60.0,100.04,7692.8,1410.79,1275.1
4616,maize,13.5922,10.1791,0.11207,2.681645,0.1573,0.364,732.0,10.0,100.04,6983.2,1296.59,1273.75
4617,maize,5.3083,10.1341,-0.025669,3.929908,0.0994,0.0743,730.0,0.0,100.03,6631.2,1219.8,1272.46
4618,maize,11.5974,10.1542,0.076213,1.148534,0.1317,0.3981,732.0,40.0,100.04,6907.4,1247.66,1272.35
4619,maize,9.535,10.2,0.092266,1.876308,0.1283,0.3331,732.0,50.0,100.04,7037.0,1270.05,1276.63
4620,maize,7.2521,10.1554,-0.009005,1.257394,0.1115,0.2797,730.0,45.0,100.04,6823.2,1222.79,1275.43
4621,maize,9.167,10.1427,0.013441,0.426631,0.1125,0.3023,730.0,30.0,100.03,7385.8,1378.45,1275.33
4622,maize,10.9234,10.1527,0.044263,0.464751,0.1413,0.3555,730.0,30.0,100.04,7035.6,1290.89,1274.57
4623,maize,9.9454,10.1422,0.095474,0.88993,0.1465,0.3153,742.0,50.0,100.03,7207.3,1306.62,1274.34
4624,maize,11.4283,10.1538,0.123573,1.553248,0.1286,0.3179,730.0,10.0,100.04,7141.9,1337.47,1274.18
4625,maize,13.1162,10.2066,0.132449,1.531402,0.149,0.4198,734.0,40.0,100.04,7445.6,1381.0,1275.61
4626,maize,8.4692,10.1746,-0.02202,0.467575,0.1124,0.1671,734.0,0.0,100.04,7019.8,1314.56,1276.39
4627,maize,9.4115,10.177,-0.032189,0.542683,0.1337,0.2289,730.0,20.0,100.04,6969.5,1284.37,1275.97
4628,maize,10.102,10.21,-0.058995,0.796056,0.1334,0.3734,732.0,20.0,100.04,7108.9,1318.02,1277.86
4629,maize,9.2036,10.2029,-0.037658,0.665349,0.1422,0.3112,732.0,10.0,100.04,7038.7,1310.47,1278.39
4630,maize,10.9987,10.2304,-0.047796,0.510914,0.1246,0.2576,734.0,25.0,100.04,7619.9,1439.57,1281.41
4631,maize,6.3442,10.1738,-0.073971,3.330176,0.1103,0.2391,730.0,0.0,100.04,6444.6,1173.14,1279.06
4632,maize,12.7017,10.1662,0.131145,2.478799,0.12,0.2669,730.0,90.0,100.04,7506.0,1348.51,1278.44
4633,maize,12.071,10.1693,0.066769,2.130288,0.1374,0.3279,732.0,20.0,100.04,7800.4,1490.91,1279.24
4634,maize,5.8605,10.1118,-0.176451,7.640857,0.1403,0.3448,742.0,20.0,100.03,5550.3,922.37,1275.37
4635,maize,10.0989,10.0929,-0.039786,0.812547,0.1186,0.2994,730.0,0.0,100.03,6777.8,1256.45,1273.78
4636,maize,10.1715,10.083,0.059805,1.32131,0.092,0.2406,730.0,0.0,100.03,7239.1,1371.78,1274.02
4637,maize,8.1611,10.1017,-0.041347,4.348093,0.1355,0.3259,730.0,20.0,100.03,5718.7,971.66,1274.65
4638,maize,8.8805,10.0915,0.019224,0.45321,0.1077,0.3581,732.0,5.0,100.03,6515.2,1184.6,1273.55
4639,maize,7.8905,10.1064,0.043396,0.73197,0.1211,0.2238,730.0,40.0,100.03,6645.8,1183.44,1275.63
4640,maize,14.476,10.1111,0.24905,7.244882,0.1299,0.3271,732.0,45.0,100.03,7804.4,1466.89,1275.15
4641,maize,12.7041,10.1459,0.174555,3.671111,0.1357,0.3622,734.0,50.0,100.03,7895.7,1483.52,1277.33
4642,maize,7.2923,10.1168,-0.085108,1.651258,0.1395,0.3824,730.0,15.0,100.03,6487.4,1168.85,1275.74
4643,maize,8.566,10.1248,0.019499,0.994662,0.1298,0.1975,742.0,0.0,100.03,7055.4,1318.65,1276.34
4644,maize,6.537,10.1316,-0.146622,2.938118,0.1349,0.4211,734.0,35.0,100.03,5941.2,1009.9,1276.95
4645,maize,10.7453,10.1063,0.022487,0.718337,0.1406,0.3857,746.0,85.0,100.03,6876.1,1186.41,1274.78
4646,maize,8.6006,10.0663,-0.058367,0.646553,0.1532,0.3468,730.0,90.0,100.03,7140.7,1257.18,1273.66
4647,maize,2.2621,9.9753,-0.144412,13.114674,0.1142,0.2657,730.0,40.0,100.03,5229.2,829.3,1268.06
4648,maize,11.1252,9.9773,0.026947,1.180444,0.1602,0.3996,732.0,60.0,100.03,6928.7,1232.96,1266.85
4649,maize,9.2057,9.9975,-0.049578,0.978727,0.1319,0.3296,734.0,0.0,100.03,6126.3,1091.18,1267.34
4650,maize,4.2829,9.9266,-0.167743,4.882874,0.1206,0.2934,730.0,60.0,100.03,5462.9,867.73,1261.73
4651,maize,6.0789,9.8339,-0.062019,1.425419,0.1327,0.2353,732.0,0.0,100.03,6680.4,1230.91,1258.34
4652,maize,10.8723,9.8175,0.122631,1.489058,0.1425,0.3992,730.0,45.0,100.03,7171.4,1309.85,1256.69
4653,maize,13.1656,9.8234,0.249828,5.469586,0.1813,0.4656,736.0,70.0,100.03,8000.4,1488.51,1257.92
4654,maize,12.8379,9.8338,0.173282,4.055421,0.1757,0.4389,730.0,70.0,100.03,7738.1,1426.53,1260.22
4655,maize,12.5392,9.8828,0.156267,3.609118,0.1548,0.4408,740.0,20.0,100.03,7557.4,1425.34,1263.54
4656,maize,10.4069,9.8799,0.136363,0.979811,0.1698,0.4725,732.0,130.0,100.03,7191.3,1228.62,1263.13
4657,maize,11.9812,9.8926,0.078305,1.935967,0.146,0.3576,730.0,0.0,100.03,6265.7,1128.43,1261.27
4658,maize,8.0515,9.8458,-0.072124,0.973056,0.1649,0.409,732.0,5.0,100.03,6832.6,1263.94,1258.87
4659,maize,7.0061,9.7938,-0.183252,3.101285,0.1441,0.4228,742.0,70.0,100.03,6274.5,1053.42,1256.93
4660,maize,12.7302,9.8451,0.141552,1.538859,0.1679,0.4059,734.0,85.0,100.03,7531.1,1357.38,1258.19
4661,maize,12.451,9.8527,0.04507,0.819252,0.1536,0.3936,732.0,0.0,100.03,7299.0,1385.56,1257.16
4662,maize,9.0891,9.8653,-0.017141,0.510285,0.1355,0.3525,730.0,40.0,100.03,7007.6,1273.9,1260.47
4663,maize,8.1012,9.8268,-0.070184,0.980958,0.1336,0.2913,732.0,45.0,100.03,6379.8,1110.75,1257.94
4664,maize,10.2622,9.8429,-0.072709,0.581317,0.1382,0.4165,734.0,110.0,100.03,7578.8,1344.31,1259.59
4665,maize,8.9919,9.8228,-0.057428,1.794234,0.1374,0.2285,730.0,0.0,100.03,6337.1,1146.28,1257.24
4666,maize,10.1464,9.8234,0.010422,0.269038,0.1282,0.317,732.0,80.0,100.03,6919.2,1210.61,1255.69
4667,maize,6.1993,9.7769,-0.176789,2.265519,0.1372,0.4115,734.0,135.0,100.03,6782.8,1120.31,1254.14
4668,maize,8.5149,9.7267,-0.043642,0.988589,0.1485,0.3677,730.0,120.0,100.03,6268.6,1009.16,1250.18
4669,maize,6.16,9.7187,-0.13121,3.963155,0.1373,0.3722,730.0,10.0,100.03,6339.7,1136.91,1249.56
4670,maize,6.8582,9.6924,-0.133876,2.437671,0.1185,0.1986,742.0,30.0,100.03,6340.8,1110.0,1247.33
4671,maize,7.5961,9.6946,-0.015231,0.329961,0.1585,0.3798,734.0,80.0,100.03,6603.0,1130.34,1247.88
4672,maize,12.4404,9.7209,0.16625,2.929534,0.1696,0.4087,749.0,5.0,100.03,8075.5,1564.48,1251.42
4673,maize,13.2295,9.7501,0.215787,6.709463,0.1216,0.408,734.0,45.0,100.03,7619.4,1419.45,1253.1
4674,maize,10.7607,9.7916,0.132663,2.465975,0.1437,0.3039,730.0,60.0,100.03,7177.1,1296.27,1253.09
4675,maize,5.191,9.757,-0.084688,2.391266,0.122,0.2753,732.0,10.0,100.03,5489.7,923.23,1251.96
4676,maize,10.2939,9.766,0.202598,3.065661,0.1257,0.2859,732.0,15.0,100.03,7127.6,1327.7,1252.86
4677,maize,10.7255,9.8221,0.245834,4.07256,0.1462,0.3256,730.0,110.0,100.03,7185.9,1248.46,1255.41
4678,maize,11.0228,9.8261,0.112384,2.189777,0.1324,0.193,730.0,45.0,100.03,7601.3,1417.32,1255.63
4679,maize,9.0313,9.778,0.098253,0.833186,0.158,0.3866,732.0,0.0,100.03,7248.7,1372.99,1255.46
4680,maize,10.2135,9.7645,0.083618,1.418001,0.1084,0.3768,730.0,20.0,100.03,6539.4,1176.84,1254.21
4681,maize,12.7895,9.7905,0.172465,4.377016,0.1518,0.2975,730.0,20.0,100.03,7344.4,1378.1,1255.64
4682,maize,8.028,9.765,-0.030989,0.379823,0.1233,0.3848,732.0,85.0,100.03,7163.9,1266.77,1255.76
4683,maize,10.2414,9.8607,0.091725,0.677426,0.155,0.4405,736.0,20.0,100.03,7503.5,1414.26,1263.56
4684,maize,9.0218,9.8366,0.022651,0.860012,0.1466,0.3555,730.0,15.0,100.03,6988.7,1294.18,1263.51
4685,maize,8.8827,9.8472,-0.087992,0.941332,0.1468,0.2945,732.0,45.0,100.03,6537.7,1150.24,1263.87
4686,maize,1.1268,9.7868,-0.214586,13.443751,0.1113,0.171,730.0,5.0,100.03,4861.8,772.44,1262.03
4687,maize,12.3288,9.8528,0.096052,1.501334,0.1693,0.4051,730.0,25.0,100.03,7369.1,1379.27,1263.81
4688,maize,11.635,9.8933,0.04466,0.942688,0.1314,0.3022,732.0,60.0,100.03,7118.5,1280.43,1266.26
4689,maize,5.275,9.8292,-0.307086,9.225554,0.1189,0.3651,732.0,15.0,100.03,5840.0,1005.81,1262.58
4690,maize,3.9406,9.7822,-0.150018,9.500627,0.0891,0.1349,730.0,40.0,100.03,6003.6,1022.91,1260.92
4691,maize,11.9989,9.7914,-0.039951,0.419675,0.1273,0.3981,730.0,50.0,100.03,6136.4,1046.09,1257.7
4692,maize,11.1662,9.7814,-0.003684,0.270025,0.1241,0.3439,730.0,20.0,100.03,7056.3,1306.07,1257.28
4693,maize,12.3474,9.758,0.032254,0.331056,0.1296,0.4572,732.0,95.0,100.03,7383.9,1311.77,1256.61
4694,maize,12.27,9.773,0.04466,1.076204,0.1574,0.4061,730.0,20.0,100.03,7395.0,1390.76,1257.83
4695,maize,10.8007,9.7903,-0.013009,0.233077,0.1458,0.4304,732.0,50.0,100.03,7230.4,1318.4,1259.36
4696,maize,8.6874,9.7667,-0.08535,1.379034,0.1217,0.2736,732.0,60.0,100.03,7070.3,1268.38,1260.3
4697,maize,12.3906,9.8159,0.049677,0.445051,0.1329,0.4132,730.0,70.0,100.03,7356.3,1331.07,1261.59
4698,maize,6.5759,9.7769,-0.185486,7.211231,0.1427,0.3088,732.0,40.0,100.03,5805.5,972.17,1257.65
4699,maize,5.709,9.7187,-0.177543,7.299275,0.115,0.3181,740.0,30.0,100.03,5598.2,925.56,1252.7
4700,maize,10.1613,9.6841,-0.043353,1.679484,0.1418,0.3512,732.0,10.0,100.03,6503.9,1176.78,1248.45
4701,maize,11.6849,9.6813,0.057454,0.65224,0.117,0.4517,730.0,80.0,100.03,7357.1,1321.26,1248.65
4702,maize,8.4828,9.631,-0.160395,2.025427,0.1221,0.4115,756.0,55.0,100.03,7032.7,1249.56,1246.37
4703,maize,8.4008,9.6877,-0.02016,0.730795,0.1299,0.3809,730.0,5.0,100.03,6938.6,1291.65,1249.81
4704,maize,14.4178,9.7186,0.161727,3.493294,0.1619,0.3981,732.0,40.0,100.03,7679.8,1440.75,1249.8
4705,maize,8.355,9.7216,-0.059719,0.539197,0.1234,0.4489,732.0,60.0,100.03,6550.3,1138.38,1251.76
4706,maize,8.0528,9.6748,-0.090487,0.693254,0.1347,0.4087,732.0,10.0,100.03,6599.2,1200.6,1249.04
4707,maize,6.7222,9.6174,-0.092769,1.927753,0.1324,0.4503,730.0,55.0,100.03,6057.8,1021.44,1243.25
4708,maize,11.6831,9.6313,0.12701,3.551019,0.1414,0.3842,730.0,10.0,100.03,7469.6,1419.39,1244.24
4709,maize,13.2403,9.645,0.165125,6.565764,0.1302,0.4372,732.0,80.0,100.03,7804.5,1431.93,1244.44
4710,maize,8.1538,9.6156,0.011636,0.860581,0.1439,0.4128,730.0,140.0,100.03,6125.4,953.36,1242.18
4711,maize,13.3595,9.6335,0.229975,7.269095,0.1448,0.3928,732.0,20.0,100.03,7729.8,1473.26,1243.24
4712,maize,11.0261,9.6557,0.087362,2.016353,0.1049,0.3754,730.0,30.0,100.03,7062.9,1297.72,1244.63
4713,maize,9.243,9.6394,0.037827,0.81167,0.0887,0.3747,730.0,30.0,100.03,6288.8,1104.2,1242.81
4714,maize,10.8044,9.615,0.195934,3.529403,0.1261,0.3665,732.0,35.0,100.03,6992.6,1273.95,1241.11
4715,maize,3.6205,9.536,-0.099829,5.322011,0.1227,0.2452,732.0,40.0,100.03,5396.4,869.91,1235.7
4716,maize,9.9549,9.4996,0.064965,0.956124,0.0968,0.3893,732.0,60.0,100.03,7358.5,1340.42,1236.14
4717,maize,8.2755,9.5293,-0.038612,0.676983,0.0886,0.3644,742.0,40.0,100.03,6016.0,1018.8,1234.13
4718,maize,9.8108,9.5114,0.062458,0.918085,0.114,0.332,732.0,80.0,100.03,7334.0,1314.29,1234.8
4719,maize,8.2512,9.4986,0.001153,0.59904,0.0828,0.1218,730.0,0.0,100.03,6773.5,1255.37,1234.65
4720,maize,5.6786,9.4829,-0.043136,1.395493,0.0996,0.2685,730.0,0.0,100.03,5768.8,1004.19,1232.47
4721,maize,10.9307,9.5005,0.061472,0.840987,0.1183,0.3919,732.0,95.0,100.03,6980.9,1211.03,1230.79
4722,maize,6.0144,9.4514,-0.089858,3.066702,0.1103,0.3033,730.0,5.0,100.03,5745.6,993.39,1227.82
4723,maize,11.4429,9.4664,0.086003,2.370041,0.1116,0.3633,734.0,10.0,100.03,7781.7,1495.02,1229.7
4724,maize,8.5056,9.4372,-0.036475,0.26763,0.102,0.3277,732.0,50.0,100.03,6875.6,1229.7,1228.62
4725,maize,6.4726,9.3707,-0.023568,2.674821,0.0858,0.1351,730.0,0.0,100.03,6688.5,1234.12,1227.15
4726,maize,13.6679,9.4227,0.120139,6.180705,0.1358,0.3561,730.0,0.0,100.03,7691.6,1484.91,1228.86
4727,maize,11.0492,9.4391,0.042117,1.454068,0.0888,0.2101,730.0,0.0,100.03,7191.8,1359.94,1229.61
4728,maize,11.6877,9.4549,0.029945,2.210631,0.1345,0.4117,732.0,5.0,100.03,7532.9,1439.02,1230.82
4729,maize,8.6483,9.4494,-0.024968,0.445815,0.101,0.2618,740.0,0.0,100.03,6857.0,1270.24,1230.42
4730,maize,5.9107,9.3985,-0.123238,5.688219,0.0914,0.239,730.0,0.0,100.03,6000.5,1062.12,1226.65
4731,maize,11.7895,9.453,0.076918,1.21037,0.1058,0.3324,732.0,10.0,100.03,7351.4,1388.65,1228.8
4732,maize,6.0733,9.3867,-0.109504,2.049177,0.0886,0.2749,742.0,45.0,100.03,6711.6,1187.69,1227.19
4733,maize,10.0564,9.3665,-0.103336,2.267343,0.1218,0.3368,730.0,10.0,100.03,7224.8,1358.2,1225.87
4734,maize,2.8144,9.3361,-0.339012,17.41293,0.1263,0.2093,730.0,10.0,100.03,4543.5,687.87,1223.52
4735,maize,8.923,9.3243,0.001446,0.579929,0.0756,0.19,730.0,0.0,100.03,6887.8,1283.95,1223.8
4736,maize,13.7064,9.3597,0.121411,4.766811,0.1114,0.2305,730.0,85.0,100.03,7790.7,1424.67,1224.33
4737,maize,9.8623,9.3767,-0.035575,0.943233,0.1173,0.3828,734.0,170.0,100.03,6308.9,966.83,1224.28
4738,maize,7.7542,9.3654,-0.031846,0.263594,0.1129,0.2592,732.0,85.0,100.03,6716.3,1154.87,1223.98
4739,maize,7.8162,9.3647,-0.005632,0.262999,0.0941,0.2962,730.0,40.0,100.03,6973.5,1265.38,1224.8
4740,maize,12.5866,9.3458,0.097142,3.413161,0.1189,0.3512,730.0,25.0,100.03,7368.7,1379.18,1223.92
4741,maize,10.8462,9.3272,0.100799,2.622915,0.0689,0.1856,730.0,10.0,100.03,7067.0,1318.75,1222.27
4742,maize,8.9856,9.3441,0.035939,1.087032,0.0518,0.2259,730.0,20.0,100.03,6753.3,1230.33,1222.89
4743,maize,11.0558,9.369,0.07021,2.801868,0.0834,0.3227,730.0,40.0,100.03,7416.1,1376.02,1223.46
4744,maize,12.0304,9.424,0.027185,3.506665,0.0588,0.2587,730.0,0.0,100.03,7310.8,1389.69,1227.26
4745,maize,10.7123,9.4236,0.045238,1.497127,0.06,0.2229,730.0,40.0,100.03,7094.4,1295.61,1228.35
4746,maize,11.4997,9.4526,0.061027,1.840606,0.0749,0.3066,730.0,40.0,100.03,7456.7,1386.17,1229.64
4747,maize,8.2966,9.513,-0.047659,2.978456,0.0555,0.3251,730.0,40.0,100.03,6144.7,1058.19,1231.93
4748,maize,9.6641,9.4984,-0.006757,0.34196,0.0362,0.2023,730.0,5.0,100.03,7004.5,1308.12,1232.68
4749,maize,7.0315,9.4766,-0.151369,4.376653,0.0594,0.2692,730.0,15.0,100.03,6389.0,1144.26,1233.21
4750,maize,5.0966,9.4848,-0.104036,8.000867,0.0453,0.2036,730.0,80.0,100.03,5251.0,794.74,1232.48
4751,maize,10.155,9.5255,0.003432,0.398728,0.038,0.2073,730.0,40.0,100.03,7096.5,1296.11,1233.14
4752,maize,11.8877,9.5357,0.018175,0.641223,0.0272,0.1957,732.0,40.0,100.03,7129.2,1303.11,1233.07
4753,maize,9.1309,9.4953,-0.001595,0.249681,0.0326,0.1857,730.0,40.0,100.03,7053.2,1285.31,1231.04
4754,maize,12.1584,9.4885,0.041008,1.171834,0.0325,0.1888,734.0,40.0,100.03,7483.3,1390.41,1230.68
4755,maize,9.4485,9.4576,-0.011482,0.336303,0.0294,0.2078,730.0,0.0,100.03,7353.7,1400.42,1230.43
4756,maize,8.6921,9.4405,-0.044462,0.896942,0.0229,0.1761,730.0,80.0,100.03,7055.1,1245.77,1230.6
4757,maize,12.2457,9.4431,0.001307,2.776626,0.02,0.0833,730.0,0.0,100.03,7955.2,1550.81,1234.82
4758,maize,11.9585,9.4822,0.002654,0.821644,0.0197,0.1242,730.0,0.0,100.03,7353.2,1400.3,1236.18
4759,maize,8.4354,9.4965,-0.055405,2.071731,0.0257,0.2011,732.0,15.0,100.03,6725.6,1227.21,1237.92
4760,maize,9.8353,9.4675,0.004504,0.150354,0.0189,0.1459,730.0,5.0,100.03,6781.5,1252.38,1236.87
4761,maize,12.5749,9.4688,0.021579,1.653369,0.0225,0.1658,730.0,40.0,100.03,7062.3,1287.57,1235.89
4762,maize,16.2313,9.5402,0.030946,7.248745,0.0198,0.1461,730.0,40.0,100.03,7933.7,1505.43,1238.21
4763,maize,12.7775,9.587,-7.8e-05,1.168067,0.0124,0.1531,730.0,0.0,100.03,7454.7,1425.67,1241.36
4764,maize,9.5854,9.5802,-0.016582,1.230822,0.0193,0.1765,730.0,0.0,100.03,6929.8,1294.46,1240.86
4765,maize,11.7611,9.6079,0.014886,0.707608,0.0194,0.1263,730.0,0.0,100.03,7079.5,1331.87,1242.71
4766,maize,9.7438,9.6039,-0.006777,1.171056,0.0145,0.0978,730.0,40.0,100.03,7516.3,1401.07,1244.62
4767,maize,13.0293,9.6722,0.001058,1.353726,0.0131,0.1163,730.0,0.0,100.03,7787.4,1508.86,1248.5
4768,maize,11.4228,9.7012,-0.001712,1.003476,0.0119,0.0739,730.0,0.0,100.03,6741.2,1247.29,1250.89
4769,maize,10.504,9.7447,-0.00048,0.747904,0.006,0.0871,730.0,0.0,100.03,7403.6,1412.9,1253.65
4770,maize,13.0124,9.8062,0.01073,1.037996,0.0127,0.1102,730.0,0.0,100.03,7214.0,1365.5,1256.2
4771,maize,10.8419,9.8387,-0.001814,0.443741,0.0135,0.0976,730.0,0.0,100.03,7260.4,1377.1,1258.67
4772,maize,13.1458,9.8457,0.000926,0.45219,0.0115,0.0739,730.0,0.0,100.03,7419.4,1416.86,1257.19
4773,maize,14.0224,9.8537,0.000864,0.551168,0.0129,0.123,730.0,0.0,100.03,7632.7,1470.18,1257.7
4774,maize,7.6971,9.823,-0.101101,6.267014,0.0093,0.0908,732.0,5.0,100.03,6203.9,1106.77,1255.8
4775,maize,13.1678,9.9028,0.000614,0.406072,0.0105,0.1165,730.0,0.0,100.03,7603.0,1462.76,1261.2
4776,maize,6.5569,9.8654,-0.005046,9.608743,0.0064,0.0804,730.0,0.0,100.03,5838.9,1021.73,1258.14
4777,maize,13.1126,9.8893,0.000141,1.132196,0.0073,0.1144,730.0,0.0,100.03,7541.4,1447.35,1260.13
4778,maize,5.2047,9.8311,-0.064278,17.006701,0.0042,0.0876,730.0,40.0,100.03,5708.4,949.1,1255.45
4779,maize,6.4771,9.8056,-0.007839,13.060264,0.0091,0.1055,730.0,0.0,100.03,5882.2,1032.55,1252.04
4780,maize,9.5375,9.7988,-0.00206,2.409748,0.0032,0.0816,730.0,0.0,100.03,6840.2,1272.05,1252.99
4781,maize,12.0124,9.791,-0.001009,0.338595,0.0087,0.0928,730.0,0.0,100.03,7166.7,1353.66,1252.75
4782,maize,11.6399,9.8272,-0.008877,0.253702,0.0108,0.0929,732.0,0.0,100.03,7529.8,1443.24,1254.51
4783,maize,10.1076,9.8258,-0.00978,1.256506,0.0106,0.0793,730.0,80.0,100.03,6933.2,1215.31,1252.53
4784,maize,8.6893,9.8225,-0.009735,1.321929,0.0068,0.0651,730.0,40.0,100.03,7099.3,1296.82,1252.55
4785,maize,11.5283,9.8489,0.019684,0.446731,0.008,0.1012,730.0,40.0,100.03,6999.8,1271.94,1253.77
4786,maize,9.2606,9.9303,0.000116,1.284049,0.0024,0.0423,730.0,0.0,100.03,7200.4,1362.1,1259.67
4787,maize,5.2073,9.8591,-0.004637,6.09745,0.0068,0.1043,730.0,0.0,100.03,6021.7,1067.43,1256.55
4788,maize,12.129,9.864,0.01851,1.6271,0.0104,0.096,730.0,40.0,100.03,7034.4,1280.6,1256.55
4789,maize,5.0755,9.862,-0.01391,4.92977,0.0082,0.0741,730.0,0.0,100.03,5125.4,843.34,1254.92
4790,maize,11.0188,9.9328,0.03358,1.996683,0.0048,0.1005,732.0,40.0,100.03,7051.9,1283.78,1257.53
4791,maize,10.5912,9.9187,0.020183,1.335684,0.0095,0.0938,730.0,20.0,100.03,7224.6,1348.15,1260.55
4792,maize,5.7548,9.8646,-0.000247,2.287933,0.0059,0.0701,730.0,0.0,100.03,6036.7,1071.16,1258.2
4793,maize,11.015,9.8513,0.002198,2.827749,0.0104,0.0293,730.0,0.0,100.03,7253.1,1375.28,1258.84
4794,maize,10.5146,9.8337,0.001401,1.603249,0.0066,0.0668,730.0,0.0,100.03,7149.6,1349.4,1258.43
4795,maize,11.621,9.8419,0.033502,1.991028,0.0082,0.082,730.0,0.0,100.03,7166.3,1353.57,1258.78
4796,maize,7.1132,9.8262,-0.023664,1.508885,0.01,0.1177,730.0,45.0,100.03,6155.9,1055.97,1256.65
4797,maize,8.1196,9.7835,-0.009619,0.38274,0.0134,0.1169,730.0,0.0,100.03,6842.8,1272.7,1256.07
4798,maize,10.9177,9.8269,0.001447,1.818905,0.0071,0.1008,730.0,0.0,100.03,7216.7,1366.18,1260.01
4799,maize,8.2212,9.852,0.000603,0.744016,0.0114,0.1028,730.0,40.0,100.03,6686.3,1193.59,1262.69
4800,maize,9.2955,9.8434,0.003115,0.594145,0.0077,0.0437,730.0,40.0,100.03,6680.4,1192.11,1262.84
4801,maize,10.4658,9.8312,-0.000514,0.375278,0.0095,0.1128,730.0,40.0,100.03,7003.5,1272.88,1262.36
4802,maize,10.3373,9.8497,0.00071,0.734258,0.008,0.0422,730.0,0.0,100.03,6833.5,1270.36,1262.57
4803,maize,7.5635,9.8413,-0.037614,3.370198,0.0072,0.0623,730.0,0.0,100.03,5766.5,1003.61,1259.69
4804,maize,8.9572,9.7867,-0.00118,1.427363,0.0079,0.0588,730.0,0.0,100.03,6529.2,1194.3,1257.22
4805,maize,12.2663,9.8258,0.002585,2.924496,0.0121,0.1078,730.0,0.0,100.03,7874.4,1530.61,1261.14
4806,maize,11.1652,9.857,0.012583,0.962576,0.0087,0.0913,730.0,40.0,100.03,7066.5,1288.63,1262.03
4807,maize,13.2554,9.9223,0.040578,3.013222,0.011,0.1119,730.0,20.0,100.03,7701.5,1467.39,1266.48
4808,maize,11.6561,9.922,0.000118,1.05866,0.0099,0.0928,730.0,0.0,100.03,7293.7,1385.43,1266.14
4809,maize,11.0815,9.9004,-0.000559,0.283935,0.0085,0.0987,730.0,0.0,100.03,7144.8,1348.21,1265.31
4810,maize,6.5258,9.8842,-0.00394,4.854805,0.0103,0.0822,730.0,0.0,100.03,6179.3,1106.82,1266.84
4811,maize,13.9896,9.8905,0.031624,2.057045,0.0076,0.114,730.0,10.0,100.03,7945.1,1538.27,1267.49
4812,maize,10.9158,9.8894,-0.002563,0.286125,0.0057,0.1167,730.0,40.0,100.03,7474.3,1390.58,1268.42
4813,maize,13.4901,9.9318,0.030128,0.857825,0.01,0.1332,730.0,65.0,100.03,7845.0,1458.26,1271.96
4814,maize,10.031,9.9241,-0.013386,0.739003,0.0077,0.0768,730.0,20.0,100.03,6743.6,1227.91,1271.5
4815,maize,11.6082,10.004,1.3e-05,0.430551,0.0115,0.0999,730.0,40.0,100.03,7630.6,1429.66,1277.1
4816,maize,3.1762,9.9362,-0.008109,18.193623,0.0119,0.073,730.0,0.0,100.03,5143.1,847.77,1272.17
4817,maize,4.813,9.9016,-0.008353,12.744188,0.0118,0.1191,730.0,0.0,100.03,5376.0,905.99,1271.04
4818,maize,10.9525,9.913,-0.000578,0.389959,0.0106,0.1356,730.0,0.0,100.03,7308.7,1389.17,1271.79
4819,maize,11.9552,9.95,0.057078,0.625117,0.0121,0.1299,740.0,40.0,100.03,7347.5,1352.89,1272.77
4820,maize,8.4344,9.9776,-0.027812,2.053815,0.0113,0.1666,730.0,20.0,100.03,6429.9,1149.49,1274.22
4821,maize,9.6737,9.965,-0.003105,0.882159,0.0145,0.1584,730.0,0.0,100.03,6837.3,1271.32,1274.82
4822,maize,11.1616,10.0165,0.009673,0.197597,0.0122,0.1214,730.0,0.0,100.03,7466.3,1428.59,1279.18
4823,maize,9.9079,10.0011,0.009095,0.492101,0.0119,0.1779,730.0,40.0,100.03,7283.9,1342.97,1277.66
4824,maize,13.217,10.0482,0.018032,1.588357,0.0163,0.1632,730.0,5.0,100.03,7436.3,1416.08,1279.52
4825,maize,6.2981,10.0465,-0.034458,5.172765,0.0098,0.1106,730.0,0.0,100.03,6252.3,1125.08,1278.43
4826,maize,16.6153,10.076,0.091889,7.08,0.0194,0.237,730.0,5.0,100.03,8055.8,1570.94,1279.29
4827,maize,11.1512,10.077,0.005105,0.431877,0.0146,0.2336,732.0,80.0,100.03,7673.5,1399.16,1279.68
4828,maize,9.7774,10.0579,-0.000683,0.436019,0.017,0.2228,730.0,5.0,100.03,6652.0,1220.0,1277.49
4829,maize,11.2936,10.0843,0.004744,2.050282,0.0265,0.1479,730.0,0.0,100.03,7531.6,1444.9,1279.24
4830,maize,7.2972,10.0982,-0.046732,3.523157,0.0237,0.2016,730.0,45.0,100.03,6178.9,1061.72,1279.23
4831,maize,11.6043,10.0964,-0.014342,0.319933,0.0203,0.2236,730.0,55.0,100.03,7385.8,1353.45,1278.88
4832,maize,11.7783,10.1534,0.010294,0.331146,0.0248,0.2483,730.0,40.0,100.04,7272.8,1340.21,1280.41
4833,maize,11.5343,10.1682,0.012166,0.40614,0.0314,0.2395,730.0,0.0,100.04,7111.0,1339.76,1280.22
4834,maize,12.0999,10.261,0.00308,0.638675,0.0199,0.1783,730.0,20.0,100.04,6997.7,1291.43,1286.26
4835,maize,10.8562,10.2804,-0.01136,0.316581,0.0266,0.2188,730.0,0.0,100.04,7232.5,1370.12,1287.12
4836,maize,7.6531,10.2198,-0.016344,3.065509,0.0217,0.1904,730.0,40.0,100.04,6042.1,1032.53,1283.2
4837,maize,8.7423,10.2086,-0.008674,1.585425,0.0321,0.269,730.0,0.0,100.04,6967.2,1303.79,1286.57
4838,maize,13.0793,10.2619,0.026611,0.640945,0.0369,0.2155,730.0,10.0,100.04,7935.3,1535.82,1290.38
4839,maize,8.6011,10.2697,-0.083826,2.929834,0.0298,0.1912,730.0,85.0,100.04,6582.0,1122.51,1288.95
4840,maize,10.7966,10.2518,0.005347,0.225354,0.041,0.2464,730.0,5.0,100.04,7128.2,1339.05,1288.55
4841,maize,16.5606,10.309,0.078185,7.894481,0.0329,0.1833,730.0,40.0,100.04,8499.1,1646.78,1291.83
4842,maize,12.7692,10.3468,0.011614,0.645256,0.0283,0.2466,730.0,40.0,100.04,7537.2,1406.3,1293.59
4843,maize,12.8853,10.3651,0.047173,1.226091,0.0236,0.26,730.0,5.0,100.04,7537.4,1441.34,1294.24
4844,maize,12.7729,10.3725,0.014028,0.913291,0.0375,0.3142,730.0,40.0,100.04,7576.5,1416.13,1294.51
4845,maize,12.4811,10.3902,0.039552,0.669105,0.0407,0.2649,730.0,130.0,100.04,7399.4,1281.85,1294.37
4846,maize,11.3062,10.3883,-0.010485,0.74435,0.0237,0.1388,730.0,5.0,100.04,7305.2,1383.31,1294.34
4847,maize,11.9514,10.4248,-0.000893,0.228322,0.0354,0.2794,730.0,0.0,100.04,6837.5,1271.38,1296.47
4848,maize,7.4365,10.4026,-0.122726,9.694999,0.0438,0.2661,740.0,20.0,100.04,5673.2,954.29,1292.93
4849,maize,12.6246,10.4585,0.000139,0.301249,0.0493,0.2354,730.0,45.0,100.04,7899.6,1491.9,1296.41
4850,maize,11.9303,10.5268,-0.00504,0.466087,0.035,0.2568,730.0,40.0,100.04,7362.2,1362.55,1302.09
4851,maize,10.4828,10.5301,-0.064746,1.768172,0.0368,0.241,732.0,60.0,100.04,6664.6,1166.95,1300.8
4852,maize,12.7299,10.5385,-0.002155,0.32691,0.0403,0.2433,730.0,0.0,100.04,7514.3,1440.56,1302.17
4853,maize,7.0416,10.5176,-0.058552,8.189969,0.0406,0.242,730.0,40.0,100.04,5674.9,940.72,1298.72
4854,maize,12.3761,10.5198,0.012222,0.26086,0.0357,0.2697,730.0,45.0,100.04,7451.6,1379.9,1298.62
4855,maize,12.1551,10.5469,0.037398,0.511645,0.043,0.2582,732.0,60.0,100.04,7577.6,1395.2,1298.57
4856,maize,10.0276,10.5602,-0.006059,0.6491,0.0302,0.1451,730.0,40.0,100.04,7111.4,1299.86,1299.11
4857,maize,10.9286,10.5471,-0.009678,0.50088,0.0426,0.2173,730.0,0.0,100.04,6949.4,1299.35,1296.59
4858,maize,2.1589,10.4491,-0.127221,24.33626,0.0376,0.2399,730.0,0.0,100.04,4570.4,704.6,1289.64
4859,maize,8.2112,10.4468,-0.040899,1.96922,0.0454,0.2538,730.0,40.0,100.04,6621.5,1177.39,1289.14
4860,maize,6.7589,10.4161,-0.053471,3.988888,0.0418,0.268,730.0,40.0,100.04,5911.9,999.99,1286.61
4861,maize,8.6223,10.3765,-0.012071,1.008032,0.0384,0.2512,732.0,10.0,100.04,6843.1,1261.57,1286.35
4862,maize,8.0783,10.295,-0.003459,0.328942,0.0512,0.2319,730.0,20.0,100.04,7004.9,1293.22,1284.23
4863,maize,7.3525,10.2408,-0.017564,1.092454,0.0508,0.3404,730.0,0.0,100.04,6003.2,1062.8,1280.6
4864,maize,13.2111,10.277,0.149227,7.306743,0.0559,0.3428,730.0,5.0,100.04,7355.0,1395.76,1281.62
4865,maize,12.2913,10.2823,0.034136,7.832271,0.0363,0.3153,730.0,0.0,100.04,7475.7,1430.93,1282.61
4866,maize,9.1774,10.2767,0.131497,3.398647,0.0368,0.2515,730.0,30.0,100.04,6868.7,1249.18,1281.09
4867,maize,14.9798,10.2962,0.198815,16.262293,0.0562,0.3386,730.0,80.0,100.04,7808.2,1434.05,1280.34
4868,maize,11.9495,10.3014,0.079651,9.115458,0.0355,0.2264,732.0,40.0,100.04,7033.4,1279.16,1280.66
4869,maize,10.6057,10.3024,0.137194,4.143688,0.0474,0.3492,730.0,40.0,100.04,7068.8,1289.21,1279.42
4870,maize,11.7747,10.2901,0.080396,6.447395,0.0393,0.1657,730.0,40.0,100.04,7270.1,1339.53,1279.16
4871,maize,5.7115,10.2388,-0.003681,1.633865,0.0292,0.2308,730.0,20.0,100.04,5844.7,1003.18,1275.42
4872,maize,9.931,10.2066,0.03493,1.921295,0.0369,0.2661,730.0,0.0,100.04,7294.1,1385.53,1275.11
4873,maize,10.2768,10.1692,0.041769,1.788986,0.0276,0.2877,730.0,45.0,100.04,6919.0,1246.76,1272.88
4874,maize,9.5779,10.188,0.038066,0.888688,0.0352,0.3102,730.0,20.0,100.04,6547.5,1178.87,1273.6
4875,maize,9.197,10.1483,0.011536,0.726689,0.0192,0.1265,730.0,0.0,100.03,6909.4,1289.36,1271.86
4876,maize,11.3761,10.1964,0.040308,1.364931,0.0388,0.3114,730.0,40.0,100.04,7480.6,1392.16,1275.57
4877,maize,13.2565,10.1979,0.059379,3.892338,0.0324,0.2202,730.0,20.0,100.04,7601.4,1442.34,1275.52
4878,maize,11.4124,10.26,0.020201,0.560578,0.022,0.2165,730.0,40.0,100.04,6866.6,1238.66,1278.41
4879,maize,4.9453,10.2446,-0.135455,10.485534,0.0256,0.287,734.0,65.0,100.04,5682.3,915.18,1277.24
4880,maize,8.1202,10.2305,-0.075724,5.882506,0.02,0.3254,730.0,40.0,100.04,6421.1,1127.27,1275.79
4881,maize,10.5562,10.2159,-0.002502,1.164719,0.0354,0.2194,730.0,15.0,100.04,6991.9,1294.98,1275.2
4882,maize,13.0648,10.2302,0.025272,1.187971,0.0258,0.2771,732.0,45.0,100.04,7773.8,1459.26,1275.36
4883,maize,11.8556,10.2476,-0.019436,1.529996,0.0287,0.2152,730.0,60.0,100.04,7549.6,1389.41,1277.1
4884,maize,7.2443,10.2332,-0.008817,4.955286,0.0186,0.13,730.0,0.0,100.04,6657.9,1226.47,1276.4
4885,maize,10.0759,10.2187,-0.005613,1.398269,0.0278,0.1724,730.0,40.0,100.04,7063.2,1287.79,1276.56
4886,maize,11.5655,10.2417,0.00868,1.24037,0.0254,0.2346,730.0,20.0,100.04,6980.1,1287.02,1275.81
4887,maize,8.4744,10.2744,-0.019241,1.958199,0.0225,0.1536,730.0,40.0,100.04,6874.1,1240.54,1277.54
4888,maize,10.315,10.2562,0.00335,0.397276,0.02,0.2159,730.0,80.0,100.04,6987.4,1228.86,1277.02
4889,maize,7.8023,10.2835,-0.089565,3.486863,0.0315,0.2768,730.0,60.0,100.04,6327.1,1083.78,1279.43
4890,maize,13.0608,10.3039,0.014567,1.058902,0.0294,0.2919,730.0,0.0,100.04,7490.4,1434.59,1280.94
4891,maize,14.4016,10.342,0.030539,3.769608,0.0257,0.2694,730.0,0.0,100.04,7759.4,1501.86,1282.47
4892,maize,12.0349,10.4048,0.030353,1.264893,0.0254,0.2658,730.0,40.0,100.04,7574.9,1415.71,1285.92
4893,maize,11.1252,10.4059,0.00838,0.516709,0.023,0.2376,730.0,40.0,100.04,7177.9,1316.47,1285.33
4894,maize,11.7246,10.418,0.00335,0.642748,0.0197,0.2776,730.0,0.0,100.04,7018.5,1316.63,1285.0
4895,maize,9.5076,10.3969,-0.019028,1.350996,0.0201,0.2307,730.0,30.0,100.04,6062.4,1047.61,1281.94
4896,maize,11.6839,10.4426,0.044635,0.896159,0.0278,0.2212,730.0,120.0,100.04,7209.5,1244.37,1283.83
4897,maize,12.1947,10.4834,0.015698,0.81411,0.0247,0.1769,730.0,40.0,100.04,6564.7,1163.18,1282.73
4898,maize,4.0796,10.415,-0.011927,12.756011,0.0127,0.1357,730.0,0.0,100.04,7201.3,1362.32,1282.69
4899,maize,11.6007,10.4488,0.0349,0.882916,0.0228,0.2244,730.0,10.0,100.04,7405.3,1403.33,1284.79
4900,maize,8.1171,10.437,-0.059414,2.623652,0.0287,0.211,730.0,40.0,100.04,7002.7,1272.67,1285.6
4901,maize,11.7864,10.4502,0.001176,0.532381,0.0349,0.2708,730.0,0.0,100.04,7672.6,1480.15,1287.67
4902,maize,13.7804,10.4846,0.009486,1.126968,0.0306,0.1782,730.0,0.0,100.04,7915.5,1540.88,1290.37
4903,maize,4.0736,10.4497,-0.020036,11.578778,0.0292,0.1547,730.0,0.0,100.04,5980.5,1057.13,1290.91
4904,maize,5.0579,10.4107,-0.107868,12.811397,0.0269,0.2288,730.0,40.0,100.04,6106.7,1048.67,1289.45
4905,maize,7.2358,10.3604,-0.020105,8.567616,0.0288,0.2178,730.0,0.0,100.04,6004.0,1062.99,1284.78
4906,maize,13.7315,10.3861,0.030038,1.724889,0.0438,0.2674,730.0,80.0,100.04,7861.7,1447.42,1286.36
4907,maize,13.0491,10.384,-0.02324,0.27967,0.038,0.3495,730.0,160.0,100.04,7399.9,1251.98,1284.21
4908,maize,10.2543,10.37,-0.020815,0.625226,0.0329,0.2904,730.0,80.0,100.04,6949.0,1219.25,1282.55
4909,maize,9.1095,10.3503,-0.047691,3.433318,0.0389,0.3318,730.0,0.0,100.04,6649.3,1224.32,1281.31
4910,maize,9.2097,10.3771,-0.083094,2.086295,0.0416,0.3781,730.0,90.0,100.04,7348.4,1309.09,1283.33
4911,maize,6.1731,10.299,-0.085907,4.834764,0.0305,0.2589,740.0,100.0,100.04,5958.1,945.53,1277.4
4912,maize,7.5663,10.2655,-0.108001,5.025487,0.0438,0.3213,730.0,0.0,100.04,5997.5,1061.37,1274.11
4913,maize,8.2063,10.2126,-0.057735,2.665211,0.046,0.4661,730.0,40.0,100.04,6425.3,1128.33,1270.81
4914,maize,12.4439,10.2368,0.03261,2.429846,0.0366,0.3577,730.0,10.0,100.04,7420.1,1407.03,1272.6
4915,maize,7.4708,10.1954,0.001657,1.329453,0.0366,0.3186,730.0,40.0,100.04,6509.7,1149.43,1269.8
4916,maize,8.5643,10.2493,-0.031901,1.034638,0.0433,0.4623,730.0,85.0,100.04,6392.9,1075.23,1272.08
4917,maize,11.446,10.3156,0.111685,1.741189,0.0463,0.3303,730.0,185.0,100.04,7306.2,1203.54,1275.05
4918,maize,8.5102,10.2912,0.044842,2.078621,0.0354,0.4209,732.0,120.0,100.04,6796.2,1139.85,1272.56
4919,maize,13.7853,10.3095,0.127753,9.29617,0.0412,0.4243,732.0,40.0,100.04,7981.4,1516.15,1274.19
4920,maize,8.5897,10.311,0.026936,0.911928,0.0388,0.3203,730.0,80.0,100.04,6934.1,1215.53,1274.85
4921,maize,9.2538,10.3068,0.058809,2.549164,0.0404,0.4463,730.0,0.0,100.04,6948.3,1299.08,1275.13
4922,maize,11.7104,10.3123,0.09803,5.667478,0.0424,0.3779,730.0,5.0,100.04,7907.2,1533.79,1276.18
4923,maize,11.9163,10.3324,0.122849,2.782896,0.043,0.4113,730.0,140.0,100.04,6339.4,1006.86,1272.82
4924,maize,14.6982,10.3472,0.078626,6.816603,0.0417,0.431,730.0,40.0,100.04,7935.1,1505.77,1273.72
4925,maize,13.3527,10.4178,0.075228,2.505925,0.0319,0.4189,730.0,80.0,100.04,7064.0,1247.99,1274.95
4926,maize,11.6162,10.3678,0.026625,1.256843,0.0287,0.491,730.0,80.0,100.04,7294.2,1305.54,1272.29
4927,maize,15.8246,10.4145,0.025496,7.108641,0.0392,0.3625,730.0,0.0,100.04,8181.3,1607.34,1274.37
4928,maize,8.1154,10.3979,-0.028667,2.079483,0.027,0.3131,730.0,40.0,100.04,6535.6,1155.9,1273.73
4929,maize,12.7371,10.4123,0.030888,0.708094,0.0347,0.4014,730.0,50.0,100.04,7698.3,1436.57,1273.65
4930,maize,10.8999,10.4483,-0.012589,0.658966,0.0351,0.3722,730.0,40.0,100.04,7932.2,1505.05,1278.08
4931,maize,7.1097,10.4034,-0.086086,4.937585,0.0318,0.3211,730.0,130.0,100.04,6616.2,1086.06,1275.41
4932,maize,7.0561,10.3562,-0.069116,6.568933,0.0403,0.3766,730.0,85.0,100.04,6366.7,1068.68,1272.69
4933,maize,7.6646,10.3175,-0.028996,12.518629,0.0326,0.2544,730.0,40.0,100.04,5283.8,842.94,1267.73
4934,maize,12.8439,10.3249,-0.042281,1.458127,0.0332,0.2288,730.0,10.0,100.04,7420.4,1407.11,1268.88
4935,maize,13.8135,10.3545,0.011632,0.846214,0.0298,0.305,730.0,20.0,100.04,7632.4,1450.09,1269.68
4936,maize,11.9908,10.3979,-0.005659,0.289479,0.0485,0.3171,730.0,0.0,100.04,7385.2,1408.3,1273.44
4937,maize,7.4214,10.3847,-0.128737,9.5989,0.0344,0.3158,730.0,40.0,100.04,6005.7,1023.43,1270.64
4938,maize,11.387,10.3677,0.006935,0.839382,0.0318,0.3177,730.0,85.0,100.04,7171.9,1269.98,1267.98
4939,maize,6.9075,10.3508,-0.137752,5.32381,0.0357,0.3087,730.0,80.0,100.04,6825.0,1188.25,1268.64
4940,maize,12.6457,10.3693,0.021194,0.5919,0.0495,0.3523,730.0,80.0,100.04,7545.7,1368.43,1268.93
4941,maize,11.4126,10.3178,0.002605,0.662144,0.0443,0.2665,730.0,0.0,100.04,7149.2,1349.29,1265.95
4942,maize,10.7249,10.2974,0.002337,0.320844,0.0313,0.2849,730.0,10.0,100.04,7356.0,1391.01,1265.8
4943,maize,12.6788,10.2953,0.013932,0.84006,0.0343,0.2149,730.0,60.0,100.04,7310.5,1329.63,1264.68
4944,maize,12.4684,10.2923,0.020875,0.923324,0.0307,0.2802,730.0,30.0,100.04,7394.8,1380.7,1264.33
4945,maize,12.438,10.2918,0.011789,0.547435,0.0361,0.3237,730.0,0.0,100.04,7150.9,1349.71,1265.01
4946,maize,9.8844,10.2776,-0.009691,1.485085,0.0234,0.2914,730.0,0.0,100.04,7245.9,1373.48,1264.91
4947,maize,8.0801,10.2389,-0.047786,2.559425,0.0234,0.2164,730.0,55.0,100.04,6736.5,1191.13,1264.11
4948,maize,11.633,10.2809,-0.00053,0.108237,0.0341,0.2599,730.0,90.0,100.04,7511.3,1349.82,1268.06
4949,maize,14.6166,10.3008,0.01197,1.535651,0.0213,0.2286,730.0,40.0,100.04,7716.1,1451.03,1267.65
4950,maize,8.8978,10.2705,-0.011703,3.404616,0.0236,0.2307,730.0,0.0,100.04,6957.2,1301.29,1267.04
4951,maize,10.7544,10.2732,-0.045357,1.37772,0.0324,0.2511,730.0,30.0,100.04,7116.7,1311.16,1268.48
4952,maize,10.9602,10.2555,0.005118,0.615136,0.0315,0.2873,730.0,10.0,100.04,7308.4,1379.09,1267.87
4953,maize,12.0591,10.3057,-0.003709,0.234714,0.0289,0.1761,730.0,5.0,100.04,7255.7,1370.91,1272.17
4954,maize,8.1338,10.2632,-0.064099,3.182877,0.0323,0.2613,730.0,25.0,100.04,6265.3,1103.33,1269.41
4955,maize,12.1419,10.2631,0.022695,0.426602,0.0374,0.3104,730.0,80.0,100.04,7356.0,1321.01,1268.66
4956,maize,10.783,10.2707,-0.001408,0.32674,0.0405,0.3117,730.0,40.0,100.04,7537.3,1406.32,1269.73
4957,maize,10.8924,10.2703,0.03378,1.44125,0.0365,0.2365,730.0,40.0,100.04,6816.5,1226.14,1269.0
4958,maize,9.8806,10.3475,0.003771,0.839302,0.0273,0.2673,732.0,10.0,100.04,6746.3,1237.36,1274.32
4959,maize,11.3685,10.3791,0.013941,0.192292,0.0347,0.2651,730.0,40.0,100.04,7188.6,1319.15,1275.74
4960,maize,8.6549,10.398,0.003427,0.442256,0.0301,0.2765,732.0,10.0,100.04,6806.3,1252.38,1278.27
4961,maize,8.7355,10.3992,-0.015833,1.235424,0.0395,0.2888,730.0,0.0,100.04,6682.0,1232.51,1277.97
4962,maize,8.543,10.4038,-0.025699,1.908967,0.0243,0.2649,730.0,10.0,100.04,6537.4,1186.36,1276.91
4963,maize,12.0562,10.4509,0.035588,1.611882,0.0259,0.2298,730.0,40.0,100.04,7578.3,1416.58,1280.44
4964,maize,-8.4881,10.2339,-0.000451,34.954384,0.0,0.0066,180.0,0.0,100.04,0.0,-108.0,1265.41
4965,maize,10.7298,10.2182,0.012716,0.285355,0.0268,0.2585,730.0,40.0,100.04,7478.8,1391.69,1265.01
4966,maize,13.6183,10.2627,0.069241,4.595113,0.0315,0.2374,730.0,5.0,100.04,7970.3,1549.56,1268.02
4967,maize,12.2522,10.2354,0.051529,0.695308,0.0395,0.3542,730.0,80.0,100.04,6863.8,1197.95,1265.66
4968,maize,11.161,10.2275,0.053792,0.69094,0.0421,0.3406,730.0,100.0,100.04,7423.9,1317.97,1266.05
4969,maize,10.1736,10.2232,0.014905,0.930509,0.0292,0.2531,730.0,70.0,100.04,7158.4,1281.59,1265.97
4970,maize,5.1645,10.1571,-0.158556,8.04391,0.0448,0.3054,730.0,130.0,100.04,6172.6,975.14,1262.33
4971,maize,3.2483,10.1324,-0.136337,15.340762,0.03,0.1843,730.0,80.0,100.03,5368.7,824.19,1260.54
4972,maize,8.2828,10.116,-0.028566,1.07988,0.036,0.2918,730.0,30.0,100.03,6499.5,1156.87,1258.25
4973,maize,8.8791,10.102,-0.042787,1.010281,0.0352,0.2643,730.0,40.0,100.03,6923.0,1252.76,1258.31
4974,maize,14.915,10.1554,0.069904,4.104848,0.0342,0.3226,730.0,80.0,100.04,7894.2,1455.54,1261.08
4975,maize,8.6575,10.15,-0.008102,1.035448,0.0318,0.2196,730.0,0.0,100.03,6526.3,1193.57,1260.12
4976,maize,11.527,10.1515,0.034099,0.797624,0.031,0.2973,730.0,85.0,100.04,7377.9,1321.47,1259.41
4977,maize,8.3867,10.1028,-0.000198,0.440288,0.025,0.1762,732.0,0.0,100.03,6974.1,1304.34,1258.03
4978,maize,7.4379,10.063,-0.01378,1.317855,0.0254,0.2019,730.0,0.0,100.03,6526.9,1193.73,1257.58
4979,maize,13.55,10.1491,0.076541,3.537002,0.0286,0.3287,732.0,80.0,100.03,7847.1,1442.59,1262.86
4980,maize,13.2651,10.2005,0.056587,3.007932,0.034,0.3512,740.0,5.0,100.04,7073.1,1319.29,1264.78
4981,maize,6.12,10.1562,-0.025797,3.540543,0.0196,0.13,730.0,0.0,100.04,6600.0,1212.0,1263.95
4982,maize,8.3918,10.1094,-0.010011,0.436737,0.0192,0.3472,730.0,5.0,100.03,7422.2,1412.54,1263.48
4983,maize,7.6366,10.0672,-6e-05,1.786079,0.0203,0.2074,730.0,0.0,100.03,6634.6,1220.66,1261.79
4984,maize,12.2393,10.1172,0.095445,3.434239,0.042,0.2943,730.0,100.0,100.03,7541.8,1347.44,1263.0
4985,maize,11.8171,10.1346,0.056296,2.253782,0.0427,0.352,730.0,10.0,100.03,7597.0,1451.25,1264.64
4986,maize,12.5685,10.1446,0.077106,1.945751,0.041,0.4123,730.0,5.0,100.03,7249.2,1369.31,1265.46
4987,maize,15.4688,10.2146,0.093277,8.172839,0.0406,0.4263,730.0,40.0,100.04,7862.6,1487.65,1267.93
4988,maize,5.9476,10.1709,-0.135327,8.677842,0.0332,0.3375,730.0,165.0,100.04,5279.8,716.95,1262.81
4989,maize,10.2555,10.1954,0.012956,0.778808,0.046,0.3954,730.0,0.0,100.04,6755.7,1250.92,1264.48
4990,maize,10.2852,10.1677,0.015161,0.467783,0.0231,0.31,730.0,40.0,100.04,6932.9,1255.22,1262.69
4991,maize,9.4285,10.1179,0.000405,0.125442,0.0277,0.3066,730.0,40.0,100.03,7036.0,1280.99,1260.48
4992,maize,13.9915,10.1375,0.091058,4.848141,0.0338,0.3239,730.0,60.0,100.03,7580.2,1397.05,1260.29
4993,maize,12.5781,10.152,0.011085,2.025537,0.034,0.3367,730.0,0.0,100.04,7642.7,1472.68,1261.85
4994,maize,10.5677,10.1405,0.002656,0.478946,0.034,0.316,730.0,80.0,100.03,7328.6,1314.14,1261.83
4995,maize,7.4462,10.1199,-0.042769,3.73909,0.0382,0.2111,730.0,0.0,100.03,6264.2,1128.05,1262.63
4996,maize,9.4032,10.0971,-0.038845,2.233619,0.0229,0.3375,730.0,20.0,100.03,6875.2,1260.81,1262.8
4997,maize,7.5719,10.0508,-0.073294,3.207684,0.0324,0.3071,730.0,90.0,100.03,6590.2,1119.56,1262.36
4998,maize,9.2196,10.1022,-0.011022,1.315028,0.0242,0.2758,730.0,0.0,100.03,7178.3,1356.57,1262.31
4999,maize,9.1334,10.0776,-0.089447,1.396753,0.0318,0.3274,732.0,50.0,100.03,6822.6,1216.45,1260.44
5000,maize,6.4882,10.0613,-0.0697,2.842767,0.0388,0.2932,730.0,80.0,100.03,6260.5,1047.11,1258.18
