episode,crop,season_return,avg100_return,actor_loss,critic_loss,total_water_mm,total_nitrogen_kgha,vs_baseline_pct,grain_yield_kgha,profit_usd_ha,avg100_profit_usd_ha
1,maize,-351.5153,-351.5153,,,3130.0,0.0,-49.68,6105.9,-351.52,-351.52
2,maize,-441.4974,-396.5063,,,3320.0,0.0,-62.39,6202.0,-441.5,-396.51
3,maize,-1452.0,-748.3376,,,2420.0,0.0,-205.19,0.0,-1452.0,-748.34
4,maize,-792.7831,-759.4489,,,3520.0,0.0,-112.04,5276.9,-792.78,-759.45
5,maize,-579.4747,-723.4541,,,3370.0,0.0,-81.89,5770.1,-579.47,-723.45
6,maize,-439.2065,-676.0795,,,3210.0,0.0,-62.07,5947.2,-439.21,-676.08
7,maize,-545.5016,-657.4255,,,3160.0,0.0,-77.09,5402.0,-545.5,-657.43
8,maize,-344.9682,-618.3684,,,3030.0,0.0,-48.75,5892.1,-344.97,-618.37
9,maize,-528.9778,-608.4361,,,3410.0,0.0,-74.75,6068.1,-528.98,-608.44
10,maize,-144.1696,-562.0094,,,2750.0,0.0,-20.37,6023.3,-144.17,-562.01
11,maize,-463.2998,-553.0358,,,3140.0,0.0,-65.47,5682.8,-463.3,-553.04
12,maize,-515.9994,-549.9494,,,3210.0,0.0,-72.92,5640.0,-516.0,-549.95
13,maize,-519.398,-547.5993,,,3350.0,0.0,-73.4,5962.4,-519.4,-547.6
14,maize,-456.0617,-541.0609,,,3300.0,0.0,-64.45,6095.8,-456.06,-541.06
15,maize,-431.8087,-533.7775,,,3240.0,0.0,-61.02,6048.8,-431.81,-533.78
16,maize,-593.434,-537.506,,,3450.0,0.0,-83.86,5906.3,-593.43,-537.51
17,maize,-264.2061,-521.4295,,,3040.0,0.0,-37.34,6239.2,-264.21,-521.43
18,maize,-419.3259,-515.7571,,,3140.0,0.0,-59.26,5858.7,-419.33,-515.76
19,maize,-535.3969,-516.7908,,,3350.0,0.0,-75.66,5898.4,-535.4,-516.79
20,maize,-562.3313,-519.0678,,,3260.0,0.0,-79.47,5574.7,-562.33,-519.07
21,maize,-181.8587,-503.0102,,,2990.0,0.0,-25.7,6448.6,-181.86,-503.01
22,maize,-465.7381,-501.316,,,3220.0,0.0,-65.82,5865.0,-465.74,-501.32
23,maize,-496.0731,-501.0881,,,3410.0,0.0,-70.1,6199.7,-496.07,-501.09
24,maize,-483.9282,-500.3731,,,3280.0,0.0,-68.39,5936.3,-483.93,-500.37
25,maize,-482.7688,-499.6689,,,3280.0,0.0,-68.22,5940.9,-482.77,-499.67
26,maize,-371.8007,-494.7509,,,3220.0,0.0,-52.54,6240.8,-371.8,-494.75
27,maize,-368.4208,-490.072,,,3210.0,0.0,-52.06,6230.3,-368.42,-490.07
28,maize,-506.1383,-490.6458,,,3370.0,0.0,-71.53,6063.4,-506.14,-490.65
29,maize,-610.8899,-494.7922,,,3420.0,0.0,-86.33,5764.4,-610.89,-494.79
30,maize,-208.9082,-485.2627,,,2950.0,0.0,-29.52,6244.4,-208.91,-485.26
31,maize,-862.0962,-497.4186,,,3780.0,0.0,-121.83,5623.6,-862.1,-497.42
32,maize,-673.3301,-502.9159,,,3450.0,0.0,-95.15,5586.7,-673.33,-502.92
33,maize,-434.2947,-500.8364,,,3180.0,0.0,-61.37,5894.8,-434.29,-500.84
34,maize,-219.7808,-492.5701,,,2910.0,0.0,-31.06,6104.9,-219.78,-492.57
35,maize,-485.0489,-492.3552,,,3370.0,0.0,-68.55,6147.8,-485.05,-492.36
36,maize,-918.1693,-504.1834,,,3580.0,0.0,-129.75,4919.3,-918.17,-504.18
37,maize,-393.7657,-501.1991,,,3060.0,0.0,-55.65,5768.9,-393.77,-501.2
38,maize,-793.8672,-508.9009,,,3690.0,0.0,-112.19,5680.5,-793.87,-508.9
39,maize,-620.1783,-511.7542,,,3310.0,0.0,-87.64,5463.3,-620.18,-511.75
40,maize,-381.9858,-508.51,,,3140.0,0.0,-53.98,6008.1,-381.99,-508.51
41,maize,-222.8268,-501.5421,,,3040.0,0.0,-31.49,6404.7,-222.83,-501.54
42,maize,-446.8845,-500.2407,,,3190.0,0.0,-63.15,5868.5,-446.88,-500.24
43,maize,-598.9175,-502.5355,,,3360.0,0.0,-84.64,5668.3,-598.92,-502.54
44,maize,-668.9422,-506.3175,,,3430.0,0.0,-94.53,5556.2,-668.94,-506.32
45,maize,12.7173,-494.7834,,,2760.0,0.0,1.8,6674.9,12.72,-494.78
46,maize,-331.6262,-491.2365,,,3010.0,0.0,-46.87,5897.5,-331.63,-491.24
47,maize,-244.4491,-485.9857,,,3030.0,0.0,-34.55,6294.2,-244.45,-485.99
48,maize,-466.4179,-485.578,,,3410.0,0.0,-65.91,6318.3,-466.42,-485.58
49,maize,-279.6251,-481.3749,,,3120.0,0.0,-39.52,6369.5,-279.63,-481.37
50,maize,-144.8733,-474.6449,,,2990.0,0.0,-20.47,6596.5,-144.87,-474.64
51,maize,-265.8262,-470.5504,,,2990.0,0.0,-37.57,6112.7,-265.83,-470.55
52,maize,-74.9395,-462.9425,,,2780.0,0.0,-10.59,6372.2,-74.94,-462.94
53,maize,-615.209,-465.8154,,,3560.0,0.0,-86.94,6083.2,-615.21,-465.82
54,maize,-591.9115,-468.1505,,,3400.0,0.0,-83.65,5792.4,-591.91,-468.15
55,maize,-132.1711,-462.0418,,,2740.0,0.0,-18.68,6047.3,-132.17,-462.04
56,maize,-310.473,-459.3352,,,3260.0,0.0,-43.88,6582.1,-310.47,-459.34
57,maize,-660.1938,-462.8591,,,3590.0,0.0,-93.3,5975.2,-660.19,-462.86
58,maize,-353.2886,-460.9699,,,3200.0,0.0,-49.93,6266.8,-353.29,-460.97
59,maize,-510.7329,-461.8134,,,3140.0,0.0,-72.18,5493.1,-510.73,-461.81
60,maize,-550.6964,-463.2948,,,3410.0,0.0,-77.82,5981.2,-550.7,-463.29
61,maize,-226.3842,-459.411,,,2980.0,0.0,-31.99,6246.5,-226.38,-459.41
62,maize,-465.9071,-459.5158,,,3160.0,0.0,-65.84,5720.4,-465.91,-459.52
63,maize,-563.7614,-461.1704,,,3210.0,0.0,-79.67,5449.0,-563.76,-461.17
64,maize,-525.7058,-462.1788,,,3390.0,0.0,-74.29,6033.2,-525.71,-462.18
65,maize,-467.9843,-462.2681,,,3260.0,0.0,-66.13,5952.1,-467.98,-462.27
66,maize,-281.0956,-459.5231,,,3020.0,0.0,-39.72,6123.6,-281.1,-459.52
67,maize,-558.6691,-461.0029,,,3250.0,0.0,-78.95,5565.3,-558.67,-461.0
68,maize,-581.8945,-462.7807,,,3330.0,0.0,-82.23,5664.4,-581.89,-462.78
69,maize,-543.5551,-463.9513,,,3300.0,0.0,-76.81,5745.8,-543.56,-463.95
70,maize,-659.8306,-466.7496,,,3310.0,0.0,-93.25,5304.7,-659.83,-466.75
71,maize,-767.0334,-470.979,,,3700.0,0.0,-108.4,5811.9,-767.03,-470.98
72,maize,-531.0289,-471.813,,,3320.0,0.0,-75.04,5843.9,-531.03,-471.81
73,maize,-243.8553,-468.6903,,,3140.0,0.0,-34.46,6560.6,-243.86,-468.69
74,maize,-388.081,-467.601,,,3230.0,0.0,-54.84,6199.7,-388.08,-467.6
75,maize,-247.2054,-464.6624,,,3050.0,0.0,-34.93,6331.2,-247.21,-464.66
76,maize,-605.7928,-466.5193,,,3310.0,0.0,-85.61,5520.8,-605.79,-466.52
77,maize,-544.2776,-467.5292,,,3250.0,0.0,-76.92,5622.9,-544.28,-467.53
78,maize,-799.5564,-471.7859,,,3810.0,0.0,-112.99,5945.8,-799.56,-471.79
79,maize,-424.8019,-471.1912,,,3180.0,0.0,-60.03,5932.8,-424.8,-471.19
80,maize,-621.2438,-473.0669,,,3510.0,0.0,-87.79,5939.0,-621.24,-473.07
81,maize,-279.8905,-470.682,,,3060.0,0.0,-39.55,6224.4,-279.89,-470.68
82,maize,-440.1006,-470.309,,,3270.0,0.0,-62.19,6087.6,-440.1,-470.31
83,maize,-281.4552,-468.0337,,,3100.0,0.0,-39.77,6314.2,-281.46,-468.03
84,maize,-527.3542,-468.7399,,,3270.0,0.0,-74.53,5738.6,-527.35,-468.74
85,maize,-510.2333,-469.228,,,3170.0,0.0,-72.11,5567.1,-510.23,-469.23
86,maize,-621.0854,-470.9938,,,3290.0,0.0,-87.77,5411.7,-621.09,-470.99
87,maize,-218.9126,-468.0963,,,2780.0,0.0,-30.94,5796.3,-218.91,-468.1
88,maize,-452.9052,-467.9237,,,3210.0,0.0,-64.0,5892.4,-452.91,-467.92
89,maize,-323.8202,-466.3046,,,2850.0,0.0,-45.76,5544.7,-323.82,-466.3
90,maize,-449.0555,-466.1129,,,3250.0,0.0,-63.46,6003.8,-449.06,-466.11
91,maize,-564.3058,-467.192,,,3480.0,0.0,-79.75,6094.8,-564.31,-467.19
92,maize,-454.5578,-467.0546,,,3420.0,0.0,-64.24,6389.8,-454.56,-467.05
93,maize,-196.8897,-464.1496,,,3090.0,0.0,-27.82,6628.4,-196.89,-464.15
94,maize,-480.2441,-464.3208,,,3160.0,0.0,-67.87,5663.0,-480.24,-464.32
95,maize,-336.6446,-462.9769,,,3250.0,0.0,-47.57,6453.4,-336.64,-462.98
96,maize,-497.7462,-463.3391,,,3240.0,0.0,-70.34,5785.0,-497.75,-463.34
97,maize,-656.9402,-465.335,,,3340.0,0.0,-92.84,5388.2,-656.94,-465.33
98,maize,-528.4877,-465.9794,,,3330.0,0.0,-74.69,5878.0,-528.49,-465.98
99,maize,-444.0894,-465.7583,,,3050.0,0.0,-62.76,5543.6,-444.09,-465.76
100,maize,-574.9126,-466.8498,,,3290.0,0.0,-81.25,5596.3,-574.91,-466.85
101,maize,-446.1055,-467.7957,,,3430.0,0.0,-63.04,6447.6,-446.11,-467.8
102,maize,-537.0847,-468.7516,,,3360.0,0.0,-75.9,5915.7,-537.08,-468.75
103,maize,-406.748,-458.2991,,,2950.0,0.0,-57.48,5453.0,-406.75,-458.3
104,maize,-496.2979,-455.3342,,,3170.0,0.0,-70.14,5622.8,-496.3,-455.33
105,maize,-392.5473,-453.4649,,,3100.0,0.0,-55.47,5869.8,-392.55,-453.46
106,maize,-328.6889,-452.3598,,,3060.0,0.0,-46.45,6029.2,-328.69,-452.36
107,maize,-692.3133,-453.8279,,,3410.0,0.0,-97.84,5414.7,-692.31,-453.83
108,maize,-156.5252,-451.9434,,,3040.0,0.0,-22.12,6669.9,-156.53,-451.94
109,maize,-514.2899,-451.7966,,,3040.0,0.0,-72.68,5238.8,-514.29,-451.8
110,maize,-556.0143,-455.915,,,3410.0,0.0,-78.58,5959.9,-556.01,-455.92
111,maize,-134.7547,-452.6296,,,2990.0,0.0,-19.04,6637.0,-134.75,-452.63
112,maize,-341.149,-450.8811,,,3090.0,0.0,-48.21,6051.4,-341.15,-450.88
113,maize,-549.4038,-451.1811,,,3460.0,0.0,-77.64,6106.4,-549.4,-451.18
114,maize,-583.8079,-452.4586,,,3520.0,0.0,-82.5,6112.8,-583.81,-452.46
115,maize,-387.0786,-452.0113,,,3140.0,0.0,-54.7,5987.7,-387.08,-452.01
116,maize,-291.5232,-448.9922,,,3090.0,0.0,-41.2,6249.9,-291.52,-448.99
117,maize,-347.4973,-449.8251,,,3150.0,0.0,-49.11,6170.0,-347.5,-449.83
118,maize,-356.5909,-449.1977,,,3200.0,0.0,-50.39,6253.6,-356.59,-449.2
119,maize,-598.7127,-449.8309,,,3380.0,0.0,-84.61,5717.1,-598.71,-449.83
120,maize,-349.4319,-447.7019,,,2970.0,0.0,-49.38,5730.3,-349.43,-447.7
121,maize,-472.7964,-450.6113,,,3270.0,0.0,-66.82,5956.8,-472.8,-450.61
122,maize,-295.4226,-448.9081,,,3210.0,0.0,-41.75,6522.3,-295.42,-448.91
123,maize,-405.1247,-447.9986,,,3270.0,0.0,-57.25,6227.5,-405.12,-448.0
124,maize,-579.7031,-448.9564,,,3550.0,0.0,-81.92,6201.2,-579.7,-448.96
125,maize,-592.3528,-450.0522,,,3500.0,0.0,-83.71,6030.6,-592.35,-450.05
126,maize,-468.7085,-451.0213,,,3250.0,0.0,-66.24,5925.2,-468.71,-451.02
127,maize,-304.4683,-450.3818,,,3170.0,0.0,-43.03,6390.1,-304.47,-450.38
128,maize,-581.2013,-451.1324,,,3330.0,0.0,-82.13,5667.2,-581.2,-451.13
129,maize,-579.1674,-450.8152,,,3460.0,0.0,-81.85,5987.3,-579.17,-450.82
130,maize,-539.6087,-454.1222,,,3440.0,0.0,-76.26,6097.6,-539.61,-454.12
131,maize,-506.1298,-450.5625,,,3320.0,0.0,-71.53,5943.5,-506.13,-450.56
132,maize,-351.7476,-447.3467,,,2880.0,0.0,-49.71,5505.0,-351.75,-447.35
133,maize,-269.7968,-445.7017,,,2860.0,0.0,-38.13,5784.8,-269.8,-445.7
134,maize,-372.7369,-447.2313,,,3080.0,0.0,-52.67,5901.1,-372.74,-447.23
135,maize,-374.8978,-446.1298,,,3240.0,0.0,-52.98,6276.4,-374.9,-446.13
136,maize,-438.3366,-441.3314,,,3180.0,0.0,-61.95,5878.7,-438.34,-441.33
137,maize,-558.506,-442.9788,,,3100.0,0.0,-78.93,5206.0,-558.51,-442.98
138,maize,-761.812,-442.6583,,,3260.0,0.0,-107.66,4776.8,-761.81,-442.66
139,maize,-574.4539,-442.201,,,3400.0,0.0,-81.18,5862.2,-574.45,-442.2
140,maize,-597.0574,-444.3518,,,3340.0,0.0,-84.38,5627.8,-597.06,-444.35
141,maize,-465.8692,-446.7822,,,3120.0,0.0,-65.84,5624.5,-465.87,-446.78
142,maize,-305.2083,-445.3654,,,3270.0,0.0,-43.13,6627.2,-305.21,-445.37
143,maize,-631.5943,-445.6922,,,3050.0,0.0,-89.26,4793.6,-631.59,-445.69
144,maize,27.5896,-438.7269,,,2760.0,0.0,3.9,6734.4,27.59,-438.73
145,maize,-515.0514,-444.0046,,,3180.0,0.0,-72.79,5571.8,-515.05,-444.0
146,maize,-413.0275,-444.8186,,,3150.0,0.0,-58.37,5907.9,-413.03,-444.82
147,maize,-261.2145,-444.9862,,,3070.0,0.0,-36.91,6323.1,-261.21,-444.99
148,maize,-172.1583,-442.0436,,,2880.0,0.0,-24.33,6223.4,-172.16,-442.04
149,maize,-227.362,-441.521,,,3030.0,0.0,-32.13,6362.6,-227.36,-441.52
150,maize,-376.5316,-443.8376,,,3130.0,0.0,-53.21,6005.9,-376.53,-443.84
151,maize,-298.9226,-444.1685,,,3150.0,0.0,-42.24,6364.3,-298.92,-444.17
152,maize,-448.5643,-447.9048,,,3170.0,0.0,-63.39,5813.7,-448.56,-447.9
153,maize,-459.4935,-446.3476,,,3160.0,0.0,-64.94,5746.0,-459.49,-446.35
154,maize,51.6994,-439.9115,,,2600.0,0.0,7.31,6446.8,51.7,-439.91
155,maize,-612.7578,-444.7174,,,3440.0,0.0,-86.59,5805.0,-612.76,-444.72
156,maize,-666.8484,-448.2812,,,3340.0,0.0,-94.24,5348.6,-666.85,-448.28
157,maize,-455.846,-446.2377,,,3110.0,0.0,-64.42,5640.6,-455.85,-446.24
158,maize,-168.4562,-444.3894,,,2990.0,0.0,-23.81,6502.2,-168.46,-444.39
159,maize,-95.1181,-440.2332,,,2800.0,0.0,-13.44,6339.5,-95.12,-440.23
160,maize,-428.685,-439.0131,,,3170.0,0.0,-60.58,5893.3,-428.69,-439.01
161,maize,-336.7919,-440.1172,,,3190.0,0.0,-47.6,6308.8,-336.79,-440.12
162,maize,-398.7498,-439.4456,,,3300.0,0.0,-56.35,6325.0,-398.75,-439.45
163,maize,-588.2327,-439.6903,,,3530.0,0.0,-83.13,6119.1,-588.23,-439.69
164,maize,-369.4501,-438.1277,,,3150.0,0.0,-52.21,6082.2,-369.45,-438.13
165,maize,-97.6889,-434.4248,,,2820.0,0.0,-13.81,6377.2,-97.69,-434.42
166,maize,-380.0471,-435.4143,,,3100.0,0.0,-53.71,5919.8,-380.05,-435.41
167,maize,-192.6339,-431.754,,,3130.0,0.0,-27.22,6741.5,-192.63,-431.75
168,maize,-839.0974,-434.326,,,3580.0,0.0,-118.58,5235.6,-839.1,-434.33
169,maize,-576.2947,-434.6534,,,3430.0,0.0,-81.44,5926.8,-576.29,-434.65
170,maize,-327.9306,-431.3344,,,3080.0,0.0,-46.34,6080.3,-327.93,-431.33
171,maize,-592.0287,-429.5843,,,3270.0,0.0,-83.66,5479.9,-592.03,-429.58
172,maize,-442.0256,-428.6943,,,3380.0,0.0,-62.47,6343.9,-442.03,-428.69
173,maize,-339.8272,-429.654,,,3030.0,0.0,-48.02,5912.7,-339.83,-429.65
174,maize,-645.0901,-432.2241,,,3640.0,0.0,-91.16,6155.6,-645.09,-432.22
175,maize,-479.6424,-434.5485,,,3270.0,0.0,-67.78,5929.4,-479.64,-434.55
176,maize,-350.6681,-431.9972,,,3090.0,0.0,-49.56,6013.3,-350.67,-432.0
177,maize,-516.5312,-431.7198,,,3360.0,0.0,-73.0,5997.9,-516.53,-431.72
178,maize,-288.5578,-426.6098,,,3240.0,0.0,-40.78,6621.8,-288.56,-426.61
179,maize,-508.0616,-427.4424,,,3160.0,0.0,-71.8,5551.8,-508.06,-427.44
180,maize,-407.7884,-425.3078,,,3300.0,0.0,-57.63,6288.8,-407.79,-425.31
181,maize,-797.9586,-430.4885,,,3490.0,0.0,-112.77,5184.2,-797.96,-430.49
182,maize,-565.2641,-431.7401,,,3280.0,0.0,-79.88,5610.9,-565.26,-431.74
183,maize,-207.3028,-430.9986,,,3180.0,0.0,-29.3,6802.8,-207.3,-431.0
184,maize,-168.5341,-427.4104,,,3070.0,0.0,-23.82,6693.9,-168.53,-427.41
185,maize,-511.4799,-427.4229,,,3260.0,0.0,-72.28,5778.1,-511.48,-427.42
186,maize,-273.7115,-423.9491,,,2930.0,0.0,-38.68,5937.2,-273.71,-423.95
187,maize,-531.5898,-427.0759,,,3380.0,0.0,-75.12,5985.6,-531.59,-427.08
188,maize,-287.9506,-425.4264,,,3080.0,0.0,-40.69,6240.2,-287.95,-425.43
189,maize,-137.5409,-423.5636,,,3030.0,0.0,-19.44,6721.8,-137.54,-423.56
190,maize,-664.8489,-425.7215,,,3430.0,0.0,-93.96,5572.6,-664.85,-425.72
191,maize,-329.1387,-423.3698,,,3110.0,0.0,-46.51,6147.4,-329.14,-423.37
192,maize,-778.5709,-426.61,,,3550.0,0.0,-110.03,5405.7,-778.57,-426.61
193,maize,-298.4119,-427.6252,,,3190.0,0.0,-42.17,6462.4,-298.41,-427.63
194,maize,-155.5066,-424.3778,,,3000.0,0.0,-21.98,6578.0,-155.51,-424.38
195,maize,-278.9443,-423.8008,,,3160.0,0.0,-39.42,6468.2,-278.94,-423.8
196,maize,-373.446,-422.5578,,,3060.0,0.0,-52.77,5850.2,-373.45,-422.56
197,maize,-348.3342,-419.4718,,,3170.0,0.0,-49.23,6214.7,-348.33,-419.47
198,maize,-505.9892,-419.2468,,,3300.0,0.0,-71.51,5896.0,-505.99,-419.25
199,maize,-418.2996,-418.9889,,,3090.0,0.0,-59.11,5742.8,-418.3,-418.99
200,maize,-531.5076,-418.5548,,,3220.0,0.0,-75.11,5602.0,-531.51,-418.55
201,maize,-370.9815,-417.8036,,,3210.0,0.0,-52.43,6220.1,-370.98,-417.8
202,maize,-502.21,-417.4548,,,3290.0,0.0,-70.97,5887.2,-502.21,-417.45
203,maize,-408.883,-417.4762,,,3260.0,0.0,-57.78,6188.5,-408.88,-417.48
204,maize,-552.4257,-418.0375,,,3370.0,0.0,-78.07,5878.3,-552.43,-418.04
205,maize,-492.0204,-419.0322,,,3210.0,0.0,-69.53,5735.9,-492.02,-419.03
206,maize,-692.1188,-422.6665,,,3410.0,0.0,-97.81,5415.5,-692.12,-422.67
207,maize,-634.4852,-422.0882,,,3540.0,0.0,-89.66,5958.1,-634.49,-422.09
208,maize,-388.0713,-424.4037,,,3170.0,0.0,-54.84,6055.7,-388.07,-424.4
209,maize,-694.2003,-426.2028,,,3400.0,0.0,-98.1,5383.2,-694.2,-426.2
210,maize,-500.8546,-425.6512,,,3230.0,0.0,-70.78,5748.6,-500.85,-425.65
211,maize,-461.6859,-428.9205,,,3440.0,0.0,-65.24,6409.3,-461.69,-428.92
212,maize,-693.3062,-432.4421,,,3420.0,0.0,-97.98,5434.8,-693.31,-432.44
213,maize,-578.9059,-432.7371,,,3400.0,0.0,-81.81,5844.4,-578.91,-432.74
214,maize,-545.0827,-432.3498,,,3320.0,0.0,-77.03,5787.7,-545.08,-432.35
215,maize,-714.4222,-435.6233,,,3490.0,0.0,-100.96,5518.3,-714.42,-435.62
216,maize,-384.9301,-436.5573,,,3420.0,0.0,-54.4,6668.3,-384.93,-436.56
217,maize,-376.1369,-436.8437,,,3430.0,0.0,-53.16,6727.5,-376.14,-436.84
218,maize,-454.6955,-437.8248,,,3220.0,0.0,-64.26,5909.2,-454.7,-437.82
219,maize,-81.4904,-432.6526,,,2890.0,0.0,-11.52,6610.0,-81.49,-432.65
220,maize,-324.9506,-432.4077,,,3020.0,0.0,-45.92,5948.2,-324.95,-432.41
221,maize,-652.3534,-434.2033,,,3390.0,0.0,-92.19,5526.6,-652.35,-434.2
222,maize,-205.705,-433.3061,,,3000.0,0.0,-29.07,6377.2,-205.7,-433.31
223,maize,-272.9024,-431.9839,,,3200.0,0.0,-38.57,6588.4,-272.9,-431.98
224,maize,-273.6375,-428.9233,,,2860.0,0.0,-38.67,5769.5,-273.64,-428.92
225,maize,-226.2862,-425.2626,,,3140.0,0.0,-31.98,6630.9,-226.29,-425.26
226,maize,-608.9037,-426.6645,,,3370.0,0.0,-86.05,5652.4,-608.9,-426.66
227,maize,-509.6061,-428.7159,,,3430.0,0.0,-72.02,6193.6,-509.61,-428.72
228,maize,-205.1362,-424.9553,,,2980.0,0.0,-28.99,6331.5,-205.14,-424.96
229,maize,-621.0894,-425.3745,,,3380.0,0.0,-87.77,5627.6,-621.09,-425.37
230,maize,-353.5875,-423.5143,,,3320.0,0.0,-49.97,6553.6,-353.59,-423.51
231,maize,-565.6317,-424.1093,,,3250.0,0.0,-79.93,5537.5,-565.63,-424.11
232,maize,-412.1333,-424.7132,,,3180.0,0.0,-58.24,5983.5,-412.13,-424.71
233,maize,-398.1349,-425.9965,,,3280.0,0.0,-56.26,6279.5,-398.13,-426.0
234,maize,-561.939,-427.8886,,,3390.0,0.0,-79.41,5888.2,-561.94,-427.89
235,maize,-604.3253,-430.1828,,,3220.0,0.0,-85.4,5310.7,-604.33,-430.18
236,maize,-674.0568,-432.54,,,3540.0,0.0,-95.26,5799.8,-674.06,-432.54
237,maize,-392.1875,-430.8768,,,3180.0,0.0,-55.42,6063.3,-392.19,-430.88
238,maize,-640.9394,-429.6681,,,3470.0,0.0,-90.58,5764.2,-640.94,-429.67
239,maize,-213.5166,-426.0588,,,2790.0,0.0,-30.17,5841.9,-213.52,-426.06
240,maize,-250.8722,-422.5969,,,2980.0,0.0,-35.45,6148.5,-250.87,-422.6
241,maize,-149.0622,-419.4288,,,2950.0,0.0,-21.07,6483.8,-149.06,-419.43
242,maize,-316.4689,-419.5414,,,3060.0,0.0,-44.72,6078.1,-316.47,-419.54
243,maize,-291.4008,-416.1395,,,2920.0,0.0,-41.18,5842.4,-291.4,-416.14
244,maize,-525.0533,-421.6659,,,3390.0,0.0,-74.2,6035.8,-525.05,-421.67
245,maize,-319.8453,-419.7139,,,3050.0,0.0,-45.2,6040.6,-319.85,-419.71
246,maize,-260.5448,-418.189,,,3120.0,0.0,-36.82,6445.8,-260.54,-418.19
247,maize,-169.3788,-417.2707,,,2860.0,0.0,-23.94,6186.5,-169.38,-417.27
248,maize,-542.6393,-420.9755,,,3460.0,0.0,-76.69,6133.4,-542.64,-420.98
249,maize,-351.5723,-422.2176,,,3070.0,0.0,-49.68,5961.7,-351.57,-422.22
250,maize,-529.7904,-423.7502,,,3360.0,0.0,-74.87,5944.8,-529.79,-423.75
251,maize,-378.1347,-424.5423,,,3240.0,0.0,-53.44,6263.5,-378.13,-424.54
252,maize,-501.4979,-425.0716,,,3240.0,0.0,-70.87,5770.0,-501.5,-425.07
253,maize,-284.804,-423.3247,,,3140.0,0.0,-40.25,6396.8,-284.8,-423.32
254,maize,-251.4058,-426.3558,,,3030.0,0.0,-35.53,6266.4,-251.41,-426.36
255,maize,-151.1143,-421.7394,,,2850.0,0.0,-21.36,6235.5,-151.11,-421.74
256,maize,-211.6947,-417.1878,,,3210.0,0.0,-29.92,6857.2,-211.69,-417.19
257,maize,-275.9306,-415.3887,,,3260.0,0.0,-38.99,6720.3,-275.93,-415.39
258,maize,-494.2136,-418.6462,,,3190.0,0.0,-69.84,5679.1,-494.21,-418.65
259,maize,-522.0251,-422.9153,,,3290.0,0.0,-73.77,5807.9,-522.03,-422.92
260,maize,-785.0775,-426.4792,,,3500.0,0.0,-110.95,5259.7,-785.08,-426.48
261,maize,-727.8199,-430.3895,,,3510.0,0.0,-102.85,5512.7,-727.82,-430.39
262,maize,0.5238,-426.3968,,,2600.0,0.0,0.07,6242.1,0.52,-426.4
263,maize,-362.1967,-424.1364,,,2960.0,0.0,-51.19,5655.2,-362.2,-424.14
264,maize,-622.2333,-426.6643,,,3470.0,0.0,-87.93,5839.1,-622.23,-426.66
265,maize,-354.6735,-429.2341,,,3220.0,0.0,-50.12,6309.3,-354.67,-429.23
266,maize,-522.8304,-430.6619,,,3150.0,0.0,-73.89,5468.7,-522.83,-430.66
267,maize,-259.5924,-431.3315,,,3180.0,0.0,-36.69,6593.6,-259.59,-431.33
268,maize,-653.708,-429.4776,,,3460.0,0.0,-92.38,5689.2,-653.71,-429.48
269,maize,-194.3393,-425.6581,,,2850.0,0.0,-27.46,6062.6,-194.34,-425.66
270,maize,-490.2362,-427.2811,,,3270.0,0.0,-69.28,5887.1,-490.24,-427.28
271,maize,-294.8674,-424.3095,,,3180.0,0.0,-41.67,6452.5,-294.87,-424.31
272,maize,-688.9373,-426.7786,,,3470.0,0.0,-97.36,5572.3,-688.94,-426.78
273,maize,-721.9602,-430.6,,,3610.0,0.0,-102.03,5776.2,-721.96,-430.6
274,maize,-578.4232,-429.9333,,,3360.0,0.0,-81.74,5750.3,-578.42,-429.93
275,maize,-478.1378,-429.9182,,,3120.0,0.0,-67.57,5575.4,-478.14,-429.92
276,maize,-265.1538,-429.0631,,,3170.0,0.0,-37.47,6547.4,-265.15,-429.06
277,maize,-384.6408,-427.7442,,,3170.0,0.0,-54.36,6069.4,-384.64,-427.74
278,maize,-861.1656,-433.4703,,,3680.0,0.0,-121.7,5387.3,-861.17,-433.47
279,maize,-443.3666,-432.8233,,,3310.0,0.0,-62.66,6170.5,-443.37,-432.82
280,maize,-170.5723,-430.4512,,,2890.0,0.0,-24.11,6253.7,-170.57,-430.45
281,maize,-191.832,-424.3899,,,2670.0,0.0,-27.11,5640.7,-191.83,-424.39
282,maize,-406.9078,-422.8063,,,3230.0,0.0,-57.5,6124.4,-406.91,-422.81
283,maize,-390.6978,-424.6403,,,3320.0,0.0,-55.21,6405.2,-390.7,-424.64
284,maize,-503.3108,-427.9881,,,3440.0,0.0,-71.13,6242.8,-503.31,-427.99
285,maize,-406.1886,-426.9351,,,3180.0,0.0,-57.4,6007.2,-406.19,-426.94
286,maize,-712.433,-431.3224,,,3730.0,0.0,-100.68,6102.3,-712.43,-431.32
287,maize,-183.3114,-427.8396,,,2940.0,0.0,-25.91,6322.8,-183.31,-427.84
288,maize,-352.8958,-428.489,,,3200.0,0.0,-49.87,6268.4,-352.9,-428.49
289,maize,-583.6528,-432.9501,,,3480.0,0.0,-82.48,6017.4,-583.65,-432.95
290,maize,-691.9324,-433.221,,,3270.0,0.0,-97.78,5080.3,-691.93,-433.22
291,maize,-431.3105,-434.2427,,,3430.0,0.0,-60.95,6506.8,-431.31,-434.24
292,maize,-573.2169,-432.1892,,,3450.0,0.0,-81.01,5987.1,-573.22,-432.19
293,maize,-498.0955,-434.186,,,3230.0,0.0,-70.39,5759.6,-498.1,-434.19
294,maize,-378.6271,-436.4172,,,3190.0,0.0,-53.51,6141.5,-378.63,-436.42
295,maize,-745.8793,-441.0865,,,3590.0,0.0,-105.41,5632.5,-745.88,-441.09
296,maize,-777.3124,-445.1252,,,3610.0,0.0,-109.85,5554.8,-777.31,-445.13
297,maize,-596.2091,-447.604,,,3520.0,0.0,-84.26,6063.2,-596.21,-447.6
298,maize,-164.7119,-444.1912,,,2810.0,0.0,-23.28,6085.2,-164.71,-444.19
299,maize,-458.7923,-444.5961,,,3190.0,0.0,-64.84,5820.8,-458.79,-444.6
300,maize,-291.8781,-442.1998,,,3040.0,0.0,-41.25,6128.5,-291.88,-442.2
301,maize,-439.5271,-442.8853,,,3160.0,0.0,-62.11,5825.9,-439.53,-442.89
302,maize,-205.2141,-439.9153,,,2970.0,0.0,-29.0,6307.1,-205.21,-439.92
303,maize,-435.446,-440.1809,,,3100.0,0.0,-61.54,5698.2,-435.45,-440.18
304,maize,-702.5456,-441.6821,,,3330.0,0.0,-99.28,5181.8,-702.55,-441.68
305,maize,-493.6872,-441.6988,,,3260.0,0.0,-69.77,5849.3,-493.69,-441.7
306,maize,-236.9895,-437.1475,,,2990.0,0.0,-33.49,6228.0,-236.99,-437.15
307,maize,-450.8454,-435.3111,,,3270.0,0.0,-63.71,6044.6,-450.85,-435.31
308,maize,-217.1713,-433.6021,,,2950.0,0.0,-30.69,6211.3,-217.17,-433.6
309,maize,-569.8801,-432.3589,,,3320.0,0.0,-80.53,5688.5,-569.88,-432.36
310,maize,-609.7761,-433.4481,,,3390.0,0.0,-86.17,5696.9,-609.78,-433.45
311,maize,-509.3326,-433.9246,,,3070.0,0.0,-71.98,5330.7,-509.33,-433.92
312,maize,-260.8859,-429.6004,,,3050.0,0.0,-36.87,6276.5,-260.89,-429.6
313,maize,-599.3294,-429.8046,,,3300.0,0.0,-84.7,5522.7,-599.33,-429.8
314,maize,-862.3,-432.9768,,,3600.0,0.0,-121.86,5190.8,-862.3,-432.98
315,maize,-600.3376,-431.836,,,3470.0,0.0,-84.84,5926.6,-600.34,-431.84
316,maize,-275.2337,-430.739,,,2990.0,0.0,-38.9,6075.1,-275.23,-430.74
317,maize,-420.7893,-431.1855,,,3330.0,0.0,-59.47,6308.8,-420.79,-431.19
318,maize,-310.5563,-429.7441,,,3150.0,0.0,-43.89,6317.8,-310.56,-429.74
319,maize,-996.3329,-438.8926,,,3750.0,0.0,-140.8,5014.7,-996.33,-438.89
320,maize,-557.3699,-441.2167,,,3170.0,0.0,-78.77,5378.5,-557.37,-441.22
321,maize,-609.6236,-440.7894,,,3350.0,0.0,-86.15,5601.5,-609.62,-440.79
322,maize,-663.3552,-445.3659,,,3490.0,0.0,-93.74,5722.6,-663.36,-445.37
323,maize,-87.7169,-443.5141,,,2890.0,0.0,-12.4,6585.1,-87.72,-443.51
324,maize,-291.1817,-443.6895,,,3210.0,0.0,-41.15,6539.3,-291.18,-443.69
325,maize,-464.9752,-446.0764,,,3010.0,0.0,-65.71,5364.1,-464.98,-446.08
326,maize,-614.0018,-446.1274,,,3340.0,0.0,-86.77,5560.0,-614.0,-446.13
327,maize,-289.7497,-443.9288,,,3260.0,0.0,-40.95,6665.0,-289.75,-443.93
328,maize,-40.8513,-442.286,,,2930.0,0.0,-5.77,6868.6,-40.85,-442.29
329,maize,-87.1036,-436.9461,,,2900.0,0.0,-12.31,6611.6,-87.1,-436.95
330,maize,-590.3888,-439.3141,,,3370.0,0.0,-83.43,5726.4,-590.39,-439.31
331,maize,-849.339,-442.1512,,,3440.0,0.0,-120.03,4858.6,-849.34,-442.15
332,maize,-352.7885,-441.5578,,,2990.0,0.0,-49.86,5764.8,-352.79,-441.56
333,maize,-506.1836,-442.6383,,,3160.0,0.0,-71.53,5559.3,-506.18,-442.64
334,maize,-408.6061,-441.1049,,,3170.0,0.0,-57.74,5973.6,-408.61,-441.1
335,maize,-742.7235,-442.4889,,,3600.0,0.0,-104.96,5669.1,-742.72,-442.49
336,maize,-678.6655,-442.535,,,3500.0,0.0,-95.91,5685.3,-678.67,-442.53
337,maize,-524.3626,-443.8568,,,3380.0,0.0,-74.1,6014.5,-524.36,-443.86
338,maize,-415.4591,-441.6019,,,3200.0,0.0,-58.71,6018.2,-415.46,-441.6
339,maize,-422.7311,-443.6941,,,3340.0,0.0,-59.74,6325.1,-422.73,-443.69
340,maize,-251.2962,-443.6983,,,2810.0,0.0,-35.51,5738.8,-251.3,-443.7
341,maize,-692.0126,-449.1278,,,3550.0,0.0,-97.79,5751.9,-692.01,-449.13
342,maize,-465.3258,-450.6164,,,2970.0,0.0,-65.76,5266.7,-465.33,-450.62
343,maize,-315.2389,-450.8548,,,3180.0,0.0,-44.55,6371.0,-315.24,-450.85
344,maize,-534.9686,-450.9539,,,3220.0,0.0,-75.6,5588.1,-534.97,-450.95
345,maize,-467.6469,-452.432,,,3210.0,0.0,-66.09,5833.4,-467.65,-452.43
346,maize,-437.5803,-454.2023,,,3320.0,0.0,-61.84,6217.7,-437.58,-454.2
347,maize,-252.5086,-455.0336,,,2920.0,0.0,-35.68,5998.0,-252.51,-455.03
348,maize,-408.0065,-453.6873,,,3360.0,0.0,-57.66,6432.0,-408.01,-453.69
349,maize,-554.1075,-455.7126,,,3470.0,0.0,-78.31,6111.6,-554.11,-455.71
350,maize,-521.845,-455.6332,,,3120.0,0.0,-73.75,5400.6,-521.84,-455.63
351,maize,-275.9431,-454.6113,,,3150.0,0.0,-39.0,6456.2,-275.94,-454.61
352,maize,-508.8602,-454.6849,,,3270.0,0.0,-71.91,5812.6,-508.86,-454.68
353,maize,-585.5237,-457.6921,,,3270.0,0.0,-82.75,5505.9,-585.52,-457.69
354,maize,-497.0346,-460.1484,,,3120.0,0.0,-70.24,5499.9,-497.03,-460.15
355,maize,-257.9068,-461.2163,,,3030.0,0.0,-36.45,6240.4,-257.91,-461.22
356,maize,-467.1315,-463.7707,,,3080.0,0.0,-66.01,5523.5,-467.13,-463.77
357,maize,-422.9953,-465.2413,,,3120.0,0.0,-59.78,5796.0,-423.0,-465.24
358,maize,-533.4374,-465.6336,,,3440.0,0.0,-75.38,6122.3,-533.44,-465.63
359,maize,-487.0302,-465.2836,,,3400.0,0.0,-68.83,6211.9,-487.03,-465.28
360,maize,-593.7619,-463.3704,,,3300.0,0.0,-83.91,5545.0,-593.76,-463.37
361,maize,-218.1013,-458.2733,,,2960.0,0.0,-30.82,6231.6,-218.1,-458.27
362,maize,-688.0189,-465.1587,,,3530.0,0.0,-97.23,5719.9,-688.02,-465.16
363,maize,-311.7902,-464.6546,,,3050.0,0.0,-44.06,6072.8,-311.79,-464.65
364,maize,-761.8964,-466.0513,,,3570.0,0.0,-107.67,5520.4,-761.9,-466.05
365,maize,-563.233,-468.1368,,,3250.0,0.0,-79.6,5547.1,-563.23,-468.14
366,maize,-458.2032,-467.4906,,,3260.0,0.0,-64.75,5991.2,-458.2,-467.49
367,maize,-554.5282,-470.4399,,,3350.0,0.0,-78.37,5821.9,-554.53,-470.44
368,maize,-428.2925,-468.1858,,,3150.0,0.0,-60.53,5846.8,-428.29,-468.19
369,maize,-213.271,-468.3751,,,3180.0,0.0,-30.14,6778.9,-213.27,-468.38
370,maize,-596.1628,-469.4344,,,3290.0,0.0,-84.25,5511.3,-596.16,-469.43
371,maize,-603.825,-472.5239,,,3440.0,0.0,-85.33,5840.7,-603.82,-472.52
372,maize,-547.9783,-471.1144,,,3230.0,0.0,-77.44,5560.1,-547.98,-471.11
373,maize,-305.3835,-466.9486,,,3220.0,0.0,-43.16,6506.5,-305.38,-466.95
374,maize,-430.2816,-465.4672,,,3140.0,0.0,-60.81,5814.9,-430.28,-465.47
375,maize,-747.8552,-468.1643,,,3560.0,0.0,-105.69,5552.6,-747.86,-468.16
376,maize,-697.0672,-472.4835,,,3150.0,0.0,-98.51,4771.7,-697.07,-472.48
377,maize,-612.7636,-474.7647,,,3180.0,0.0,-86.6,5180.9,-612.76,-474.76
378,maize,-258.9251,-468.7423,,,3030.0,0.0,-36.59,6236.3,-258.93,-468.74
379,maize,-68.2288,-464.9909,,,2840.0,0.0,-9.64,6543.1,-68.23,-464.99
380,maize,-515.2281,-468.4375,,,3280.0,0.0,-72.81,5811.1,-515.23,-468.44
381,maize,-789.7218,-474.4164,,,3600.0,0.0,-111.6,5481.1,-789.72,-474.42
382,maize,-413.4607,-474.4819,,,3170.0,0.0,-58.43,5954.2,-413.46,-474.48
383,maize,-633.3232,-476.9082,,,3300.0,0.0,-89.5,5386.7,-633.32,-476.91
384,maize,-309.9819,-474.9749,,,3020.0,0.0,-43.81,6008.1,-309.98,-474.97
385,maize,-539.5162,-476.3081,,,3290.0,0.0,-76.24,5737.9,-539.52,-476.31
386,maize,-323.3033,-472.4168,,,3030.0,0.0,-45.69,5978.8,-323.3,-472.42
387,maize,-675.111,-477.3348,,,3420.0,0.0,-95.41,5507.6,-675.11,-477.33
388,maize,-529.1738,-479.0976,,,3360.0,0.0,-74.78,5947.3,-529.17,-479.1
389,maize,-221.6533,-475.4776,,,2980.0,0.0,-31.32,6265.4,-221.65,-475.48
390,maize,-441.3107,-472.9714,,,3250.0,0.0,-62.37,6034.8,-441.31,-472.97
391,maize,-489.4703,-473.553,,,3340.0,0.0,-69.17,6058.1,-489.47,-473.55
392,maize,-783.0481,-475.6513,,,3650.0,0.0,-110.66,5627.8,-783.05,-475.65
393,maize,-553.0184,-476.2006,,,3260.0,0.0,-78.15,5611.9,-553.02,-476.2
394,maize,-591.6414,-478.3307,,,3270.0,0.0,-83.61,5481.4,-591.64,-478.33
395,maize,-292.368,-473.7956,,,3100.0,0.0,-41.32,6270.5,-292.37,-473.8
396,maize,-787.6237,-473.8987,,,3610.0,0.0,-111.31,5513.5,-787.62,-473.9
397,maize,-158.1571,-469.5182,,,2840.0,0.0,-22.35,6183.4,-158.16,-469.52
398,maize,-458.2281,-472.4533,,,3110.0,0.0,-64.76,5631.1,-458.23,-472.45
399,maize,-539.338,-473.2588,,,3280.0,0.0,-76.22,5714.6,-539.34,-473.26
400,maize,-470.1619,-475.0416,,,3050.0,0.0,-66.44,5439.4,-470.16,-475.04
401,maize,-585.567,-476.502,,,3360.0,0.0,-82.75,5721.7,-585.57,-476.5
402,maize,-152.5334,-475.9752,,,2860.0,0.0,-21.56,6253.9,-152.53,-475.98
403,maize,-273.6614,-474.3574,,,3090.0,0.0,-38.67,6321.4,-273.66,-474.36
404,maize,-414.3734,-471.4757,,,3170.0,0.0,-58.56,5950.5,-414.37,-471.48
405,maize,-203.5119,-468.5739,,,3060.0,0.0,-28.76,6530.0,-203.51,-468.57
406,maize,-618.8424,-472.3924,,,3390.0,0.0,-87.45,5660.6,-618.84,-472.39
407,maize,-2.3421,-467.9074,,,2540.0,0.0,-0.33,6086.6,-2.34,-467.91
408,maize,-849.7554,-474.2332,,,3620.0,0.0,-120.09,5289.0,-849.76,-474.23
409,maize,-493.2213,-473.4667,,,3170.0,0.0,-69.7,5635.1,-493.22,-473.47
410,maize,-201.4082,-469.383,,,3130.0,0.0,-28.46,6706.4,-201.41,-469.38
411,maize,-637.2079,-470.6617,,,3510.0,0.0,-90.05,5875.2,-637.21,-470.66
412,maize,-564.0424,-473.6933,,,3400.0,0.0,-79.71,5903.8,-564.04,-473.69
413,maize,-581.0906,-473.5109,,,3370.0,0.0,-82.12,5763.6,-581.09,-473.51
414,maize,-596.9882,-470.8578,,,3330.0,0.0,-84.37,5604.0,-596.99,-470.86
415,maize,-615.5054,-471.0095,,,3450.0,0.0,-86.98,5818.0,-615.51,-471.01
416,maize,-456.7683,-472.8248,,,3310.0,0.0,-64.55,6116.9,-456.77,-472.82
417,maize,-560.6225,-474.2231,,,3430.0,0.0,-79.23,5989.5,-560.62,-474.22
418,maize,-537.698,-476.4946,,,3330.0,0.0,-75.99,5841.2,-537.7,-476.49
419,maize,-782.2334,-474.3536,,,3650.0,0.0,-110.54,5631.1,-782.23,-474.35
420,maize,-406.3964,-472.8438,,,3160.0,0.0,-57.43,5958.4,-406.4,-472.84
421,maize,-650.4006,-473.2516,,,3320.0,0.0,-91.91,5366.4,-650.4,-473.25
422,maize,-621.251,-472.8306,,,3410.0,0.0,-87.79,5699.0,-621.25,-472.83
423,maize,-407.7036,-476.0304,,,3140.0,0.0,-57.62,5905.2,-407.7,-476.03
424,maize,-649.5983,-479.6146,,,3320.0,0.0,-91.8,5369.6,-649.6,-479.61
425,maize,-325.3421,-478.2183,,,3030.0,0.0,-45.98,5970.6,-325.34,-478.22
426,maize,-597.6855,-478.0551,,,3300.0,0.0,-84.46,5529.3,-597.69,-478.06
427,maize,-698.3882,-482.1415,,,3530.0,0.0,-98.7,5678.4,-698.39,-482.14
428,maize,-548.3796,-487.2168,,,3180.0,0.0,-77.5,5438.5,-548.38,-487.22
429,maize,-586.0722,-492.2065,,,3200.0,0.0,-82.82,5335.7,-586.07,-492.21
430,maize,-487.3418,-491.176,,,3150.0,0.0,-68.87,5610.6,-487.34,-491.18
431,maize,-654.6095,-489.2287,,,3560.0,0.0,-92.51,5925.6,-654.61,-489.23
432,maize,-536.7177,-491.068,,,3350.0,0.0,-75.85,5893.1,-536.72,-491.07
433,maize,-573.8183,-491.7443,,,3390.0,0.0,-81.09,5840.7,-573.82,-491.74
434,maize,-579.6488,-493.4548,,,3320.0,0.0,-81.92,5649.4,-579.65,-493.45
435,maize,-37.2286,-486.3998,,,2770.0,0.0,-5.26,6499.1,-37.23,-486.4
436,maize,-511.6307,-484.7295,,,3320.0,0.0,-72.3,5921.5,-511.63,-484.73
437,maize,-874.6098,-488.2319,,,3650.0,0.0,-123.6,5261.6,-874.61,-488.23
438,maize,-710.4904,-491.1822,,,3400.0,0.0,-100.41,5318.0,-710.49,-491.18
439,maize,-531.0421,-492.2653,,,3370.0,0.0,-75.05,5963.8,-531.04,-492.27
440,maize,-369.1193,-493.4436,,,3050.0,0.0,-52.16,5843.5,-369.12,-493.44
441,maize,-564.7385,-492.1708,,,3540.0,0.0,-79.81,6237.0,-564.74,-492.17
442,maize,-587.7985,-493.3956,,,3570.0,0.0,-83.07,6216.8,-587.8,-493.4
443,maize,-501.506,-495.2582,,,3150.0,0.0,-70.87,5554.0,-501.51,-495.26
444,maize,-322.1251,-493.1298,,,3050.0,0.0,-45.52,6031.5,-322.13,-493.13
445,maize,-751.7226,-495.9706,,,3520.0,0.0,-106.23,5441.1,-751.72,-495.97
446,maize,-529.4485,-496.8892,,,3140.0,0.0,-74.82,5418.2,-529.45,-496.89
447,maize,-227.7656,-496.6418,,,2990.0,0.0,-32.19,6264.9,-227.77,-496.64
448,maize,-506.6108,-497.6279,,,3290.0,0.0,-71.59,5869.6,-506.61,-497.63
449,maize,-553.0897,-497.6177,,,3380.0,0.0,-78.16,5899.6,-553.09,-497.62
450,maize,-573.2451,-498.1317,,,3390.0,0.0,-81.01,5843.0,-573.25,-498.13
451,maize,-503.4941,-500.4072,,,3330.0,0.0,-71.15,5978.0,-503.49,-500.41
452,maize,-375.8318,-499.0769,,,3060.0,0.0,-53.11,5840.7,-375.83,-499.08
453,maize,-586.2301,-499.084,,,3330.0,0.0,-82.85,5647.1,-586.23,-499.08
454,maize,-586.4079,-499.9777,,,3500.0,0.0,-82.87,6054.4,-586.41,-499.98
455,maize,-435.2254,-501.7509,,,3120.0,0.0,-61.51,5747.1,-435.23,-501.75
456,maize,-531.9463,-502.399,,,3140.0,0.0,-75.17,5408.2,-531.95,-502.4
457,maize,-383.43,-502.0034,,,3000.0,0.0,-54.19,5666.3,-383.43,-502.0
458,maize,-455.1262,-501.2203,,,3230.0,0.0,-64.32,5931.5,-455.13,-501.22
459,maize,-421.1452,-500.5614,,,3100.0,0.0,-59.52,5755.4,-421.15,-500.56
460,maize,-562.1552,-500.2454,,,3390.0,0.0,-79.44,5887.4,-562.16,-500.25
461,maize,22.7874,-497.8365,,,2980.0,0.0,3.22,7243.1,22.79,-497.84
462,maize,-559.4007,-496.5503,,,3340.0,0.0,-79.05,5778.4,-559.4,-496.55
463,maize,-527.6055,-498.7084,,,3090.0,0.0,-74.56,5305.6,-527.61,-498.71
464,maize,-504.9635,-496.1391,,,3210.0,0.0,-71.36,5684.1,-504.96,-496.14
465,maize,-376.4043,-494.2708,,,3100.0,0.0,-53.19,5934.4,-376.4,-494.27
466,maize,-228.2934,-491.9717,,,3280.0,0.0,-32.26,6958.8,-228.29,-491.97
467,maize,-533.1546,-491.758,,,3200.0,0.0,-75.34,5547.4,-533.15,-491.76
468,maize,-401.4365,-491.4894,,,3290.0,0.0,-56.73,6290.3,-401.44,-491.49
469,maize,-745.5717,-496.8124,,,3550.0,0.0,-105.36,5537.7,-745.57,-496.81
470,maize,-437.8504,-495.2293,,,3120.0,0.0,-61.88,5736.6,-437.85,-495.23
471,maize,-645.3864,-495.6449,,,3270.0,0.0,-91.21,5266.5,-645.39,-495.64
472,maize,-427.2971,-494.4381,,,3070.0,0.0,-60.39,5658.8,-427.3,-494.44
473,maize,-649.2222,-497.8765,,,3380.0,0.0,-91.75,5515.1,-649.22,-497.88
474,maize,-496.7714,-498.5414,,,3320.0,0.0,-70.2,5980.9,-496.77,-498.54
475,maize,-364.2906,-494.7058,,,3280.0,0.0,-51.48,6414.8,-364.29,-494.71
476,maize,-791.5993,-495.6511,,,3500.0,0.0,-111.87,5233.6,-791.6,-495.65
477,maize,-455.655,-494.08,,,3080.0,0.0,-64.39,5569.4,-455.66,-494.08
478,maize,-402.5714,-495.5164,,,3220.0,0.0,-56.89,6117.7,-402.57,-495.52
479,maize,-349.4554,-498.3287,,,3120.0,0.0,-49.38,6090.2,-349.46,-498.33
480,maize,-283.0132,-496.0066,,,3040.0,0.0,-40.0,6163.9,-283.01,-496.01
481,maize,-464.5309,-492.7547,,,3190.0,0.0,-65.65,5797.9,-464.53,-492.75
482,maize,-664.8643,-495.2687,,,3400.0,0.0,-93.96,5500.5,-664.86,-495.27
483,maize,-961.322,-498.5487,,,3510.0,0.0,-135.85,4578.7,-961.32,-498.55
484,maize,-491.6424,-500.3653,,,3190.0,0.0,-69.48,5689.4,-491.64,-500.37
485,maize,-217.7525,-497.1476,,,3200.0,0.0,-30.77,6809.0,-217.75,-497.15
486,maize,-562.5381,-499.54,,,3310.0,0.0,-79.5,5693.8,-562.54,-499.54
487,maize,-549.2418,-498.2813,,,3280.0,0.0,-77.62,5675.0,-549.24,-498.28
488,maize,-498.216,-497.9717,,,3260.0,0.0,-70.41,5831.1,-498.22,-497.97
489,maize,-593.932,-501.6945,,,3480.0,0.0,-83.93,5976.3,-593.93,-501.69
490,maize,-549.0295,-502.7717,,,3130.0,0.0,-77.59,5315.9,-549.03,-502.77
491,maize,-591.9154,-503.7962,,,3560.0,0.0,-83.65,6176.3,-591.92,-503.8
492,maize,-332.8282,-499.294,,,2860.0,0.0,-47.03,5532.7,-332.83,-499.29
493,maize,-627.1366,-500.0351,,,3170.0,0.0,-88.63,5099.5,-627.14,-500.04
494,maize,-665.6054,-500.7748,,,3330.0,0.0,-94.06,5329.6,-665.61,-500.77
495,maize,-472.1399,-502.5725,,,3300.0,0.0,-66.72,6031.4,-472.14,-502.57
496,maize,-549.012,-500.1864,,,3450.0,0.0,-77.59,6084.0,-549.01,-500.19
497,maize,-562.4898,-504.2297,,,3120.0,0.0,-79.49,5238.0,-562.49,-504.23
498,maize,-107.9218,-500.7266,,,2860.0,0.0,-15.25,6432.3,-107.92,-500.73
499,maize,-577.6548,-501.1098,,,3360.0,0.0,-81.63,5753.4,-577.65,-501.11
500,maize,-376.4299,-500.1725,,,3150.0,0.0,-53.2,6054.3,-376.43,-500.17
501,maize,-504.9495,-499.3663,,,3270.0,0.0,-71.36,5828.2,-504.95,-499.37
502,maize,-310.8907,-500.9499,,,2990.0,0.0,-43.93,5932.4,-310.89,-500.95
503,maize,-634.8525,-504.5618,,,3360.0,0.0,-89.72,5524.6,-634.85,-504.56
504,maize,-432.6684,-504.7448,,,3290.0,0.0,-61.14,6165.3,-432.67,-504.74
505,maize,-524.9308,-507.9589,,,3480.0,0.0,-74.18,6252.3,-524.93,-507.96
506,maize,-262.0646,-504.3912,,,3060.0,0.0,-37.03,6295.7,-262.06,-504.39
507,maize,-387.3282,-508.241,,,3040.0,0.0,-54.74,5746.7,-387.33,-508.24
508,maize,-473.4275,-504.4777,,,3140.0,0.0,-66.9,5642.3,-473.43,-504.48
509,maize,-49.9619,-500.0451,,,2900.0,0.0,-7.06,6760.2,-49.96,-500.05
510,maize,-290.8047,-500.9391,,,3140.0,0.0,-41.1,6372.8,-290.8,-500.94
511,maize,-432.8228,-498.8953,,,3040.0,0.0,-61.17,5564.7,-432.82,-498.9
512,maize,-381.6854,-497.0717,,,3360.0,0.0,-53.94,6537.3,-381.69,-497.07
513,maize,-371.5445,-494.9762,,,3280.0,0.0,-52.51,6385.8,-371.54,-494.98
514,maize,-295.5608,-491.962,,,3000.0,0.0,-41.77,6017.8,-295.56,-491.96
515,maize,-498.4218,-490.7911,,,3250.0,0.0,-70.44,5806.3,-498.42,-490.79
516,maize,-280.2418,-489.0259,,,2880.0,0.0,-39.6,5791.0,-280.24,-489.03
517,maize,-529.5662,-488.7153,,,3270.0,0.0,-74.84,5729.7,-529.57,-488.72
518,maize,-201.584,-485.3542,,,3110.0,0.0,-28.49,6657.7,-201.58,-485.35
519,maize,-387.8128,-481.4099,,,3250.0,0.0,-54.81,6248.7,-387.81,-481.41
520,maize,-498.7578,-482.3336,,,3390.0,0.0,-70.48,6141.0,-498.76,-482.33
521,maize,-524.5173,-481.0747,,,3290.0,0.0,-74.12,5797.9,-524.52,-481.07
522,maize,-417.598,-479.0382,,,3090.0,0.0,-59.01,5745.6,-417.6,-479.04
523,maize,-174.8568,-476.7097,,,2980.0,0.0,-24.71,6452.6,-174.86,-476.71
524,maize,-570.2714,-475.9165,,,3340.0,0.0,-80.59,5734.9,-570.27,-475.92
525,maize,-545.3478,-478.1165,,,3240.0,0.0,-77.07,5594.6,-545.35,-478.12
526,maize,-136.6862,-473.5065,,,2860.0,0.0,-19.32,6317.3,-136.69,-473.51
527,maize,-476.1968,-471.2846,,,3110.0,0.0,-67.3,5559.2,-476.2,-471.28
528,maize,-671.1695,-472.5125,,,3370.0,0.0,-94.85,5403.3,-671.17,-472.51
529,maize,-445.7163,-471.109,,,3060.0,0.0,-62.99,5561.1,-445.72,-471.11
530,maize,-471.5829,-470.9514,,,3240.0,0.0,-66.64,5889.7,-471.58,-470.95
531,maize,-595.838,-470.3636,,,3380.0,0.0,-84.2,5728.6,-595.84,-470.36
532,maize,-654.7493,-471.544,,,3500.0,0.0,-92.53,5781.0,-654.75,-471.54
533,maize,-310.8787,-468.9146,,,3230.0,0.0,-43.93,6508.5,-310.88,-468.91
534,maize,-644.7732,-469.5658,,,3560.0,0.0,-91.12,5964.9,-644.77,-469.57
535,maize,-408.3547,-473.2771,,,3170.0,0.0,-57.71,5974.6,-408.35,-473.28
536,maize,-404.2292,-472.2031,,,3220.0,0.0,-57.13,6111.1,-404.23,-472.2
537,maize,-707.202,-470.529,,,3530.0,0.0,-99.94,5643.2,-707.2,-470.53
538,maize,-513.4508,-468.5586,,,3250.0,0.0,-72.56,5746.2,-513.45,-468.56
539,maize,-471.4584,-467.9627,,,3410.0,0.0,-66.63,6298.2,-471.46,-467.96
540,maize,-697.441,-471.246,,,3470.0,0.0,-98.56,5538.2,-697.44,-471.25
541,maize,-443.0553,-470.0291,,,3390.0,0.0,-62.61,6363.8,-443.06,-470.03
542,maize,-458.3316,-468.7345,,,3230.0,0.0,-64.77,5918.7,-458.33,-468.73
543,maize,-673.6794,-470.4562,,,3540.0,0.0,-95.2,5801.3,-673.68,-470.46
544,maize,-571.3748,-472.9487,,,3400.0,0.0,-80.75,5874.5,-571.37,-472.95
545,maize,-399.9703,-469.4312,,,3140.0,0.0,-56.52,5936.1,-399.97,-469.43
546,maize,-354.13,-467.678,,,3090.0,0.0,-50.05,5999.5,-354.13,-467.68
547,maize,-492.156,-470.3219,,,3310.0,0.0,-69.55,5975.4,-492.16,-470.32
548,maize,-510.8476,-470.3643,,,3280.0,0.0,-72.19,5828.6,-510.85,-470.36
549,maize,-541.8013,-470.2514,,,3300.0,0.0,-76.57,5752.8,-541.8,-470.25
550,maize,-225.3387,-466.7723,,,2880.0,0.0,-31.84,6010.6,-225.34,-466.77
551,maize,-154.2016,-463.2794,,,2960.0,0.0,-21.79,6487.2,-154.2,-463.28
552,maize,-469.9872,-464.2209,,,3150.0,0.0,-66.42,5680.1,-469.99,-464.22
553,maize,-315.8963,-461.5176,,,3200.0,0.0,-44.64,6416.4,-315.9,-461.52
554,maize,-405.2425,-459.7059,,,3270.0,0.0,-57.27,6227.0,-405.24,-459.71
555,maize,-648.7975,-461.8417,,,3210.0,0.0,-91.69,5108.8,-648.8,-461.84
556,maize,-574.1132,-462.2633,,,3300.0,0.0,-81.13,5623.5,-574.11,-462.26
557,maize,-531.9279,-463.7483,,,3350.0,0.0,-75.17,5912.3,-531.93,-463.75
558,maize,-212.6125,-461.3232,,,3090.0,0.0,-30.05,6565.5,-212.61,-461.32
559,maize,6.3891,-457.0478,,,2820.0,0.0,0.9,6793.6,6.39,-457.05
560,maize,-435.3718,-455.78,,,3230.0,0.0,-61.53,6010.5,-435.37,-455.78
561,maize,-377.6237,-459.7841,,,3360.0,0.0,-53.37,6553.5,-377.62,-459.78
562,maize,-678.481,-460.9749,,,3430.0,0.0,-95.88,5518.1,-678.48,-460.97
563,maize,-616.4216,-461.8631,,,3380.0,0.0,-87.11,5646.3,-616.42,-461.86
564,maize,-454.4149,-461.3576,,,3130.0,0.0,-64.22,5694.3,-454.41,-461.36
565,maize,-708.8522,-464.6821,,,3400.0,0.0,-100.17,5324.6,-708.85,-464.68
566,maize,-716.7569,-469.5667,,,3700.0,0.0,-101.29,6013.0,-716.76,-469.57
567,maize,-712.2781,-471.3579,,,3280.0,0.0,-100.66,5022.9,-712.28,-471.36
568,maize,-528.116,-472.6247,,,3370.0,0.0,-74.63,5975.5,-528.12,-472.62
569,maize,-423.5238,-469.4043,,,2990.0,0.0,-59.85,5481.9,-423.52,-469.4
570,maize,-453.3995,-469.5597,,,3330.0,0.0,-64.07,6178.4,-453.4,-469.56
571,maize,-399.0793,-467.0967,,,3090.0,0.0,-56.4,5819.7,-399.08,-467.1
572,maize,-362.5815,-466.4495,,,3150.0,0.0,-51.24,6109.7,-362.58,-466.45
573,maize,-359.6008,-463.5533,,,3330.0,0.0,-50.82,6553.6,-359.6,-463.55
574,maize,-345.1946,-462.0375,,,3320.0,0.0,-48.78,6587.2,-345.19,-462.04
575,maize,-539.098,-463.7856,,,3390.0,0.0,-76.18,5979.6,-539.1,-463.79
576,maize,-410.9987,-459.9796,,,3390.0,0.0,-58.08,6492.0,-411.0,-459.98
577,maize,-492.7061,-460.3501,,,3350.0,0.0,-69.63,6069.2,-492.71,-460.35
578,maize,-589.6371,-462.2208,,,3460.0,0.0,-83.33,5945.5,-589.64,-462.22
579,maize,-461.4132,-463.3403,,,3090.0,0.0,-65.21,5570.3,-461.41,-463.34
580,maize,-501.7994,-465.5282,,,3380.0,0.0,-70.91,6104.8,-501.8,-465.53
581,maize,-370.0927,-464.5838,,,3090.0,0.0,-52.3,5935.6,-370.09,-464.58
582,maize,-81.6708,-458.7519,,,2850.0,0.0,-11.54,6513.3,-81.67,-458.75
583,maize,-590.9618,-455.0483,,,3550.0,0.0,-83.51,6156.2,-590.96,-455.05
584,maize,-680.334,-456.9352,,,3560.0,0.0,-96.14,5822.7,-680.33,-456.94
585,maize,-459.0784,-459.3485,,,3300.0,0.0,-64.88,6083.7,-459.08,-459.35
586,maize,-613.1151,-459.8542,,,3280.0,0.0,-86.64,5419.5,-613.12,-459.85
587,maize,-188.1382,-456.2432,,,2840.0,0.0,-26.59,6063.4,-188.14,-456.24
588,maize,-505.5801,-456.3168,,,3330.0,0.0,-71.45,5969.7,-505.58,-456.32
589,maize,-520.5469,-455.583,,,3170.0,0.0,-73.56,5525.8,-520.55,-455.58
590,maize,-364.5783,-453.7385,,,3110.0,0.0,-51.52,6005.7,-364.58,-453.74
591,maize,-650.7003,-454.3263,,,3410.0,0.0,-91.96,5581.2,-650.7,-454.33
592,maize,-378.2745,-454.7808,,,2960.0,0.0,-53.46,5590.9,-378.27,-454.78
593,maize,-651.4126,-455.0236,,,3660.0,0.0,-92.06,6178.3,-651.41,-455.02
594,maize,-552.7155,-453.8947,,,3560.0,0.0,-78.11,6333.1,-552.72,-453.89
595,maize,-328.0609,-452.4539,,,3220.0,0.0,-46.36,6415.8,-328.06,-452.45
596,maize,-530.7057,-452.2708,,,3260.0,0.0,-75.0,5701.2,-530.71,-452.27
597,maize,-456.0846,-451.2067,,,3100.0,0.0,-64.45,5615.7,-456.08,-451.21
598,maize,-304.0845,-453.1684,,,3320.0,0.0,-42.97,6751.7,-304.08,-453.17
599,maize,-450.0704,-451.8925,,,3240.0,0.0,-63.6,5975.7,-450.07,-451.89
600,maize,-529.7038,-453.4253,,,3230.0,0.0,-74.86,5633.2,-529.7,-453.43
601,maize,-289.726,-451.273,,,3020.0,0.0,-40.94,6089.1,-289.73,-451.27
602,maize,-289.5875,-451.06,,,3060.0,0.0,-40.92,6185.7,-289.59,-451.06
603,maize,-440.0611,-449.1121,,,3170.0,0.0,-62.19,5847.8,-440.06,-449.11
604,maize,-422.1172,-449.0066,,,3140.0,0.0,-59.65,5847.5,-422.12,-449.01
605,maize,-891.8718,-452.676,,,3600.0,0.0,-126.04,5072.5,-891.87,-452.68
606,maize,-563.6256,-455.6916,,,3400.0,0.0,-79.65,5905.5,-563.63,-455.69
607,maize,-574.0219,-457.5585,,,3260.0,0.0,-81.12,5527.9,-574.02,-457.56
608,maize,-346.4421,-456.2887,,,3130.0,0.0,-48.96,6126.2,-346.44,-456.29
609,maize,-518.2632,-460.9717,,,3140.0,0.0,-73.24,5462.9,-518.26,-460.97
610,maize,-467.0036,-462.7337,,,3280.0,0.0,-66.0,6004.0,-467.0,-462.73
611,maize,-297.1884,-461.3773,,,2950.0,0.0,-42.0,5891.2,-297.19,-461.38
612,maize,-730.7031,-464.8675,,,3600.0,0.0,-103.26,5717.2,-730.7,-464.87
613,maize,-377.1395,-464.9235,,,3190.0,0.0,-53.3,6147.4,-377.14,-464.92
614,maize,-532.5544,-467.2934,,,3220.0,0.0,-75.26,5597.8,-532.55,-467.29
615,maize,-556.4585,-467.8738,,,3240.0,0.0,-78.64,5550.2,-556.46,-467.87
616,maize,-258.286,-467.6542,,,3050.0,0.0,-36.5,6286.9,-258.29,-467.65
617,maize,-530.2341,-467.6609,,,3320.0,0.0,-74.93,5847.1,-530.23,-467.66
618,maize,-174.3105,-467.3882,,,3040.0,0.0,-24.63,6598.8,-174.31,-467.39
619,maize,-579.379,-469.3038,,,3440.0,0.0,-81.88,5938.5,-579.38,-469.3
620,maize,-673.6626,-471.0529,,,3490.0,0.0,-95.2,5681.3,-673.66,-471.05
621,maize,-280.0288,-468.608,,,3060.0,0.0,-39.57,6223.9,-280.03,-468.61
622,maize,-386.9928,-468.3019,,,3180.0,0.0,-54.69,6084.0,-386.99,-468.3
623,maize,-477.1055,-471.3244,,,3240.0,0.0,-67.42,5867.6,-477.11,-471.32
624,maize,-341.1213,-469.0329,,,3110.0,0.0,-48.21,6099.5,-341.12,-469.03
625,maize,-556.3575,-469.143,,,3510.0,0.0,-78.62,6198.6,-556.36,-469.14
626,maize,-352.2394,-471.2985,,,3150.0,0.0,-49.78,6151.0,-352.24,-471.3
627,maize,-469.2078,-471.2286,,,3190.0,0.0,-66.31,5779.2,-469.21,-471.23
628,maize,-485.2954,-469.3699,,,3220.0,0.0,-68.58,5786.8,-485.3,-469.37
629,maize,-495.264,-469.8654,,,3370.0,0.0,-69.99,6106.9,-495.26,-469.87
630,maize,-292.7697,-468.0773,,,3010.0,0.0,-41.37,6052.9,-292.77,-468.08
631,maize,-259.0569,-464.7094,,,2950.0,0.0,-36.61,6043.8,-259.06,-464.71
632,maize,-537.0841,-463.5328,,,3270.0,0.0,-75.9,5699.7,-537.08,-463.53
633,maize,-576.286,-466.1869,,,3120.0,0.0,-81.44,5182.9,-576.29,-466.19
634,maize,-502.5881,-464.765,,,3340.0,0.0,-71.03,6005.6,-502.59,-464.77
635,maize,-353.8001,-464.2195,,,2910.0,0.0,-50.0,5568.8,-353.8,-464.22
636,maize,-190.4362,-462.0815,,,3010.0,0.0,-26.91,6462.3,-190.44,-462.08
637,maize,-94.1653,-455.9512,,,3080.0,0.0,-13.31,7015.3,-94.17,-455.95
638,maize,-564.9284,-456.4659,,,3150.0,0.0,-79.84,5300.3,-564.93,-456.47
639,maize,-316.7929,-454.9193,,,3120.0,0.0,-44.77,6220.8,-316.79,-454.92
640,maize,-586.4684,-453.8096,,,3450.0,0.0,-82.88,5934.1,-586.47,-453.81
641,maize,-713.108,-456.5101,,,3510.0,0.0,-100.78,5571.6,-713.11,-456.51
642,maize,-649.0815,-458.4176,,,3490.0,0.0,-91.73,5779.7,-649.08,-458.42
643,maize,-167.4474,-453.3553,,,2990.0,0.0,-23.66,6506.2,-167.45,-453.36
644,maize,-188.1899,-449.5234,,,2740.0,0.0,-26.59,5823.2,-188.19,-449.52
645,maize,-460.3607,-450.1273,,,3270.0,0.0,-65.06,6006.6,-460.36,-450.13
646,maize,-142.7619,-448.0136,,,2920.0,0.0,-20.17,6437.0,-142.76,-448.01
647,maize,-558.181,-448.6739,,,3220.0,0.0,-78.88,5495.3,-558.18,-448.67
648,maize,-450.8639,-448.0741,,,3190.0,0.0,-63.72,5852.5,-450.86,-448.07
649,maize,-416.4476,-446.8205,,,3330.0,0.0,-58.85,6326.2,-416.45,-446.82
650,maize,-450.2324,-449.0695,,,3150.0,0.0,-63.63,5759.1,-450.23,-449.07
651,maize,-315.955,-450.687,,,2980.0,0.0,-44.65,5888.2,-315.96,-450.69
652,maize,-499.3448,-450.9806,,,3270.0,0.0,-70.57,5850.6,-499.34,-450.98
653,maize,-430.0571,-452.1222,,,3240.0,0.0,-60.78,6055.8,-430.06,-452.12
654,maize,-622.0591,-454.2903,,,3430.0,0.0,-87.91,5743.8,-622.06,-454.29
655,maize,-496.5804,-452.7682,,,3120.0,0.0,-70.18,5501.7,-496.58,-452.77
656,maize,-298.901,-450.0161,,,3180.0,0.0,-42.24,6436.4,-298.9,-450.02
657,maize,-473.8477,-449.4352,,,3210.0,0.0,-66.96,5808.6,-473.85,-449.44
658,maize,-319.5447,-450.5046,,,3090.0,0.0,-45.16,6137.8,-319.54,-450.5
659,maize,-538.315,-455.9516,,,3240.0,0.0,-76.07,5622.7,-538.32,-455.95
660,maize,-538.2204,-456.9801,,,3320.0,0.0,-76.06,5815.1,-538.22,-456.98
661,maize,-628.9741,-459.4936,,,3290.0,0.0,-88.89,5380.1,-628.97,-459.49
662,maize,-652.0975,-459.2298,,,3490.0,0.0,-92.15,5767.6,-652.1,-459.23
663,maize,-187.5417,-454.941,,,2840.0,0.0,-26.5,6065.8,-187.54,-454.94
664,maize,-271.2497,-453.1093,,,2900.0,0.0,-38.33,5875.0,-271.25,-453.11
665,maize,-579.4439,-451.8152,,,3430.0,0.0,-81.89,5914.2,-579.44,-451.82
666,maize,-506.2297,-449.71,,,3180.0,0.0,-71.54,5607.1,-506.23,-449.71
667,maize,-314.6345,-445.7335,,,3040.0,0.0,-44.46,6037.5,-314.63,-445.73
668,maize,-289.2136,-443.3445,,,3070.0,0.0,-40.87,6211.1,-289.21,-443.34
669,maize,-397.9657,-443.0889,,,3180.0,0.0,-56.24,6040.1,-397.97,-443.09
670,maize,-215.6012,-440.7109,,,2980.0,0.0,-30.47,6289.6,-215.6,-440.71
671,maize,-525.8329,-441.9785,,,3380.0,0.0,-74.31,6008.7,-525.83,-441.98
672,maize,-112.8129,-439.4808,,,3010.0,0.0,-15.94,6772.7,-112.81,-439.48
673,maize,-688.9366,-442.7741,,,3380.0,0.0,-97.36,5356.3,-688.94,-442.77
674,maize,-447.9254,-443.8015,,,3180.0,0.0,-63.3,5840.3,-447.93,-443.8
675,maize,-551.0033,-443.9205,,,3320.0,0.0,-77.87,5764.0,-551.0,-443.92
676,maize,-467.6677,-444.4872,,,3130.0,0.0,-66.09,5641.3,-467.67,-444.49
677,maize,-232.8818,-441.889,,,3000.0,0.0,-32.91,6268.5,-232.88,-441.89
678,maize,-137.0463,-437.363,,,2930.0,0.0,-19.37,6483.8,-137.05,-437.36
679,maize,-458.6923,-437.3358,,,3210.0,0.0,-64.82,5869.2,-458.69,-437.34
680,maize,-461.6929,-436.9348,,,3230.0,0.0,-65.25,5905.2,-461.69,-436.93
681,maize,-733.6508,-440.5704,,,3470.0,0.0,-103.68,5393.4,-733.65,-440.57
682,maize,-264.7249,-442.4009,,,3030.0,0.0,-37.41,6213.1,-264.72,-442.4
683,maize,-335.6026,-439.8473,,,3370.0,0.0,-47.43,6745.6,-335.6,-439.85
684,maize,-737.2231,-440.4162,,,3450.0,0.0,-104.18,5331.1,-737.22,-440.42
685,maize,-341.5184,-439.2406,,,3150.0,0.0,-48.26,6193.9,-341.52,-439.24
686,maize,-329.7222,-436.4067,,,3110.0,0.0,-46.6,6145.1,-329.72,-436.41
687,maize,-117.8081,-435.7034,,,2900.0,0.0,-16.65,6488.8,-117.81,-435.7
688,maize,-495.0775,-435.5983,,,3250.0,0.0,-69.96,5819.7,-495.08,-435.6
689,maize,-218.0735,-432.5736,,,3120.0,0.0,-30.82,6615.7,-218.07,-432.57
690,maize,-195.0647,-430.8785,,,3080.0,0.0,-27.57,6611.7,-195.06,-430.88
691,maize,-222.9102,-426.6006,,,3140.0,0.0,-31.5,6644.4,-222.91,-426.6
692,maize,-430.4072,-427.1219,,,3140.0,0.0,-60.82,5814.4,-430.41,-427.12
693,maize,-582.021,-426.428,,,3480.0,0.0,-82.25,6023.9,-582.02,-426.43
694,maize,-402.5424,-424.9262,,,3080.0,0.0,-56.89,5781.8,-402.54,-424.93
695,maize,-365.9287,-425.3049,,,3090.0,0.0,-51.71,5952.3,-365.93,-425.3
696,maize,-458.6333,-424.5842,,,3050.0,0.0,-64.81,5485.5,-458.63,-424.58
697,maize,-429.781,-424.3212,,,3230.0,0.0,-60.74,6032.9,-429.78,-424.32
698,maize,-213.0117,-423.4104,,,3010.0,0.0,-30.1,6372.0,-213.01,-423.41
699,maize,-574.0632,-424.6504,,,3310.0,0.0,-81.13,5647.7,-574.06,-424.65
700,maize,-302.5062,-422.3784,,,3010.0,0.0,-42.75,6014.0,-302.51,-422.38
701,maize,-378.2669,-423.2638,,,3230.0,0.0,-53.46,6238.9,-378.27,-423.26
702,maize,-704.0511,-427.4084,,,3470.0,0.0,-99.5,5511.8,-704.05,-427.41
703,maize,-299.7782,-426.0056,,,3090.0,0.0,-42.36,6216.9,-299.78,-426.01
704,maize,-597.8737,-427.7632,,,3490.0,0.0,-84.49,5984.5,-597.87,-427.76
705,maize,-612.1392,-424.9658,,,3420.0,0.0,-86.51,5759.4,-612.14,-424.97
706,maize,-474.8688,-424.0783,,,3220.0,0.0,-67.11,5828.5,-474.87,-424.08
707,maize,-584.8153,-424.1862,,,3490.0,0.0,-82.65,6036.7,-584.82,-424.19
708,maize,-441.8026,-425.1398,,,3340.0,0.0,-62.44,6248.8,-441.8,-425.14
709,maize,-634.0895,-426.2981,,,3330.0,0.0,-89.61,5455.6,-634.09,-426.3
710,maize,-491.7255,-426.5453,,,3320.0,0.0,-69.49,6001.1,-491.73,-426.55
711,maize,-372.4243,-427.2977,,,3200.0,0.0,-52.63,6190.3,-372.42,-427.3
712,maize,-806.0301,-428.0509,,,3700.0,0.0,-113.91,5655.9,-806.03,-428.05
713,maize,-224.8947,-426.5285,,,3070.0,0.0,-31.78,6468.4,-224.89,-426.53
714,maize,-464.5671,-425.8486,,,3250.0,0.0,-65.65,5941.7,-464.57,-425.85
715,maize,-174.0129,-422.0241,,,2850.0,0.0,-24.59,6143.9,-174.01,-422.02
716,maize,-462.2067,-424.0634,,,3230.0,0.0,-65.32,5903.2,-462.21,-424.06
717,maize,-436.449,-423.1255,,,3270.0,0.0,-61.68,6102.2,-436.45,-423.13
718,maize,-279.9589,-424.182,,,3040.0,0.0,-39.56,6176.2,-279.96,-424.18
719,maize,-556.9243,-423.9574,,,3240.0,0.0,-78.7,5548.3,-556.92,-423.96
720,maize,-488.9602,-422.1104,,,3230.0,0.0,-69.1,5796.2,-488.96,-422.11
721,maize,-293.8353,-422.2485,,,3080.0,0.0,-41.52,6216.7,-293.84,-422.25
722,maize,-418.2623,-422.5612,,,3060.0,0.0,-59.11,5671.0,-418.26,-422.56
723,maize,-372.551,-421.5156,,,3270.0,0.0,-52.65,6357.8,-372.55,-421.52
724,maize,-445.7166,-422.5616,,,3200.0,0.0,-62.99,5897.1,-445.72,-422.56
725,maize,-402.138,-421.0194,,,3110.0,0.0,-56.83,5855.4,-402.14,-421.02
726,maize,-614.6336,-423.6433,,,3260.0,0.0,-86.86,5365.5,-614.63,-423.64
727,maize,-431.5412,-423.2667,,,3340.0,0.0,-60.98,6289.8,-431.54,-423.27
728,maize,-298.9908,-421.4036,,,3120.0,0.0,-42.25,6292.0,-298.99,-421.4
729,maize,-464.4547,-421.0955,,,3210.0,0.0,-65.64,5846.2,-464.45,-421.1
730,maize,-246.0417,-420.6282,,,2810.0,0.0,-34.77,5759.8,-246.04,-420.63
731,maize,-663.9762,-424.6774,,,3390.0,0.0,-93.83,5480.1,-663.98,-424.68
732,maize,-345.5678,-422.7623,,,3150.0,0.0,-48.84,6177.7,-345.57,-422.76
733,maize,-555.0993,-422.5504,,,3260.0,0.0,-78.45,5603.6,-555.1,-422.55
734,maize,-254.4052,-420.0686,,,3060.0,0.0,-35.95,6326.4,-254.41,-420.07
735,maize,-719.7785,-423.7284,,,3570.0,0.0,-101.72,5688.9,-719.78,-423.73
736,maize,-468.2397,-426.5064,,,3160.0,0.0,-66.17,5711.0,-468.24,-426.51
737,maize,-380.2818,-429.3676,,,3060.0,0.0,-53.74,5822.9,-380.28,-429.37
738,maize,-440.2409,-428.1207,,,3330.0,0.0,-62.21,6231.0,-440.24,-428.12
739,maize,-230.6071,-427.2588,,,2940.0,0.0,-32.59,6133.6,-230.61,-427.26
740,maize,-587.3339,-427.2675,,,3410.0,0.0,-83.0,5834.7,-587.33,-427.27
741,maize,-603.6352,-426.1728,,,3430.0,0.0,-85.3,5817.5,-603.64,-426.17
742,maize,-122.8356,-420.9103,,,2740.0,0.0,-17.36,6084.7,-122.84,-420.91
743,maize,-421.8235,-423.4541,,,3180.0,0.0,-59.61,5944.7,-421.82,-423.45
744,maize,-272.5201,-424.2974,,,3230.0,0.0,-38.51,6661.9,-272.52,-424.3
745,maize,-352.9418,-423.2232,,,3240.0,0.0,-49.88,6364.2,-352.94,-423.22
746,maize,-424.8313,-426.0439,,,3490.0,0.0,-60.04,6676.7,-424.83,-426.04
747,maize,-171.778,-422.1798,,,2950.0,0.0,-24.28,6392.9,-171.78,-422.18
748,maize,-534.8297,-423.0195,,,3330.0,0.0,-75.58,5852.7,-534.83,-423.02
749,maize,-334.7091,-422.2021,,,3140.0,0.0,-47.3,6197.2,-334.71,-422.2
750,maize,-305.4968,-420.7548,,,3180.0,0.0,-43.17,6410.0,-305.5,-420.75
751,maize,-276.6548,-420.3617,,,3120.0,0.0,-39.1,6381.4,-276.65,-420.36
752,maize,-740.8422,-422.7767,,,3490.0,0.0,-104.69,5412.6,-740.84,-422.78
753,maize,-306.3248,-421.5394,,,2920.0,0.0,-43.29,5782.7,-306.32,-421.54
754,maize,-309.0834,-418.4096,,,2980.0,0.0,-43.68,5915.7,-309.08,-418.41
755,maize,-380.5697,-417.2495,,,3210.0,0.0,-53.78,6181.7,-380.57,-417.25
756,maize,-446.2889,-418.7234,,,3220.0,0.0,-63.07,5942.8,-446.29,-418.72
757,maize,-320.5426,-417.1904,,,3080.0,0.0,-45.3,6109.8,-320.54,-417.19
758,maize,-732.5425,-421.3203,,,3530.0,0.0,-103.52,5541.8,-732.54,-421.32
759,maize,-30.9581,-416.2468,,,2880.0,0.0,-4.37,6788.2,-30.96,-416.25
760,maize,-38.6856,-411.2514,,,2930.0,0.0,-5.47,6877.3,-38.69,-411.25
761,maize,-544.2243,-410.4039,,,3320.0,0.0,-76.91,5791.1,-544.22,-410.4
762,maize,-284.8666,-406.7316,,,3230.0,0.0,-40.26,6612.5,-284.87,-406.73
763,maize,-601.4243,-410.8704,,,3550.0,0.0,-84.99,6114.3,-601.42,-410.87
764,maize,-783.8032,-415.996,,,3430.0,0.0,-110.77,5096.8,-783.8,-416.0
765,maize,-540.5679,-415.6072,,,3300.0,0.0,-76.39,5757.7,-540.57,-415.61
766,maize,-799.0497,-418.5354,,,3520.0,0.0,-112.92,5251.8,-799.05,-418.54
767,maize,-331.9622,-418.7087,,,3140.0,0.0,-46.91,6208.2,-331.96,-418.71
768,maize,-579.7844,-421.6144,,,3450.0,0.0,-81.93,5960.9,-579.78,-421.61
769,maize,-332.2385,-420.9571,,,3220.0,0.0,-46.95,6399.0,-332.24,-420.96
770,maize,-253.1767,-421.3329,,,3030.0,0.0,-35.78,6259.3,-253.18,-421.33
771,maize,-455.1201,-420.6258,,,3170.0,0.0,-64.32,5787.5,-455.12,-420.63
772,maize,-148.487,-420.9825,,,3020.0,0.0,-20.98,6654.1,-148.49,-420.98
773,maize,-313.8607,-417.2317,,,3120.0,0.0,-44.35,6232.6,-313.86,-417.23
774,maize,-299.3721,-415.7462,,,3050.0,0.0,-42.31,6122.5,-299.37,-415.75
775,maize,-341.8668,-413.6548,,,3070.0,0.0,-48.31,6000.5,-341.87,-413.65
776,maize,-376.5982,-412.7441,,,3220.0,0.0,-53.22,6221.6,-376.6,-412.74
777,maize,-365.9856,-414.0752,,,3190.0,0.0,-51.72,6192.1,-365.99,-414.08
778,maize,-701.0168,-419.7149,,,3380.0,0.0,-99.07,5307.9,-701.02,-419.71
779,maize,-609.5945,-421.2239,,,3370.0,0.0,-86.15,5649.6,-609.59,-421.22
780,maize,-723.2796,-423.8398,,,3490.0,0.0,-102.21,5482.9,-723.28,-423.84
781,maize,-613.3821,-422.6371,,,3420.0,0.0,-86.68,5754.5,-613.38,-422.64
782,maize,-587.6049,-425.8659,,,3410.0,0.0,-83.04,5833.6,-587.6,-425.87
783,maize,-25.2145,-422.762,,,2950.0,0.0,-3.56,6979.1,-25.21,-422.76
784,maize,-710.7296,-422.4971,,,3610.0,0.0,-100.44,5821.1,-710.73,-422.5
785,maize,-590.2349,-424.9842,,,3270.0,0.0,-83.41,5487.1,-590.23,-424.98
786,maize,-489.8685,-426.5857,,,3540.0,0.0,-69.23,6536.5,-489.87,-426.59
787,maize,-349.6275,-428.9039,,,3180.0,0.0,-49.41,6233.5,-349.63,-428.9
788,maize,-436.2282,-428.3154,,,3040.0,0.0,-61.65,5551.1,-436.23,-428.32
789,maize,-601.343,-432.1481,,,3270.0,0.0,-84.98,5442.6,-601.34,-432.15
790,maize,-391.4491,-434.1119,,,3230.0,0.0,-55.32,6186.2,-391.45,-434.11
791,maize,-750.9072,-439.3919,,,3320.0,0.0,-106.12,4964.4,-750.91,-439.39
792,maize,-456.6118,-439.654,,,3250.0,0.0,-64.53,5973.6,-456.61,-439.65
793,maize,-457.1478,-438.4052,,,3260.0,0.0,-64.6,5995.4,-457.15,-438.41
794,maize,-342.3565,-437.8034,,,3210.0,0.0,-48.38,6334.6,-342.36,-437.8
795,maize,-225.94,-436.4035,,,3110.0,0.0,-31.93,6560.2,-225.94,-436.4
796,maize,-386.1471,-435.6786,,,3080.0,0.0,-54.57,5847.4,-386.15,-435.68
797,maize,-572.8106,-437.1089,,,3240.0,0.0,-80.95,5484.8,-572.81,-437.11
798,maize,-529.3138,-440.2719,,,3270.0,0.0,-74.8,5730.7,-529.31,-440.27
799,maize,-568.2297,-440.2136,,,3500.0,0.0,-80.3,6127.1,-568.23,-440.21
800,maize,-511.7755,-442.3063,,,3410.0,0.0,-72.32,6136.9,-511.78,-442.31
801,maize,-479.5701,-443.3193,,,3380.0,0.0,-67.77,6193.7,-479.57,-443.32
802,maize,-672.9777,-443.0086,,,3410.0,0.0,-95.1,5492.1,-672.98,-443.01
803,maize,-135.8154,-441.369,,,2800.0,0.0,-19.19,6176.7,-135.82,-441.37
804,maize,-625.4332,-441.6446,,,3420.0,0.0,-88.39,5706.3,-625.43,-441.64
805,maize,-934.1555,-444.8647,,,3620.0,0.0,-132.01,4951.4,-934.16,-444.86
806,maize,-333.7282,-443.4533,,,2950.0,0.0,-47.16,5745.1,-333.73,-443.45
807,maize,-694.0137,-444.5453,,,3210.0,0.0,-98.08,4927.9,-694.01,-444.55
808,maize,-247.5869,-442.6031,,,2960.0,0.0,-34.99,6113.7,-247.59,-442.6
809,maize,-491.6729,-441.179,,,3390.0,0.0,-69.48,6169.3,-491.67,-441.18
810,maize,-452.1193,-440.7829,,,3280.0,0.0,-63.89,6063.5,-452.12,-440.78
811,maize,-476.1698,-441.8204,,,3270.0,0.0,-67.29,5943.3,-476.17,-441.82
812,maize,-415.1518,-437.9116,,,3110.0,0.0,-58.67,5803.4,-415.15,-437.91
813,maize,-582.1153,-441.4838,,,3300.0,0.0,-82.26,5591.5,-582.12,-441.48
814,maize,-526.3962,-442.1021,,,3140.0,0.0,-74.39,5430.4,-526.4,-442.1
815,maize,-757.2278,-447.9342,,,3470.0,0.0,-107.01,5299.1,-757.23,-447.93
816,maize,-487.0334,-448.1825,,,3150.0,0.0,-68.83,5611.9,-487.03,-448.18
817,maize,-435.2664,-448.1707,,,3120.0,0.0,-61.51,5746.9,-435.27,-448.17
818,maize,-527.67,-450.6478,,,3150.0,0.0,-74.57,5449.3,-527.67,-450.65
819,maize,-413.0081,-449.2086,,,3170.0,0.0,-58.37,5956.0,-413.01,-449.21
820,maize,-465.8718,-448.9777,,,3320.0,0.0,-65.84,6104.5,-465.87,-448.98
821,maize,-402.5639,-450.065,,,3160.0,0.0,-56.89,5973.7,-402.56,-450.07
822,maize,-733.3367,-453.2158,,,3640.0,0.0,-103.63,5802.7,-733.34,-453.22
823,maize,-183.3317,-451.3236,,,3180.0,0.0,-25.91,6898.7,-183.33,-451.32
824,maize,-442.9821,-451.2962,,,3190.0,0.0,-62.6,5884.1,-442.98,-451.3
825,maize,-538.0154,-452.655,,,3310.0,0.0,-76.03,5791.9,-538.02,-452.66
826,maize,-736.8842,-453.8775,,,3470.0,0.0,-104.14,5380.5,-736.88,-453.88
827,maize,-681.4731,-456.3768,,,3440.0,0.0,-96.3,5530.1,-681.47,-456.38
828,maize,-292.1774,-456.3087,,,3100.0,0.0,-41.29,6271.3,-292.18,-456.31
829,maize,-334.0125,-455.0043,,,3140.0,0.0,-47.2,6199.9,-334.01,-455.0
830,maize,-510.9439,-457.6533,,,3370.0,0.0,-72.21,6044.2,-510.94,-457.65
831,maize,-750.6639,-458.5202,,,3650.0,0.0,-106.08,5757.3,-750.66,-458.52
832,maize,-400.8704,-459.0732,,,3350.0,0.0,-56.65,6436.5,-400.87,-459.07
833,maize,-251.7255,-456.0395,,,2920.0,0.0,-35.57,6001.1,-251.73,-456.04
834,maize,-337.3067,-456.8685,,,3040.0,0.0,-47.67,5946.8,-337.31,-456.87
835,maize,-717.0122,-456.8408,,,3590.0,0.0,-101.33,5748.0,-717.01,-456.84
836,maize,-216.6134,-454.3246,,,3080.0,0.0,-30.61,6525.5,-216.61,-454.32
837,maize,-481.7049,-455.3388,,,3240.0,0.0,-68.07,5849.2,-481.7,-455.34
838,maize,15.2102,-450.7843,,,2710.0,0.0,2.15,6564.8,15.21,-450.78
839,maize,-386.2832,-452.341,,,3210.0,0.0,-54.59,6158.9,-386.28,-452.34
840,maize,-208.0742,-448.5484,,,3090.0,0.0,-29.4,6583.7,-208.07,-448.55
841,maize,-551.2871,-448.025,,,3340.0,0.0,-77.91,5810.9,-551.29,-448.02
842,maize,-496.144,-451.758,,,3310.0,0.0,-70.11,5959.4,-496.14,-451.76
843,maize,-480.2504,-452.3423,,,3350.0,0.0,-67.87,6119.0,-480.25,-452.34
844,maize,-543.8138,-455.0553,,,3420.0,0.0,-76.85,6032.7,-543.81,-455.06
845,maize,-577.9618,-457.3055,,,3560.0,0.0,-81.68,6232.2,-577.96,-457.31
846,maize,-611.8896,-459.176,,,3500.0,0.0,-86.47,5952.4,-611.89,-459.18
847,maize,-545.6858,-462.9151,,,3260.0,0.0,-77.12,5641.3,-545.69,-462.92
848,maize,-419.5793,-461.7626,,,3180.0,0.0,-59.29,5953.7,-419.58,-461.76
849,maize,-362.8067,-462.0436,,,3070.0,0.0,-51.27,5916.8,-362.81,-462.04
850,maize,-456.333,-463.5519,,,3300.0,0.0,-64.49,6094.7,-456.33,-463.55
851,maize,-149.5737,-462.2811,,,2920.0,0.0,-21.14,6409.7,-149.57,-462.28
852,maize,-274.8557,-457.6213,,,3140.0,0.0,-38.84,6436.6,-274.86,-457.62
853,maize,-512.9683,-459.6877,,,3200.0,0.0,-72.49,5628.1,-512.97,-459.69
854,maize,-183.7634,-458.4345,,,3060.0,0.0,-25.97,6608.9,-183.76,-458.43
855,maize,-269.1651,-457.3205,,,3070.0,0.0,-38.04,6291.3,-269.17,-457.32
856,maize,-293.0381,-455.788,,,3030.0,0.0,-41.41,6099.8,-293.04,-455.79
857,maize,-190.5414,-454.4879,,,2890.0,0.0,-26.93,6173.8,-190.54,-454.49
858,maize,-468.7074,-451.8496,,,3300.0,0.0,-66.24,6045.2,-468.71,-451.85
859,maize,-49.1102,-452.0311,,,2740.0,0.0,-6.94,6379.6,-49.11,-452.03
860,maize,-326.4764,-454.909,,,3250.0,0.0,-46.14,6494.1,-326.48,-454.91
861,maize,-162.2326,-451.0891,,,2910.0,0.0,-22.93,6335.1,-162.23,-451.09
862,maize,-470.7583,-452.948,,,3260.0,0.0,-66.53,5941.0,-470.76,-452.95
863,maize,-303.6904,-449.9707,,,3110.0,0.0,-42.92,6249.2,-303.69,-449.97
864,maize,-348.5543,-445.6182,,,2990.0,0.0,-49.26,5781.8,-348.55,-445.62
865,maize,-445.0381,-444.6629,,,3150.0,0.0,-62.89,5779.8,-445.04,-444.66
866,maize,-131.3058,-437.9855,,,3030.0,0.0,-18.56,6746.8,-131.31,-437.99
867,maize,-491.541,-439.5812,,,3300.0,0.0,-69.46,5953.8,-491.54,-439.58
868,maize,-114.2179,-434.9256,,,2820.0,0.0,-16.14,6311.1,-114.22,-434.93
869,maize,-654.289,-438.1461,,,3390.0,0.0,-92.46,5518.8,-654.29,-438.15
870,maize,-420.1211,-439.8155,,,3160.0,0.0,-59.37,5903.5,-420.12,-439.82
871,maize,-473.0801,-439.9951,,,3250.0,0.0,-66.86,5907.7,-473.08,-440.0
872,maize,-374.2895,-442.2532,,,3040.0,0.0,-52.89,5798.8,-374.29,-442.25
873,maize,-535.7597,-444.4721,,,3330.0,0.0,-75.71,5849.0,-535.76,-444.47
874,maize,-679.7022,-448.2754,,,3340.0,0.0,-96.05,5297.2,-679.7,-448.28
875,maize,-554.0403,-450.3972,,,3310.0,0.0,-78.3,5727.8,-554.04,-450.4
876,maize,-286.0444,-449.4916,,,3030.0,0.0,-40.42,6127.8,-286.04,-449.49
877,maize,-453.3621,-450.3654,,,3310.0,0.0,-64.07,6130.6,-453.36,-450.37
878,maize,-479.834,-448.1536,,,3120.0,0.0,-67.81,5568.7,-479.83,-448.15
879,maize,-416.4112,-446.2217,,,3110.0,0.0,-58.85,5798.4,-416.41,-446.22
880,maize,-438.1362,-443.3703,,,3220.0,0.0,-61.92,5975.5,-438.14,-443.37
881,maize,-281.5317,-440.0518,,,3050.0,0.0,-39.79,6193.9,-281.53,-440.05
882,maize,-217.9227,-436.355,,,3020.0,0.0,-30.8,6376.3,-217.92,-436.35
883,maize,-509.076,-441.1936,,,3280.0,0.0,-71.94,5835.7,-509.08,-441.19
884,maize,-246.7106,-436.5534,,,2980.0,0.0,-34.86,6165.2,-246.71,-436.55
885,maize,-814.6859,-438.7979,,,3420.0,0.0,-115.13,4949.3,-814.69,-438.8
886,maize,-498.9869,-438.8891,,,3280.0,0.0,-70.52,5876.1,-498.99,-438.89
887,maize,-315.6045,-438.5489,,,3360.0,0.0,-44.6,6801.6,-315.6,-438.55
888,maize,-506.8139,-439.2547,,,3190.0,0.0,-71.62,5628.7,-506.81,-439.25
889,maize,-466.9027,-437.9103,,,3340.0,0.0,-65.98,6148.4,-466.9,-437.91
890,maize,-515.4184,-439.15,,,3270.0,0.0,-72.84,5786.3,-515.42,-439.15
891,maize,-383.7673,-435.4786,,,3120.0,0.0,-54.23,5952.9,-383.77,-435.48
892,maize,-465.2631,-435.5651,,,3370.0,0.0,-65.75,6226.9,-465.26,-435.57
893,maize,-502.8224,-436.0219,,,3210.0,0.0,-71.06,5692.7,-502.82,-436.02
894,maize,-238.5783,-434.9841,,,3100.0,0.0,-33.72,6485.7,-238.58,-434.98
895,maize,-472.4314,-437.449,,,3240.0,0.0,-66.76,5886.3,-472.43,-437.45
896,maize,-376.4166,-437.3517,,,3230.0,0.0,-53.19,6246.3,-376.42,-437.35
897,maize,-633.5102,-437.9587,,,3460.0,0.0,-89.53,5770.0,-633.51,-437.96
898,maize,-292.9243,-435.5948,,,3050.0,0.0,-41.4,6148.3,-292.92,-435.59
899,maize,-561.2058,-435.5246,,,3240.0,0.0,-79.31,5531.2,-561.21,-435.52
900,maize,-450.0327,-434.9071,,,3210.0,0.0,-63.6,5903.9,-450.03,-434.91
901,maize,-180.3063,-431.9145,,,2990.0,0.0,-25.48,6454.8,-180.31,-431.91
902,maize,-513.4685,-430.3194,,,3370.0,0.0,-72.56,6034.1,-513.47,-430.32
903,maize,-403.7173,-432.9984,,,3180.0,0.0,-57.05,6017.1,-403.72,-433.0
904,maize,-311.1555,-429.8557,,,3150.0,0.0,-43.97,6315.4,-311.16,-429.86
905,maize,-665.5068,-427.1692,,,3470.0,0.0,-94.05,5666.0,-665.51,-427.17
906,maize,-571.7368,-429.5493,,,3340.0,0.0,-80.8,5729.1,-571.74,-429.55
907,maize,-336.9531,-425.9786,,,3050.0,0.0,-47.62,5972.2,-336.95,-425.98
908,maize,-387.3681,-427.3765,,,3230.0,0.0,-54.74,6202.5,-387.37,-427.38
909,maize,-207.6695,-424.5364,,,3200.0,0.0,-29.35,6849.3,-207.67,-424.54
910,maize,-700.3285,-427.0185,,,3580.0,0.0,-98.97,5790.7,-700.33,-427.02
911,maize,-483.1953,-427.0888,,,3390.0,0.0,-68.28,6203.2,-483.2,-427.09
912,maize,-370.6418,-426.6437,,,3230.0,0.0,-52.38,6269.4,-370.64,-426.64
913,maize,-578.6684,-426.6092,,,3450.0,0.0,-81.78,5965.3,-578.67,-426.61
914,maize,-532.0112,-426.6654,,,3240.0,0.0,-75.18,5648.0,-532.01,-426.67
915,maize,-688.6654,-425.9797,,,3460.0,0.0,-97.32,5549.3,-688.67,-425.98
916,maize,-549.9823,-426.6092,,,3320.0,0.0,-77.72,5768.1,-549.98,-426.61
917,maize,-228.0627,-424.5372,,,3010.0,0.0,-32.23,6311.7,-228.06,-424.54
918,maize,-576.7789,-425.0283,,,3150.0,0.0,-81.51,5252.9,-576.78,-425.03
919,maize,-661.2347,-427.5105,,,3550.0,0.0,-93.44,5875.1,-661.23,-427.51
920,maize,-393.6073,-426.7879,,,3200.0,0.0,-55.62,6105.6,-393.61,-426.79
921,maize,-580.1954,-428.5642,,,3240.0,0.0,-81.99,5455.2,-580.2,-428.56
922,maize,-64.2829,-421.8737,,,2960.0,0.0,-9.08,6846.9,-64.28,-421.87
923,maize,-1470.0,-434.7404,,,2450.0,0.0,-207.74,0.0,-1470.0,-434.74
924,maize,-529.0691,-435.6012,,,3350.0,0.0,-74.77,5923.7,-529.07,-435.6
925,maize,-581.5388,-436.0365,,,3490.0,0.0,-82.18,6049.8,-581.54,-436.04
926,maize,-251.4796,-431.1824,,,3060.0,0.0,-35.54,6338.1,-251.48,-431.18
927,maize,-338.3506,-427.7512,,,2880.0,0.0,-47.82,5558.6,-338.35,-427.75
928,maize,-489.9142,-429.7286,,,3280.0,0.0,-69.23,5912.3,-489.91,-429.73
929,maize,-150.721,-427.8956,,,2990.0,0.0,-21.3,6573.1,-150.72,-427.9
930,maize,-669.764,-429.4838,,,3470.0,0.0,-94.65,5648.9,-669.76,-429.48
931,maize,-518.6346,-427.1635,,,3290.0,0.0,-73.29,5821.5,-518.63,-427.16
932,maize,-20.5476,-423.3603,,,2780.0,0.0,-2.9,6589.8,-20.55,-423.36
933,maize,-478.3795,-425.6269,,,3300.0,0.0,-67.6,6006.5,-478.38,-425.63
934,maize,-616.01,-428.4139,,,3470.0,0.0,-87.05,5864.0,-616.01,-428.41
935,maize,-456.3555,-425.8073,,,3320.0,0.0,-64.49,6142.6,-456.36,-425.81
936,maize,-299.2643,-426.6338,,,3230.0,0.0,-42.29,6554.9,-299.26,-426.63
937,maize,-568.4585,-427.5014,,,3440.0,0.0,-80.33,5982.2,-568.46,-427.5
938,maize,-254.3866,-430.1973,,,3130.0,0.0,-35.95,6494.5,-254.39,-430.2
939,maize,-573.0244,-432.0647,,,3510.0,0.0,-80.98,6131.9,-573.02,-432.06
940,maize,-577.5396,-435.7594,,,3490.0,0.0,-81.62,6065.8,-577.54,-435.76
941,maize,-666.2104,-436.9086,,,3480.0,0.0,-94.15,5687.2,-666.21,-436.91
942,maize,-565.2222,-437.5994,,,3140.0,0.0,-79.88,5275.1,-565.22,-437.6
943,maize,-61.692,-433.4138,,,2880.0,0.0,-8.72,6665.2,-61.69,-433.41
944,maize,-470.8008,-432.6837,,,3170.0,0.0,-66.53,5724.8,-470.8,-432.68
945,maize,-627.2697,-433.1768,,,3260.0,0.0,-88.64,5314.9,-627.27,-433.18
946,maize,-838.2568,-435.4404,,,3780.0,0.0,-118.46,5719.0,-838.26,-435.44
947,maize,-555.7413,-435.541,,,3340.0,0.0,-78.54,5793.0,-555.74,-435.54
948,maize,-212.0575,-433.4658,,,2770.0,0.0,-29.97,5799.8,-212.06,-433.47
949,maize,-500.4679,-434.8424,,,3290.0,0.0,-70.73,5894.1,-500.47,-434.84
950,maize,-715.7536,-437.4366,,,3580.0,0.0,-101.15,5729.0,-715.75,-437.44
951,maize,-154.211,-437.483,,,3000.0,0.0,-21.79,6583.2,-154.21,-437.48
952,maize,-620.5543,-440.94,,,3310.0,0.0,-87.7,5461.8,-620.55,-440.94
953,maize,-271.0331,-438.5206,,,3110.0,0.0,-38.3,6379.9,-271.03,-438.52
954,maize,-205.5815,-438.7388,,,3020.0,0.0,-29.05,6425.7,-205.58,-438.74
955,maize,-446.9736,-440.5169,,,3270.0,0.0,-63.17,6060.1,-446.97,-440.52
956,maize,-490.8665,-442.4952,,,3200.0,0.0,-69.37,5716.5,-490.87,-442.5
957,maize,-464.3857,-445.2336,,,3240.0,0.0,-65.63,5918.5,-464.39,-445.23
958,maize,-611.2649,-446.6592,,,3340.0,0.0,-86.38,5570.9,-611.26,-446.66
959,maize,-444.4699,-450.6128,,,3150.0,0.0,-62.81,5782.1,-444.47,-450.61
960,maize,-549.6782,-452.8448,,,3350.0,0.0,-77.68,5841.3,-549.68,-452.84
961,maize,-277.5575,-453.998,,,2930.0,0.0,-39.22,5921.8,-277.56,-454.0
962,maize,-795.8745,-457.2492,,,3380.0,0.0,-112.47,4928.5,-795.87,-457.25
963,maize,-361.787,-457.8302,,,3100.0,0.0,-51.13,5992.9,-361.79,-457.83
964,maize,-603.3387,-460.378,,,3310.0,0.0,-85.26,5530.6,-603.34,-460.38
965,maize,-286.3474,-458.7911,,,3150.0,0.0,-40.47,6414.6,-286.35,-458.79
966,maize,-159.7473,-459.0755,,,2770.0,0.0,-22.58,6009.0,-159.75,-459.08
967,maize,-720.2749,-461.3629,,,3560.0,0.0,-101.79,5662.9,-720.27,-461.36
968,maize,-422.4715,-464.4454,,,3240.0,0.0,-59.7,6086.1,-422.47,-464.45
969,maize,-638.5194,-464.2877,,,3330.0,0.0,-90.23,5437.9,-638.52,-464.29
970,maize,-584.9789,-465.9363,,,3250.0,0.0,-82.67,5460.1,-584.98,-465.94
971,maize,-337.6508,-464.582,,,3070.0,0.0,-47.72,6017.4,-337.65,-464.58
972,maize,-435.5406,-465.1945,,,3380.0,0.0,-61.55,6369.8,-435.54,-465.19
973,maize,-320.0826,-463.0377,,,3000.0,0.0,-45.23,5919.7,-320.08,-463.04
974,maize,-479.8871,-461.0396,,,3140.0,0.0,-67.82,5616.5,-479.89,-461.04
975,maize,-509.7744,-460.5969,,,3230.0,0.0,-72.04,5712.9,-509.77,-460.6
976,maize,-522.5947,-462.9624,,,3310.0,0.0,-73.85,5853.6,-522.59,-462.96
977,maize,-474.2576,-463.1714,,,3160.0,0.0,-67.02,5687.0,-474.26,-463.17
978,maize,-348.3613,-461.8566,,,3030.0,0.0,-49.23,5878.6,-348.36,-461.86
979,maize,-375.3448,-461.446,,,3000.0,0.0,-53.04,5698.6,-375.34,-461.45
980,maize,-522.2433,-462.2871,,,3340.0,0.0,-73.8,5927.0,-522.24,-462.29
981,maize,-528.8984,-464.7607,,,3340.0,0.0,-74.74,5900.4,-528.9,-464.76
982,maize,-547.402,-468.0555,,,3350.0,0.0,-77.36,5850.4,-547.4,-468.06
983,maize,-564.4456,-468.6092,,,3280.0,0.0,-79.77,5614.2,-564.45,-468.61
984,maize,-469.3969,-470.8361,,,3280.0,0.0,-66.33,5994.4,-469.4,-470.84
985,maize,-392.8428,-466.6176,,,3110.0,0.0,-55.52,5892.6,-392.84,-466.62
986,maize,-433.1436,-465.9592,,,3260.0,0.0,-61.21,6091.4,-433.14,-465.96
987,maize,-296.3337,-465.7665,,,2990.0,0.0,-41.88,5990.7,-296.33,-465.77
988,maize,-429.1791,-464.9902,,,3300.0,0.0,-60.65,6203.3,-429.18,-464.99
989,maize,-326.3422,-463.5845,,,3150.0,0.0,-46.12,6254.6,-326.34,-463.58
990,maize,-433.6221,-462.7666,,,3180.0,0.0,-61.28,5897.5,-433.62,-462.77
991,maize,-539.3961,-464.3229,,,3350.0,0.0,-76.23,5882.4,-539.4,-464.32
992,maize,-207.3486,-461.7437,,,2960.0,0.0,-29.3,6274.6,-207.35,-461.74
993,maize,-615.0174,-462.8657,,,3330.0,0.0,-86.91,5531.9,-615.02,-462.87
994,maize,-610.0392,-466.5803,,,3460.0,0.0,-86.21,5863.8,-610.04,-466.58
995,maize,-537.0334,-467.2263,,,3450.0,0.0,-75.89,6131.9,-537.03,-467.23
996,maize,-672.9292,-470.1914,,,3530.0,0.0,-95.1,5780.3,-672.93,-470.19
997,maize,-598.5144,-469.8415,,,3320.0,0.0,-84.58,5573.9,-598.51,-469.84
998,maize,-568.2822,-472.5951,,,3170.0,0.0,-80.31,5334.9,-568.28,-472.6
999,maize,-658.3786,-473.5668,,,3280.0,0.0,-93.04,5238.5,-658.38,-473.57
1000,maize,-659.7639,-475.6641,,,3450.0,0.0,-93.24,5640.9,-659.76,-475.66
1001,maize,-668.8828,-480.5499,,,3450.0,0.0,-94.53,5604.5,-668.88,-480.55
1002,maize,-506.1584,-480.4768,,,3180.0,0.0,-71.53,5607.4,-506.16,-480.48
1003,maize,-216.5927,-478.6055,,,3110.0,0.0,-30.61,6597.6,-216.59,-478.61
1004,maize,-304.2115,-478.5361,,,2960.0,0.0,-42.99,5887.2,-304.21,-478.54
1005,maize,-696.7951,-478.849,,,3540.0,0.0,-98.47,5708.8,-696.8,-478.85
1006,maize,-519.5879,-478.3275,,,3390.0,0.0,-73.43,6057.6,-519.59,-478.33
1007,maize,-298.6423,-477.9444,,,3040.0,0.0,-42.2,6101.4,-298.64,-477.94
1008,maize,-387.2548,-477.9432,,,3180.0,0.0,-54.73,6083.0,-387.25,-477.94
1009,maize,-702.6387,-482.8929,,,3420.0,0.0,-99.3,5397.4,-702.64,-482.89
1010,maize,-703.5241,-482.9249,,,3690.0,0.0,-99.42,6041.9,-703.52,-482.92
1011,maize,-543.8758,-483.5317,,,3420.0,0.0,-76.86,6032.5,-543.88,-483.53
1012,maize,-516.8312,-484.9936,,,3350.0,0.0,-73.04,5972.7,-516.83,-484.99
1013,maize,-649.535,-485.7022,,,3330.0,0.0,-91.79,5393.9,-649.54,-485.7
1014,maize,-786.1293,-488.2434,,,3580.0,0.0,-111.09,5447.5,-786.13,-488.24
1015,maize,-445.3316,-485.8101,,,3120.0,0.0,-62.93,5706.7,-445.33,-485.81
1016,maize,-372.9074,-484.0393,,,3070.0,0.0,-52.7,5876.4,-372.91,-484.04
1017,maize,-569.3704,-487.4524,,,3080.0,0.0,-80.46,5114.5,-569.37,-487.45
1018,maize,-692.3207,-488.6078,,,3420.0,0.0,-97.84,5438.7,-692.32,-488.61
1019,maize,-152.7611,-483.5231,,,2790.0,0.0,-21.59,6085.0,-152.76,-483.52
1020,maize,-594.2571,-485.5296,,,3240.0,0.0,-83.98,5399.0,-594.26,-485.53
1021,maize,-715.7365,-486.885,,,3410.0,0.0,-101.15,5321.1,-715.74,-486.88
1022,maize,-504.8774,-491.2909,,,3360.0,0.0,-71.35,6044.5,-504.88,-491.29
1023,maize,-260.1322,-479.1923,,,3040.0,0.0,-36.76,6255.5,-260.13,-479.19
1024,maize,-492.4378,-478.826,,,3360.0,0.0,-69.59,6094.2,-492.44,-478.83
1025,maize,-620.6051,-479.2166,,,3390.0,0.0,-87.7,5653.6,-620.61,-479.22
1026,maize,-649.8712,-483.2005,,,3270.0,0.0,-91.84,5248.5,-649.87,-483.2
1027,maize,-283.4808,-482.6518,,,3060.0,0.0,-40.06,6210.1,-283.48,-482.65
1028,maize,-824.7964,-486.0007,,,3650.0,0.0,-116.56,5460.8,-824.8,-486.0
1029,maize,-352.4681,-488.0181,,,3170.0,0.0,-49.81,6198.1,-352.47,-488.02
1030,maize,-866.9977,-489.9905,,,3630.0,0.0,-122.52,5244.0,-867.0,-489.99
1031,maize,-106.7021,-485.8711,,,2870.0,0.0,-15.08,6461.2,-106.7,-485.87
1032,maize,-426.4347,-489.93,,,3290.0,0.0,-60.26,6190.3,-426.43,-489.93
1033,maize,-522.6738,-490.373,,,3220.0,0.0,-73.86,5637.3,-522.67,-490.37
1034,maize,-682.3266,-491.0361,,,3480.0,0.0,-96.43,5622.7,-682.33,-491.04
1035,maize,-509.0558,-491.5631,,,3450.0,0.0,-71.94,6243.8,-509.06,-491.56
1036,maize,-261.7044,-491.1875,,,2950.0,0.0,-36.98,6033.2,-261.7,-491.19
1037,maize,-410.8919,-489.6119,,,3200.0,0.0,-58.07,6036.4,-410.89,-489.61
1038,maize,-365.502,-490.723,,,3260.0,0.0,-51.65,6362.0,-365.5,-490.72
1039,maize,-431.5934,-489.3087,,,3180.0,0.0,-60.99,5905.6,-431.59,-489.31
1040,maize,-295.5175,-486.4885,,,3030.0,0.0,-41.76,6089.9,-295.52,-486.49
1041,maize,-483.6308,-484.6627,,,3200.0,0.0,-68.35,5745.5,-483.63,-484.66
1042,maize,-190.1516,-480.912,,,2940.0,0.0,-26.87,6295.4,-190.15,-480.91
1043,maize,-645.0326,-486.7454,,,3490.0,0.0,-91.16,5795.9,-645.03,-486.75
1044,maize,-584.1441,-487.8788,,,3300.0,0.0,-82.55,5583.4,-584.14,-487.88
1045,maize,-580.2131,-487.4083,,,3410.0,0.0,-82.0,5863.1,-580.21,-487.41
1046,maize,-668.6762,-485.7124,,,3410.0,0.0,-94.5,5509.3,-668.68,-485.71
1047,maize,-195.1606,-482.1066,,,3090.0,0.0,-27.58,6635.4,-195.16,-482.11
1048,maize,-456.5888,-484.552,,,3260.0,0.0,-64.52,5997.6,-456.59,-484.55
1049,maize,-502.5946,-484.5732,,,3220.0,0.0,-71.03,5717.6,-502.59,-484.57
1050,maize,-487.3995,-482.2897,,,3340.0,0.0,-68.88,6066.4,-487.4,-482.29
1051,maize,-622.5778,-486.9733,,,3430.0,0.0,-87.98,5741.7,-622.58,-486.97
1052,maize,-503.152,-485.7993,,,3050.0,0.0,-71.1,5307.4,-503.15,-485.8
1053,maize,-781.6131,-490.9051,,,3420.0,0.0,-110.46,5081.5,-781.61,-490.91
1054,maize,-538.7856,-494.2372,,,3360.0,0.0,-76.14,5908.9,-538.79,-494.24
1055,maize,-437.5587,-494.143,,,3290.0,0.0,-61.84,6145.8,-437.56,-494.14
1056,maize,-672.65,-495.9609,,,3420.0,0.0,-95.06,5517.4,-672.65,-495.96
1057,maize,-470.9758,-496.0268,,,3200.0,0.0,-66.56,5796.1,-470.98,-496.03
1058,maize,-573.9978,-495.6541,,,3200.0,0.0,-81.12,5384.0,-574.0,-495.65
1059,maize,-619.7993,-497.4074,,,3350.0,0.0,-87.59,5560.8,-619.8,-497.41
1060,maize,-825.5702,-500.1663,,,3660.0,0.0,-116.67,5481.7,-825.57,-500.17
1061,maize,-115.6704,-498.5474,,,2860.0,0.0,-16.35,6401.3,-115.67,-498.55
1062,maize,-203.514,-492.6238,,,3140.0,0.0,-28.76,6721.9,-203.51,-492.62
1063,maize,-215.3245,-491.1592,,,3010.0,0.0,-30.43,6362.7,-215.32,-491.16
1064,maize,-256.0842,-487.6866,,,3090.0,0.0,-36.19,6391.7,-256.08,-487.69
1065,maize,-625.12,-491.0744,,,3460.0,0.0,-88.34,5803.5,-625.12,-491.07
1066,maize,-341.3266,-492.8902,,,3100.0,0.0,-48.24,6074.7,-341.33,-492.89
1067,maize,-570.9129,-491.3965,,,3560.0,0.0,-80.68,6260.3,-570.91,-491.4
1068,maize,-430.0711,-491.4725,,,3220.0,0.0,-60.78,6007.7,-430.07,-491.47
1069,maize,-232.1571,-487.4089,,,2960.0,0.0,-32.81,6175.4,-232.16,-487.41
1070,maize,-612.9645,-487.6888,,,3450.0,0.0,-86.62,5828.1,-612.96,-487.69
1071,maize,-386.0097,-488.1724,,,3170.0,0.0,-54.55,6064.0,-386.01,-488.17
1072,maize,-482.5402,-488.6424,,,3090.0,0.0,-68.19,5485.8,-482.54,-488.64
1073,maize,-85.3731,-486.2953,,,2820.0,0.0,-12.06,6426.5,-85.37,-486.3
1074,maize,-589.2547,-487.3889,,,3210.0,0.0,-83.27,5347.0,-589.25,-487.39
1075,maize,-723.8793,-489.53,,,3540.0,0.0,-102.3,5600.5,-723.88,-489.53
1076,maize,-577.2722,-490.0768,,,3250.0,0.0,-81.58,5490.9,-577.27,-490.08
1077,maize,-362.7806,-488.962,,,3200.0,0.0,-51.27,6228.9,-362.78,-488.96
1078,maize,-622.9015,-491.7074,,,3500.0,0.0,-88.03,5908.4,-622.9,-491.71
1079,maize,-665.4816,-494.6088,,,3470.0,0.0,-94.05,5666.1,-665.48,-494.61
1080,maize,-331.5062,-492.7014,,,3020.0,0.0,-46.85,5922.0,-331.51,-492.7
1081,maize,-430.1634,-491.714,,,3350.0,0.0,-60.79,6319.3,-430.16,-491.71
1082,maize,-632.9128,-492.5692,,,3340.0,0.0,-89.44,5484.3,-632.91,-492.57
1083,maize,-490.1642,-491.8263,,,3370.0,0.0,-69.27,6127.3,-490.16,-491.83
1084,maize,-103.2834,-488.1652,,,3080.0,0.0,-14.6,6978.9,-103.28,-488.17
1085,maize,-525.5787,-489.4926,,,3240.0,0.0,-74.27,5673.7,-525.58,-489.49
1086,maize,-636.7822,-491.5289,,,3450.0,0.0,-89.99,5732.9,-636.78,-491.53
1087,maize,-315.6152,-491.7218,,,3080.0,0.0,-44.6,6129.5,-315.62,-491.72
1088,maize,-574.1248,-493.1712,,,3170.0,0.0,-81.13,5311.5,-574.12,-493.17
1089,maize,-464.343,-494.5512,,,3350.0,0.0,-65.62,6182.6,-464.34,-494.55
1090,maize,-675.4449,-496.9695,,,3390.0,0.0,-95.45,5434.2,-675.44,-496.97
1091,maize,-703.398,-498.6095,,,3600.0,0.0,-99.4,5826.4,-703.4,-498.61
1092,maize,-189.8727,-498.4347,,,2930.0,0.0,-26.83,6272.5,-189.87,-498.43
1093,maize,-382.5403,-496.1099,,,2880.0,0.0,-54.06,5381.8,-382.54,-496.11
1094,maize,-256.6355,-492.5759,,,3020.0,0.0,-36.27,6221.5,-256.64,-492.58
1095,maize,-548.1612,-492.6872,,,3470.0,0.0,-77.47,6135.4,-548.16,-492.69
1096,maize,-743.8588,-493.3965,,,3620.0,0.0,-105.12,5712.6,-743.86,-493.4
1097,maize,-360.1231,-491.0126,,,3130.0,0.0,-50.89,6071.5,-360.12,-491.01
1098,maize,-522.9121,-490.5589,,,3150.0,0.0,-73.9,5468.4,-522.91,-490.56
1099,maize,-441.733,-488.3924,,,3260.0,0.0,-62.43,6057.1,-441.73,-488.39
1100,maize,-298.6086,-484.7809,,,3140.0,0.0,-42.2,6341.6,-298.61,-484.78
1101,maize,-195.1165,-480.0432,,,2820.0,0.0,-27.57,5987.5,-195.12,-480.04
1102,maize,-473.1988,-479.7136,,,3180.0,0.0,-66.87,5739.2,-473.2,-479.71
1103,maize,-583.7346,-483.385,,,3300.0,0.0,-82.49,5585.1,-583.73,-483.39
1104,maize,-460.3326,-484.9462,,,3150.0,0.0,-65.05,5718.7,-460.33,-484.95
1105,maize,-678.0061,-484.7583,,,3510.0,0.0,-95.81,5712.0,-678.01,-484.76
1106,maize,-524.3914,-484.8064,,,3270.0,0.0,-74.11,5750.4,-524.39,-484.81
1107,maize,-768.9395,-489.5093,,,3580.0,0.0,-108.67,5516.2,-768.94,-489.51
1108,maize,-617.8857,-491.8157,,,3240.0,0.0,-87.32,5304.5,-617.89,-491.82
1109,maize,-371.2163,-488.5014,,,3350.0,0.0,-52.46,6555.1,-371.22,-488.5
1110,maize,-841.2937,-489.8791,,,3560.0,0.0,-118.89,5178.8,-841.29,-489.88
1111,maize,-376.5871,-488.2062,,,3270.0,0.0,-53.22,6341.7,-376.59,-488.21
1112,maize,-861.5777,-491.6537,,,3560.0,0.0,-121.76,5097.7,-861.58,-491.65
1113,maize,-516.5074,-490.3234,,,3230.0,0.0,-72.99,5686.0,-516.51,-490.32
1114,maize,-309.5132,-485.5573,,,3130.0,0.0,-43.74,6273.9,-309.51,-485.56
1115,maize,-596.046,-487.0644,,,3350.0,0.0,-84.23,5655.8,-596.05,-487.06
1116,maize,-160.346,-484.9388,,,2930.0,0.0,-22.66,6390.6,-160.35,-484.94
1117,maize,-603.4678,-485.2798,,,3310.0,0.0,-85.28,5530.1,-603.47,-485.28
1118,maize,-653.6048,-484.8926,,,3520.0,0.0,-92.37,5833.6,-653.6,-484.89
1119,maize,-356.8576,-486.9336,,,3200.0,0.0,-50.43,6252.6,-356.86,-486.93
1120,maize,-461.2092,-485.6031,,,3210.0,0.0,-65.18,5859.2,-461.21,-485.6
1121,maize,-310.9051,-481.5548,,,3190.0,0.0,-43.94,6412.4,-310.91,-481.55
1122,maize,-610.157,-482.6076,,,3400.0,0.0,-86.23,5719.4,-610.16,-482.61
1123,maize,-519.8596,-485.2049,,,3200.0,0.0,-73.47,5600.6,-519.86,-485.2
1124,maize,-637.9446,-486.6599,,,3460.0,0.0,-90.15,5752.2,-637.94,-486.66
1125,maize,-451.2017,-484.9659,,,3190.0,0.0,-63.76,5851.2,-451.2,-484.97
1126,maize,-573.1953,-484.1991,,,3250.0,0.0,-81.0,5507.2,-573.2,-484.2
1127,maize,-143.7041,-482.8014,,,2900.0,0.0,-20.31,6385.2,-143.7,-482.8
1128,maize,-655.0819,-481.1042,,,3550.0,0.0,-92.58,5899.7,-655.08,-481.1
1129,maize,-458.9441,-482.169,,,3230.0,0.0,-64.86,5916.2,-458.94,-482.17
1130,maize,-334.0757,-476.8398,,,3010.0,0.0,-47.21,5887.7,-334.08,-476.84
1131,maize,-296.0847,-478.7336,,,3060.0,0.0,-41.84,6159.7,-296.08,-478.73
1132,maize,-379.9775,-478.269,,,3160.0,0.0,-53.7,6064.1,-379.98,-478.27
1133,maize,-146.7553,-474.5098,,,3080.0,0.0,-20.74,6805.0,-146.76,-474.51
1134,maize,-427.8404,-471.965,,,3310.0,0.0,-60.46,6232.6,-427.84,-471.96
1135,maize,-655.1411,-473.4258,,,3360.0,0.0,-92.58,5443.4,-655.14,-473.43
1136,maize,-463.3769,-475.4425,,,3230.0,0.0,-65.48,5898.5,-463.38,-475.44
1137,maize,-281.4086,-474.1477,,,2920.0,0.0,-39.77,5882.4,-281.41,-474.15
1138,maize,-109.9444,-471.5921,,,2880.0,0.0,-15.54,6472.2,-109.94,-471.59
1139,maize,-861.445,-475.8906,,,3670.0,0.0,-121.74,5362.2,-861.45,-475.89
1140,maize,-103.6671,-473.9721,,,3110.0,0.0,-14.65,7049.3,-103.67,-473.97
1141,maize,-407.5169,-473.211,,,3080.0,0.0,-57.59,5761.9,-407.52,-473.21
1142,maize,-587.5733,-477.1852,,,3390.0,0.0,-83.04,5785.7,-587.57,-477.19
1143,maize,-410.3587,-474.8385,,,3180.0,0.0,-57.99,5990.6,-410.36,-474.84
1144,maize,-295.2548,-471.9496,,,3050.0,0.0,-41.73,6139.0,-295.25,-471.95
1145,maize,-229.2291,-468.4398,,,2950.0,0.0,-32.39,6163.1,-229.23,-468.44
1146,maize,-272.1823,-464.4748,,,3080.0,0.0,-38.46,6303.3,-272.18,-464.47
1147,maize,-615.1926,-468.6751,,,3290.0,0.0,-86.94,5435.2,-615.19,-468.68
1148,maize,-353.0425,-467.6397,,,3310.0,0.0,-49.89,6531.8,-353.04,-467.64
1149,maize,-476.2492,-467.3762,,,3300.0,0.0,-67.3,6015.0,-476.25,-467.38
1150,maize,-496.8637,-467.4709,,,3370.0,0.0,-70.22,6100.5,-496.86,-467.47
1151,maize,-355.0776,-464.7959,,,3010.0,0.0,-50.18,5803.7,-355.08,-464.8
1152,maize,-466.9009,-464.4333,,,3110.0,0.0,-65.98,5596.4,-466.9,-464.43
1153,maize,-277.5284,-459.3925,,,3120.0,0.0,-39.22,6377.9,-277.53,-459.39
1154,maize,-736.0187,-461.3648,,,3490.0,0.0,-104.01,5431.9,-736.02,-461.36
1155,maize,-441.7401,-461.4066,,,3270.0,0.0,-62.43,6081.0,-441.74,-461.41
1156,maize,-82.4938,-455.5051,,,2910.0,0.0,-11.66,6654.0,-82.49,-455.51
1157,maize,-426.9234,-455.0646,,,3300.0,0.0,-60.33,6212.3,-426.92,-455.06
1158,maize,-652.8998,-455.8536,,,3270.0,0.0,-92.27,5236.4,-652.9,-455.85
1159,maize,-594.4712,-455.6003,,,3340.0,0.0,-84.01,5638.1,-594.47,-455.6
1160,maize,-426.8362,-451.613,,,3260.0,0.0,-60.32,6116.7,-426.84,-451.61
1161,maize,-418.1845,-454.6381,,,3150.0,0.0,-59.1,5887.3,-418.18,-454.64
1162,maize,-458.9536,-457.1925,,,3290.0,0.0,-64.86,6060.2,-458.95,-457.19
1163,maize,-458.6176,-459.6254,,,3410.0,0.0,-64.81,6349.5,-458.62,-459.63
1164,maize,-330.5924,-460.3705,,,3040.0,0.0,-46.72,5973.6,-330.59,-460.37
1165,maize,-443.628,-458.5556,,,3240.0,0.0,-62.69,6001.5,-443.63,-458.56
1166,maize,-589.2171,-461.0345,,,3240.0,0.0,-83.27,5419.1,-589.22,-461.03
1167,maize,-481.6295,-460.1417,,,3350.0,0.0,-68.06,6113.5,-481.63,-460.14
1168,maize,-218.7974,-458.0289,,,3140.0,0.0,-30.92,6660.8,-218.8,-458.03
1169,maize,-663.8451,-462.3458,,,3420.0,0.0,-93.81,5552.6,-663.85,-462.35
1170,maize,-464.9058,-460.8652,,,3340.0,0.0,-65.7,6156.4,-464.91,-460.87
1171,maize,-512.4958,-462.1301,,,3280.0,0.0,-72.43,5822.0,-512.5,-462.13
1172,maize,-838.6683,-465.6914,,,3590.0,0.0,-118.52,5261.3,-838.67,-465.69
1173,maize,-511.9955,-469.9576,,,3350.0,0.0,-72.35,5992.0,-512.0,-469.96
1174,maize,-381.338,-467.8784,,,3180.0,0.0,-53.89,6106.6,-381.34,-467.88
1175,maize,-270.7424,-463.347,,,3110.0,0.0,-38.26,6381.0,-270.74,-463.35
1176,maize,-679.3026,-464.3673,,,3430.0,0.0,-96.0,5514.8,-679.3,-464.37
1177,maize,-461.1511,-465.3511,,,3180.0,0.0,-65.17,5787.4,-461.15,-465.35
1178,maize,-707.1123,-466.1932,,,3400.0,0.0,-99.93,5331.6,-707.11,-466.19
1179,maize,-237.3038,-461.9114,,,2970.0,0.0,-33.54,6178.8,-237.3,-461.91
1180,maize,-582.4016,-464.4203,,,3300.0,0.0,-82.3,5590.4,-582.4,-464.42
1181,maize,-432.5274,-464.444,,,3040.0,0.0,-61.12,5565.9,-432.53,-464.44
1182,maize,-780.5593,-465.9204,,,3520.0,0.0,-110.31,5325.8,-780.56,-465.92
1183,maize,-500.0833,-466.0196,,,3470.0,0.0,-70.67,6327.7,-500.08,-466.02
1184,maize,-366.2366,-468.6492,,,3300.0,0.0,-51.76,6455.1,-366.24,-468.65
1185,maize,-229.3972,-465.6874,,,3030.0,0.0,-32.42,6354.4,-229.4,-465.69
1186,maize,-299.2742,-462.3123,,,3270.0,0.0,-42.29,6650.9,-299.27,-462.31
1187,maize,-489.59,-464.052,,,3120.0,0.0,-69.19,5529.6,-489.59,-464.05
1188,maize,-671.884,-465.0296,,,3570.0,0.0,-94.95,5880.5,-671.88,-465.03
1189,maize,-582.0879,-466.2071,,,3300.0,0.0,-82.26,5591.6,-582.09,-466.21
1190,maize,-539.5326,-464.8479,,,3650.0,0.0,-76.25,6601.9,-539.53,-464.85
1191,maize,-333.622,-461.1502,,,3040.0,0.0,-47.15,5961.5,-333.62,-461.15
1192,maize,-643.808,-465.6895,,,3580.0,0.0,-90.98,6016.8,-643.81,-465.69
1193,maize,-513.6238,-467.0004,,,3380.0,0.0,-72.58,6057.5,-513.62,-467.0
1194,maize,-470.7155,-469.1412,,,3380.0,0.0,-66.52,6229.1,-470.72,-469.14
1195,maize,-454.2831,-468.2024,,,3160.0,0.0,-64.2,5766.9,-454.28,-468.2
1196,maize,-86.6638,-461.6304,,,2920.0,0.0,-12.25,6661.3,-86.66,-461.63
1197,maize,-393.9271,-461.9685,,,3080.0,0.0,-55.67,5816.3,-393.93,-461.97
1198,maize,-311.9393,-459.8587,,,3190.0,0.0,-44.08,6408.2,-311.94,-459.86
1199,maize,-285.0739,-458.2922,,,3110.0,0.0,-40.29,6323.7,-285.07,-458.29
1200,maize,-526.5135,-460.5712,,,3220.0,0.0,-74.41,5621.9,-526.51,-460.57
1201,maize,-568.2168,-464.3022,,,3310.0,0.0,-80.3,5671.1,-568.22,-464.3
1202,maize,-260.6894,-462.1771,,,3130.0,0.0,-36.84,6469.2,-260.69,-462.18
1203,maize,-333.5681,-459.6754,,,3130.0,0.0,-47.14,6177.7,-333.57,-459.68
1204,maize,-422.455,-459.2967,,,3180.0,0.0,-59.7,5942.2,-422.45,-459.3
1205,maize,-447.0288,-456.9869,,,3230.0,0.0,-63.17,5963.9,-447.03,-456.99
1206,maize,-458.8935,-456.3319,,,3340.0,0.0,-64.85,6180.4,-458.89,-456.33
1207,maize,-494.1304,-453.5838,,,3280.0,0.0,-69.83,5895.5,-494.13,-453.58
1208,maize,-386.3192,-451.2682,,,3210.0,0.0,-54.59,6158.7,-386.32,-451.27
1209,maize,-372.48,-451.2808,,,3170.0,0.0,-52.64,6118.1,-372.48,-451.28
1210,maize,-442.6137,-447.294,,,3320.0,0.0,-62.55,6197.5,-442.61,-447.29
1211,maize,-530.5624,-448.8338,,,3380.0,0.0,-74.98,5989.8,-530.56,-448.83
1212,maize,-410.982,-444.3278,,,3240.0,0.0,-58.08,6132.1,-410.98,-444.33
1213,maize,-651.9183,-445.6819,,,3350.0,0.0,-92.13,5432.3,-651.92,-445.68
1214,maize,-723.013,-449.8169,,,3630.0,0.0,-102.18,5819.9,-723.01,-449.82
1215,maize,-392.2542,-447.779,,,3050.0,0.0,-55.43,5751.0,-392.25,-447.78
1216,maize,-411.481,-450.2903,,,3060.0,0.0,-58.15,5698.1,-411.48,-450.29
1217,maize,-477.3535,-449.0292,,,3180.0,0.0,-67.46,5722.6,-477.35,-449.03
1218,maize,-263.5354,-445.1285,,,3110.0,0.0,-37.24,6409.9,-263.54,-445.13
1219,maize,-469.86,-446.2585,,,3320.0,0.0,-66.4,6088.6,-469.86,-446.26
1220,maize,-474.8713,-446.3951,,,3410.0,0.0,-67.11,6284.5,-474.87,-446.4
1221,maize,-419.2666,-447.4788,,,3230.0,0.0,-59.25,6074.9,-419.27,-447.48
1222,maize,-302.6446,-444.4036,,,3090.0,0.0,-42.77,6205.4,-302.64,-444.4
1223,maize,-783.7668,-447.0427,,,3600.0,0.0,-110.76,5504.9,-783.77,-447.04
1224,maize,-508.9039,-445.7523,,,3390.0,0.0,-71.92,6100.4,-508.9,-445.75
1225,maize,-773.3021,-448.9733,,,3560.0,0.0,-109.28,5450.8,-773.3,-448.97
1226,maize,-644.1833,-449.6832,,,3330.0,0.0,-91.04,5415.3,-644.18,-449.68
1227,maize,-799.3162,-456.2393,,,3560.0,0.0,-112.96,5346.7,-799.32,-456.24
1228,maize,-355.3374,-453.2419,,,3190.0,0.0,-50.22,6234.7,-355.34,-453.24
1229,maize,-617.6838,-454.8293,,,3440.0,0.0,-87.29,5785.3,-617.68,-454.83
1230,maize,-526.8359,-456.7569,,,3460.0,0.0,-74.45,6196.7,-526.84,-456.76
1231,maize,-466.57,-458.4617,,,3170.0,0.0,-65.94,5741.7,-466.57,-458.46
1232,maize,-738.2879,-462.0448,,,3540.0,0.0,-104.33,5542.8,-738.29,-462.04
1233,maize,-441.8223,-464.9955,,,3280.0,0.0,-62.44,6104.7,-441.82,-465.0
1234,maize,-539.833,-466.1154,,,3190.0,0.0,-76.29,5496.7,-539.83,-466.12
1235,maize,-435.4869,-463.9189,,,3380.0,0.0,-61.54,6370.1,-435.49,-463.92
1236,maize,-545.7094,-464.7422,,,3280.0,0.0,-77.12,5689.2,-545.71,-464.74
1237,maize,-273.4108,-464.6622,,,2980.0,0.0,-38.64,6058.4,-273.41,-464.66
1238,maize,-275.1872,-466.3146,,,3060.0,0.0,-38.89,6243.3,-275.19,-466.31
1239,maize,-322.9503,-460.9297,,,2890.0,0.0,-45.64,5644.2,-322.95,-460.93
1240,maize,-409.1512,-463.9845,,,3140.0,0.0,-57.82,5899.4,-409.15,-463.98
1241,maize,-682.9967,-466.7393,,,3290.0,0.0,-96.52,5164.0,-683.0,-466.74
1242,maize,-393.8832,-464.8024,,,3150.0,0.0,-55.66,5984.5,-393.88,-464.8
1243,maize,-493.8817,-465.6377,,,3380.0,0.0,-69.79,6136.5,-493.88,-465.64
1244,maize,-393.211,-466.6172,,,3090.0,0.0,-55.57,5843.2,-393.21,-466.62
1245,maize,-503.7482,-469.3624,,,3220.0,0.0,-71.19,5713.0,-503.75,-469.36
1246,maize,-500.5382,-471.646,,,3190.0,0.0,-70.74,5653.8,-500.54,-471.65
1247,maize,-542.8385,-470.9224,,,3320.0,0.0,-76.71,5796.6,-542.84,-470.92
1248,maize,-486.7996,-472.26,,,3300.0,0.0,-68.79,5972.8,-486.8,-472.26
1249,maize,-589.711,-473.3946,,,3530.0,0.0,-83.34,6113.2,-589.71,-473.39
1250,maize,-567.6166,-474.1022,,,3240.0,0.0,-80.21,5505.5,-567.62,-474.1
1251,maize,-593.2145,-476.4835,,,3310.0,0.0,-83.83,5571.1,-593.21,-476.48
1252,maize,-215.1408,-473.9659,,,2900.0,0.0,-30.4,6099.4,-215.14,-473.97
1253,maize,-729.5171,-478.4858,,,3390.0,0.0,-103.09,5217.9,-729.52,-478.49
1254,maize,-265.7801,-473.7834,,,3070.0,0.0,-37.56,6304.9,-265.78,-473.78
1255,maize,-661.2702,-475.9787,,,3410.0,0.0,-93.45,5538.9,-661.27,-475.98
1256,maize,-652.0312,-481.6741,,,3490.0,0.0,-92.14,5767.9,-652.03,-481.67
1257,maize,-599.2206,-483.3971,,,3390.0,0.0,-84.68,5739.1,-599.22,-483.4
1258,maize,-476.4362,-481.6324,,,3300.0,0.0,-67.33,6014.3,-476.44,-481.63
1259,maize,-567.5241,-481.363,,,3350.0,0.0,-80.2,5769.9,-567.52,-481.36
1260,maize,-416.1954,-481.2566,,,3250.0,0.0,-58.82,6135.2,-416.2,-481.26
1261,maize,-650.5829,-483.5805,,,3490.0,0.0,-91.94,5773.7,-650.58,-483.58
1262,maize,-365.4612,-482.6456,,,3160.0,0.0,-51.65,6122.2,-365.46,-482.65
1263,maize,-431.9436,-482.3789,,,3340.0,0.0,-61.04,6288.2,-431.94,-482.38
1264,maize,-597.1879,-485.0448,,,3380.0,0.0,-84.39,5723.2,-597.19,-485.04
1265,maize,-721.0942,-487.8195,,,3480.0,0.0,-101.9,5467.6,-721.09,-487.82
1266,maize,-736.6596,-489.2939,,,3440.0,0.0,-104.1,5309.4,-736.66,-489.29
1267,maize,-632.7864,-490.8055,,,3330.0,0.0,-89.42,5460.9,-632.79,-490.81
1268,maize,-516.6459,-493.784,,,3340.0,0.0,-73.01,5949.4,-516.65,-493.78
1269,maize,-466.7314,-491.8128,,,3100.0,0.0,-65.96,5573.1,-466.73,-491.81
1270,maize,-666.4474,-493.8282,,,3360.0,0.0,-94.18,5398.2,-666.45,-493.83
1271,maize,-375.1647,-492.4549,,,3210.0,0.0,-53.02,6203.3,-375.16,-492.45
1272,maize,-281.9678,-486.8879,,,3050.0,0.0,-39.85,6192.1,-281.97,-486.89
1273,maize,-420.1161,-485.9691,,,3210.0,0.0,-59.37,6023.5,-420.12,-485.97
1274,maize,-633.7314,-488.4931,,,3440.0,0.0,-89.56,5721.1,-633.73,-488.49
1275,maize,-580.7292,-491.5929,,,3220.0,0.0,-82.07,5405.1,-580.73,-491.59
1276,maize,-386.3307,-488.6632,,,3270.0,0.0,-54.6,6302.7,-386.33,-488.66
1277,maize,-110.5888,-485.1576,,,2910.0,0.0,-15.63,6541.6,-110.59,-485.16
1278,maize,-486.09,-482.9474,,,3260.0,0.0,-68.69,5879.6,-486.09,-482.95
1279,maize,-317.142,-483.7458,,,3150.0,0.0,-44.82,6291.4,-317.14,-483.75
1280,maize,-449.4949,-482.4167,,,3330.0,0.0,-63.52,6194.0,-449.49,-482.42
1281,maize,-461.1181,-482.7026,,,3330.0,0.0,-65.16,6147.5,-461.12,-482.7
1282,maize,-487.2913,-479.7699,,,3290.0,0.0,-68.86,5946.8,-487.29,-479.77
1283,maize,-340.5241,-478.1743,,,3110.0,0.0,-48.12,6101.9,-340.52,-478.17
1284,maize,-626.0972,-480.7729,,,3440.0,0.0,-88.48,5751.6,-626.1,-480.77
1285,maize,-236.6059,-480.845,,,3040.0,0.0,-33.44,6349.6,-236.61,-480.85
1286,maize,-508.9838,-482.9421,,,3370.0,0.0,-71.93,6052.1,-508.98,-482.94
1287,maize,-781.8528,-485.8647,,,3530.0,0.0,-110.49,5344.6,-781.85,-485.86
1288,maize,-1560.0,-494.7459,,,2600.0,0.0,-220.46,0.0,-1560.0,-494.75
1289,maize,-535.5179,-494.2802,,,3270.0,0.0,-75.68,5705.9,-535.52,-494.28
1290,maize,-606.8205,-494.9531,,,3330.0,0.0,-85.76,5564.7,-606.82,-494.95
1291,maize,-273.6547,-494.3534,,,3210.0,0.0,-38.67,6609.4,-273.65,-494.35
1292,maize,-566.8774,-493.5841,,,3410.0,0.0,-80.11,5916.5,-566.88,-493.58
1293,maize,-394.8605,-492.3965,,,3130.0,0.0,-55.8,5932.6,-394.86,-492.4
1294,maize,-542.1989,-493.1113,,,3510.0,0.0,-76.62,6255.2,-542.2,-493.11
1295,maize,-486.6515,-493.435,,,3240.0,0.0,-68.77,5829.4,-486.65,-493.43
1296,maize,-319.5626,-495.764,,,3240.0,0.0,-45.16,6497.7,-319.56,-495.76
1297,maize,-140.7601,-493.2323,,,2870.0,0.0,-19.89,6325.0,-140.76,-493.23
1298,maize,-589.0827,-496.0037,,,3290.0,0.0,-83.25,5539.7,-589.08,-496.0
1299,maize,-448.8598,-497.6416,,,3130.0,0.0,-63.43,5716.6,-448.86,-497.64
1300,maize,-335.3118,-495.7296,,,3170.0,0.0,-47.39,6266.8,-335.31,-495.73
1301,maize,-291.2407,-492.9598,,,2980.0,0.0,-41.16,5987.0,-291.24,-492.96
1302,maize,-484.949,-495.2024,,,3160.0,0.0,-68.53,5644.2,-484.95,-495.2
1303,maize,-398.72,-495.8539,,,3170.0,0.0,-56.35,6013.1,-398.72,-495.85
1304,maize,-490.3824,-496.5332,,,3400.0,0.0,-69.3,6198.5,-490.38,-496.53
1305,maize,-415.3023,-496.2159,,,2940.0,0.0,-58.69,5394.8,-415.3,-496.22
1306,maize,-614.7675,-497.7747,,,3310.0,0.0,-86.88,5484.9,-614.77,-497.77
1307,maize,-474.7243,-497.5806,,,3290.0,0.0,-67.09,5997.1,-474.72,-497.58
1308,maize,-491.9944,-498.6374,,,3160.0,0.0,-69.53,5616.0,-491.99,-498.64
1309,maize,-247.7583,-497.3902,,,3260.0,0.0,-35.01,6833.0,-247.76,-497.39
1310,maize,-115.0672,-494.1147,,,2990.0,0.0,-16.26,6715.7,-115.07,-494.11
1311,maize,-293.2549,-491.7416,,,3250.0,0.0,-41.44,6627.0,-293.25,-491.74
1312,maize,-605.1602,-493.6834,,,3430.0,0.0,-85.52,5811.4,-605.16,-493.68
1313,maize,-280.758,-489.9718,,,3090.0,0.0,-39.68,6293.0,-280.76,-489.97
1314,maize,-400.3428,-486.7451,,,3140.0,0.0,-56.58,5934.6,-400.34,-486.75
1315,maize,-383.4043,-486.6566,,,3260.0,0.0,-54.18,6290.4,-383.4,-486.66
1316,maize,-799.1369,-490.5332,,,3740.0,0.0,-112.93,5779.5,-799.14,-490.53
1317,maize,-391.5635,-489.6753,,,3230.0,0.0,-55.34,6185.7,-391.56,-489.68
1318,maize,-494.1385,-491.9813,,,3230.0,0.0,-69.83,5775.4,-494.14,-491.98
1319,maize,-518.9816,-492.4725,,,3380.0,0.0,-73.34,6036.1,-518.98,-492.47
1320,maize,-397.8998,-491.7028,,,3190.0,0.0,-56.23,6064.4,-397.9,-491.7
1321,maize,-512.9632,-492.6398,,,3310.0,0.0,-72.49,5892.1,-512.96,-492.64
1322,maize,-370.4092,-493.3174,,,3210.0,0.0,-52.35,6222.4,-370.41,-493.32
1323,maize,-571.5163,-491.1949,,,3390.0,0.0,-80.77,5849.9,-571.52,-491.19
1324,maize,-407.0868,-490.1767,,,3220.0,0.0,-57.53,6099.7,-407.09,-490.18
1325,maize,-489.8489,-487.3422,,,3360.0,0.0,-69.22,6104.6,-489.85,-487.34
1326,maize,-333.9737,-484.2401,,,3020.0,0.0,-47.2,5912.1,-333.97,-484.24
1327,maize,-390.5251,-480.1522,,,3270.0,0.0,-55.19,6285.9,-390.53,-480.15
1328,maize,-556.5197,-482.164,,,3340.0,0.0,-78.65,5789.9,-556.52,-482.16
1329,maize,-632.8791,-482.316,,,3460.0,0.0,-89.44,5772.5,-632.88,-482.32
1330,maize,-427.4743,-481.3223,,,3190.0,0.0,-60.41,5946.1,-427.47,-481.32
1331,maize,-354.4097,-480.2007,,,3140.0,0.0,-50.08,6118.4,-354.41,-480.2
1332,maize,-124.7211,-474.0651,,,2890.0,0.0,-17.63,6437.1,-124.72,-474.07
1333,maize,-38.3878,-470.0307,,,2900.0,0.0,-5.42,6806.4,-38.39,-470.03
1334,maize,-407.2862,-468.7053,,,3230.0,0.0,-57.56,6122.9,-407.29,-468.71
1335,maize,-417.8783,-468.5292,,,3270.0,0.0,-59.05,6176.5,-417.88,-468.53
1336,maize,-579.5593,-468.8677,,,3260.0,0.0,-81.9,5505.8,-579.56,-468.87
1337,maize,-421.1725,-470.3453,,,3190.0,0.0,-59.52,5971.3,-421.17,-470.35
1338,maize,-344.4709,-471.0381,,,2990.0,0.0,-48.68,5798.1,-344.47,-471.04
1339,maize,-832.3398,-476.132,,,3540.0,0.0,-117.63,5166.6,-832.34,-476.13
1340,maize,-351.2914,-475.5534,,,3140.0,0.0,-49.64,6130.8,-351.29,-475.55
1341,maize,-631.9827,-475.0433,,,3630.0,0.0,-89.31,6184.1,-631.98,-475.04
1342,maize,-378.8399,-474.8929,,,3150.0,0.0,-53.54,6044.6,-378.84,-474.89
1343,maize,-536.1313,-475.3153,,,3290.0,0.0,-75.77,5751.5,-536.13,-475.32
1344,maize,-409.642,-475.4797,,,3280.0,0.0,-57.89,6233.4,-409.64,-475.48
1345,maize,-519.3212,-475.6354,,,3310.0,0.0,-73.39,5866.7,-519.32,-475.64
1346,maize,-433.7967,-474.968,,,3450.0,0.0,-61.3,6544.8,-433.8,-474.97
1347,maize,-592.542,-475.465,,,3320.0,0.0,-83.74,5597.8,-592.54,-475.47
1348,maize,-657.3038,-477.1701,,,3440.0,0.0,-92.89,5626.8,-657.3,-477.17
1349,maize,-438.7307,-475.6602,,,3470.0,0.0,-62.0,6573.1,-438.73,-475.66
1350,maize,-496.0273,-474.9444,,,3230.0,0.0,-70.1,5767.9,-496.03,-474.94
1351,maize,-680.2822,-475.815,,,3620.0,0.0,-96.14,5966.9,-680.28,-475.82
1352,maize,-313.3978,-476.7976,,,3200.0,0.0,-44.29,6426.4,-313.4,-476.8
1353,maize,-644.4763,-475.9472,,,3380.0,0.0,-91.08,5534.1,-644.48,-475.95
1354,maize,-354.1835,-476.8312,,,3220.0,0.0,-50.05,6311.3,-354.18,-476.83
1355,maize,-286.9664,-473.0882,,,3170.0,0.0,-40.55,6460.1,-286.97,-473.09
1356,maize,-766.1562,-474.2294,,,3550.0,0.0,-108.27,5455.4,-766.16,-474.23
1357,maize,-579.0301,-474.0275,,,3280.0,0.0,-81.83,5555.9,-579.03,-474.03
1358,maize,-399.6216,-473.2594,,,3270.0,0.0,-56.47,6249.5,-399.62,-473.26
1359,maize,-894.5591,-476.5297,,,3590.0,0.0,-126.42,5037.8,-894.56,-476.53
1360,maize,-357.7103,-475.9449,,,3150.0,0.0,-50.55,6129.2,-357.71,-475.94
1361,maize,-303.4012,-472.4731,,,3100.0,0.0,-42.88,6226.4,-303.4,-472.47
1362,maize,-388.5196,-472.7037,,,3230.0,0.0,-54.91,6197.9,-388.52,-472.7
1363,maize,-522.3588,-473.6078,,,3460.0,0.0,-73.82,6214.6,-522.36,-473.61
1364,maize,-225.0657,-469.8866,,,3030.0,0.0,-31.81,6371.7,-225.07,-469.89
1365,maize,-473.6616,-467.4123,,,3330.0,0.0,-66.94,6097.4,-473.66,-467.41
1366,maize,-547.3568,-465.5192,,,3530.0,0.0,-77.35,6282.6,-547.36,-465.52
1367,maize,-253.0948,-461.7223,,,3130.0,0.0,-35.77,6499.6,-253.09,-461.72
1368,maize,-512.606,-461.6819,,,3230.0,0.0,-72.44,5701.6,-512.61,-461.68
1369,maize,-382.1252,-460.8359,,,3260.0,0.0,-54.0,6295.5,-382.13,-460.84
1370,maize,-55.8453,-454.7298,,,2960.0,0.0,-7.89,6880.6,-55.85,-454.73
1371,maize,-375.4471,-454.7327,,,3000.0,0.0,-53.06,5698.2,-375.45,-454.73
1372,maize,-379.3751,-455.7067,,,3030.0,0.0,-53.61,5754.5,-379.38,-455.71
1373,maize,-642.772,-457.9333,,,3440.0,0.0,-90.84,5684.9,-642.77,-457.93
1374,maize,-409.4768,-455.6907,,,3220.0,0.0,-57.87,6090.1,-409.48,-455.69
1375,maize,-530.7532,-455.191,,,3440.0,0.0,-75.01,6133.0,-530.75,-455.19
1376,maize,-545.057,-456.7782,,,3310.0,0.0,-77.03,5763.8,-545.06,-456.78
1377,maize,-557.2177,-461.2445,,,3270.0,0.0,-78.75,5619.1,-557.22,-461.24
1378,maize,-300.6235,-459.3899,,,3070.0,0.0,-42.48,6165.5,-300.62,-459.39
1379,maize,-385.9685,-460.0781,,,3140.0,0.0,-54.54,5992.1,-385.97,-460.08
1380,maize,-142.0516,-457.0037,,,2840.0,0.0,-20.07,6247.8,-142.05,-457.0
1381,maize,-222.3572,-454.6161,,,3120.0,0.0,-31.42,6598.6,-222.36,-454.62
1382,maize,-216.3865,-451.907,,,3160.0,0.0,-30.58,6718.5,-216.39,-451.91
1383,maize,-595.2942,-454.4547,,,3300.0,0.0,-84.13,5538.8,-595.29,-454.45
1384,maize,-535.1003,-453.5448,,,3300.0,0.0,-75.62,5779.6,-535.1,-453.54
1385,maize,-461.2934,-455.7917,,,3060.0,0.0,-65.19,5498.8,-461.29,-455.79
1386,maize,-72.9747,-451.4316,,,2680.0,0.0,-10.31,6140.1,-72.97,-451.43
1387,maize,-326.0916,-446.8739,,,3060.0,0.0,-46.08,6039.6,-326.09,-446.87
1388,maize,-550.7679,-436.7816,,,3210.0,0.0,-77.83,5500.9,-550.77,-436.78
1389,maize,-498.7866,-436.4143,,,3350.0,0.0,-70.49,6044.9,-498.79,-436.41
1390,maize,-676.8488,-437.1146,,,3390.0,0.0,-95.65,5428.6,-676.85,-437.11
1391,maize,-559.0142,-439.9682,,,3240.0,0.0,-79.0,5539.9,-559.01,-439.97
1392,maize,-500.077,-439.3002,,,3260.0,0.0,-70.67,5823.7,-500.08,-439.3
1393,maize,-741.4988,-442.7666,,,3440.0,0.0,-104.79,5290.0,-741.5,-442.77
1394,maize,-194.6414,-439.291,,,2950.0,0.0,-27.51,6301.4,-194.64,-439.29
1395,maize,-532.9871,-439.7544,,,3450.0,0.0,-75.32,6148.1,-532.99,-439.75
1396,maize,-765.3136,-444.2119,,,3620.0,0.0,-108.15,5626.7,-765.31,-444.21
1397,maize,-422.8128,-447.0324,,,2970.0,0.0,-59.75,5436.7,-422.81,-447.03
1398,maize,-905.6044,-450.1976,,,3680.0,0.0,-127.98,5209.6,-905.6,-450.2
1399,maize,-755.9816,-453.2688,,,3650.0,0.0,-106.83,5736.1,-755.98,-453.27
1400,maize,-574.4078,-455.6598,,,3480.0,0.0,-81.17,6054.4,-574.41,-455.66
1401,maize,-768.1735,-460.4291,,,3480.0,0.0,-108.56,5279.3,-768.17,-460.43
1402,maize,-387.2985,-459.4526,,,3170.0,0.0,-54.73,6058.8,-387.3,-459.45
1403,maize,-479.4407,-460.2598,,,3280.0,0.0,-67.75,5954.2,-479.44,-460.26
1404,maize,-496.8263,-460.3243,,,3360.0,0.0,-70.21,6076.7,-496.83,-460.32
1405,maize,-139.1,-457.5622,,,2980.0,0.0,-19.66,6595.6,-139.1,-457.56
1406,maize,-434.9684,-455.7642,,,2920.0,0.0,-61.47,5268.1,-434.97,-455.76
1407,maize,-554.6131,-456.5631,,,3290.0,0.0,-78.38,5677.5,-554.61,-456.56
1408,maize,-663.8325,-458.2815,,,3410.0,0.0,-93.81,5528.7,-663.83,-458.28
1409,maize,-242.5362,-458.2293,,,3100.0,0.0,-34.27,6469.9,-242.54,-458.23
1410,maize,-579.312,-462.8717,,,3370.0,0.0,-81.87,5770.8,-579.31,-462.87
1411,maize,-496.707,-464.9063,,,3300.0,0.0,-70.19,5933.2,-496.71,-464.91
1412,maize,-605.3111,-464.9078,,,3360.0,0.0,-85.54,5642.8,-605.31,-464.91
1413,maize,-427.4369,-466.3746,,,3140.0,0.0,-60.4,5826.3,-427.44,-466.37
1414,maize,-326.2044,-465.6332,,,3150.0,0.0,-46.1,6255.2,-326.2,-465.63
1415,maize,-417.2757,-465.9719,,,3280.0,0.0,-58.97,6202.9,-417.28,-465.97
1416,maize,-103.6053,-459.0166,,,2940.0,0.0,-14.64,6641.6,-103.61,-459.02
1417,maize,-258.8348,-457.6893,,,3150.0,0.0,-36.58,6524.7,-258.83,-457.69
1418,maize,-457.7612,-457.3255,,,3310.0,0.0,-64.69,6113.0,-457.76,-457.33
1419,maize,-504.8029,-457.1837,,,3190.0,0.0,-71.34,5636.8,-504.8,-457.18
1420,maize,-412.5511,-457.3302,,,3250.0,0.0,-58.3,6149.8,-412.55,-457.33
1421,maize,-710.8856,-459.3095,,,3580.0,0.0,-100.46,5748.5,-710.89,-459.31
1422,maize,-751.8842,-463.1242,,,3500.0,0.0,-106.26,5392.5,-751.88,-463.12
1423,maize,-427.0617,-461.6797,,,3010.0,0.0,-60.35,5515.8,-427.06,-461.68
1424,maize,-479.8951,-462.4077,,,3330.0,0.0,-67.82,6072.4,-479.9,-462.41
1425,maize,-362.7548,-461.1368,,,3050.0,0.0,-51.26,5869.0,-362.75,-461.14
1426,maize,-543.2869,-463.2299,,,3320.0,0.0,-76.78,5794.9,-543.29,-463.23
1427,maize,-360.5974,-462.9307,,,3220.0,0.0,-50.96,6285.6,-360.6,-462.93
1428,maize,-624.3313,-463.6088,,,3510.0,0.0,-88.23,5926.7,-624.33,-463.61
1429,maize,-222.2255,-459.5022,,,3070.0,0.0,-31.4,6479.1,-222.23,-459.5
1430,maize,-478.2993,-460.0105,,,3260.0,0.0,-67.59,5910.8,-478.3,-460.01
1431,maize,-363.7838,-460.1042,,,3160.0,0.0,-51.41,6128.9,-363.78,-460.1
1432,maize,-539.3883,-464.2509,,,3170.0,0.0,-76.23,5450.4,-539.39,-464.25
1433,maize,-365.8599,-467.5256,,,2990.0,0.0,-51.7,5712.6,-365.86,-467.53
1434,maize,-514.3742,-468.5965,,,3250.0,0.0,-72.69,5742.5,-514.37,-468.6
1435,maize,-287.6446,-467.2942,,,2940.0,0.0,-40.65,5905.4,-287.64,-467.29
1436,maize,-373.7098,-465.2357,,,3140.0,0.0,-52.81,6041.2,-373.71,-465.24
1437,maize,-430.19,-465.3258,,,3290.0,0.0,-60.79,6175.2,-430.19,-465.33
1438,maize,-444.2569,-466.3237,,,3130.0,0.0,-62.78,5735.0,-444.26,-466.32
1439,maize,-525.7381,-463.2577,,,3250.0,0.0,-74.3,5697.0,-525.74,-463.26
1440,maize,-568.3217,-465.428,,,3370.0,0.0,-80.31,5814.7,-568.32,-465.43
1441,maize,-532.0289,-464.4285,,,3280.0,0.0,-75.19,5743.9,-532.03,-464.43
1442,maize,-710.584,-467.7459,,,3410.0,0.0,-100.42,5341.7,-710.58,-467.75
1443,maize,-187.8845,-464.2634,,,2960.0,0.0,-26.55,6352.5,-187.88,-464.26
1444,maize,-263.1783,-462.7988,,,3000.0,0.0,-37.19,6147.3,-263.18,-462.8
1445,maize,-684.1704,-464.4473,,,3390.0,0.0,-96.69,5399.3,-684.17,-464.45
1446,maize,-630.421,-466.4135,,,3420.0,0.0,-89.09,5686.3,-630.42,-466.41
1447,maize,-470.839,-465.1965,,,3240.0,0.0,-66.54,5892.6,-470.84,-465.2
1448,maize,-390.7386,-462.5308,,,3210.0,0.0,-55.22,6141.0,-390.74,-462.53
1449,maize,-656.1674,-464.7052,,,3560.0,0.0,-92.73,5919.3,-656.17,-464.71
1450,maize,-383.6404,-463.5813,,,3260.0,0.0,-54.22,6289.4,-383.64,-463.58
1451,maize,-696.8493,-463.747,,,3490.0,0.0,-98.48,5588.6,-696.85,-463.75
1452,maize,-385.8851,-464.4719,,,3130.0,0.0,-54.53,5968.5,-385.89,-464.47
1453,maize,-516.3077,-463.1902,,,3390.0,0.0,-72.96,6070.8,-516.31,-463.19
1454,maize,-365.4424,-463.3028,,,3020.0,0.0,-51.64,5786.2,-365.44,-463.3
1455,maize,-424.5186,-464.6783,,,3180.0,0.0,-59.99,5933.9,-424.52,-464.68
1456,maize,-674.6263,-463.763,,,3320.0,0.0,-95.34,5269.5,-674.63,-463.76
1457,maize,-1644.0,-474.4127,,,2740.0,0.0,-232.33,0.0,-1644.0,-474.41
1458,maize,-296.415,-473.3806,,,3110.0,0.0,-41.89,6278.3,-296.42,-473.38
1459,maize,-474.6534,-469.1816,,,3270.0,0.0,-67.08,5949.4,-474.65,-469.18
1460,maize,-332.8451,-468.9329,,,3030.0,0.0,-47.04,5940.6,-332.85,-468.93
1461,maize,-382.4254,-469.7232,,,3090.0,0.0,-54.04,5886.3,-382.43,-469.72
1462,maize,-365.7216,-469.4952,,,2940.0,0.0,-51.68,5593.1,-365.72,-469.5
1463,maize,-199.0751,-466.2624,,,2860.0,0.0,-28.13,6067.7,-199.08,-466.26
1464,maize,-283.594,-466.8476,,,3210.0,0.0,-40.08,6569.6,-283.59,-466.85
1465,maize,-646.1469,-468.5725,,,3450.0,0.0,-91.31,5695.4,-646.15,-468.57
1466,maize,-615.3879,-469.2528,,,3370.0,0.0,-86.97,5626.4,-615.39,-469.25
1467,maize,-670.2032,-473.4239,,,3310.0,0.0,-94.71,5263.2,-670.2,-473.42
1468,maize,-250.856,-470.8064,,,3000.0,0.0,-35.45,6196.6,-250.86,-470.81
1469,maize,-694.5037,-473.9302,,,3460.0,0.0,-98.15,5526.0,-694.5,-473.93
1470,maize,-544.513,-478.8169,,,3420.0,0.0,-76.95,6029.9,-544.51,-478.82
1471,maize,-432.3599,-479.386,,,3160.0,0.0,-61.1,5854.6,-432.36,-479.39
1472,maize,-934.5517,-484.9377,,,3720.0,0.0,-132.07,5189.8,-934.55,-484.94
1473,maize,-445.162,-482.9616,,,3280.0,0.0,-62.91,6091.4,-445.16,-482.96
1474,maize,-113.85,-480.0054,,,2820.0,0.0,-16.09,6312.6,-113.85,-480.01
1475,maize,-303.2966,-477.7308,,,3160.0,0.0,-42.86,6370.8,-303.3,-477.73
1476,maize,-370.0154,-475.9804,,,3150.0,0.0,-52.29,6079.9,-370.02,-475.98
1477,maize,-210.4798,-472.513,,,2960.0,0.0,-29.74,6262.1,-210.48,-472.51
1478,maize,-515.136,-474.6581,,,3300.0,0.0,-72.8,5859.5,-515.14,-474.66
1479,maize,-437.1394,-475.1699,,,3100.0,0.0,-61.78,5691.4,-437.14,-475.17
1480,maize,-438.1086,-478.1304,,,3160.0,0.0,-61.91,5831.6,-438.11,-478.13
1481,maize,-563.2076,-481.5389,,,3220.0,0.0,-79.59,5475.2,-563.21,-481.54
1482,maize,-292.5258,-482.3003,,,3120.0,0.0,-41.34,6317.9,-292.53,-482.3
1483,maize,-366.6177,-480.0136,,,3160.0,0.0,-51.81,6117.5,-366.62,-480.01
1484,maize,-594.2887,-480.6054,,,3490.0,0.0,-83.98,5998.8,-594.29,-480.61
1485,maize,-368.4924,-479.6774,,,3060.0,0.0,-52.07,5870.0,-368.49,-479.68
1486,maize,-744.712,-486.3948,,,3390.0,0.0,-105.24,5157.2,-744.71,-486.39
1487,maize,-712.6189,-490.2601,,,3520.0,0.0,-100.71,5597.5,-712.62,-490.26
1488,maize,-448.358,-489.236,,,3270.0,0.0,-63.36,6054.6,-448.36,-489.24
1489,maize,-587.0132,-490.1182,,,3380.0,0.0,-82.96,5763.9,-587.01,-490.12
1490,maize,-516.5977,-488.5157,,,3330.0,0.0,-73.0,5925.6,-516.6,-488.52
1491,maize,-523.5579,-488.1612,,,3180.0,0.0,-73.99,5537.8,-523.56,-488.16
1492,maize,-200.6958,-485.1674,,,2930.0,0.0,-28.36,6229.2,-200.7,-485.17
1493,maize,-427.9818,-482.0322,,,3270.0,0.0,-60.48,6136.1,-427.98,-482.03
1494,maize,-307.7817,-483.1636,,,3050.0,0.0,-43.5,6088.9,-307.78,-483.16
1495,maize,-328.4471,-481.1182,,,3170.0,0.0,-46.42,6294.2,-328.45,-481.12
1496,maize,-562.1649,-479.0867,,,3430.0,0.0,-79.44,5983.3,-562.16,-479.09
1497,maize,-674.858,-481.6072,,,3310.0,0.0,-95.37,5244.6,-674.86,-481.61
1498,maize,-620.162,-478.7527,,,3310.0,0.0,-87.64,5463.4,-620.16,-478.75
1499,maize,-460.5964,-475.7989,,,3030.0,0.0,-65.09,5429.6,-460.6,-475.8
1500,maize,-169.2834,-471.7476,,,3100.0,0.0,-23.92,6762.9,-169.28,-471.75
1501,maize,-352.8835,-467.5947,,,3050.0,0.0,-49.87,5908.5,-352.88,-467.59
1502,maize,-293.7966,-466.6597,,,3090.0,0.0,-41.52,6240.8,-293.8,-466.66
1503,maize,-626.5061,-468.1304,,,3460.0,0.0,-88.54,5798.0,-626.51,-468.13
1504,maize,-654.6598,-469.7087,,,3340.0,0.0,-92.52,5397.4,-654.66,-469.71
1505,maize,-441.398,-472.7317,,,3220.0,0.0,-62.38,5962.4,-441.4,-472.73
1506,maize,-514.4919,-473.5269,,,3180.0,0.0,-72.71,5574.0,-514.49,-473.53
1507,maize,-400.4859,-471.9856,,,3140.0,0.0,-56.6,5934.1,-400.49,-471.99
1508,maize,-474.133,-470.0887,,,3430.0,0.0,-67.0,6335.5,-474.13,-470.09
1509,maize,-353.7401,-471.2007,,,3220.0,0.0,-49.99,6313.0,-353.74,-471.2
1510,maize,-379.2109,-469.1997,,,3260.0,0.0,-53.59,6307.2,-379.21,-469.2
1511,maize,-425.4283,-468.4869,,,3120.0,0.0,-60.12,5786.3,-425.43,-468.49
1512,maize,-450.8753,-466.9425,,,3270.0,0.0,-63.72,6044.5,-450.88,-466.94
1513,maize,-369.5728,-466.3639,,,3020.0,0.0,-52.23,5769.7,-369.57,-466.36
1514,maize,-435.0643,-467.4525,,,3260.0,0.0,-61.48,6083.7,-435.06,-467.45
1515,maize,-651.7494,-469.7972,,,3410.0,0.0,-92.1,5577.0,-651.75,-469.8
1516,maize,-622.4763,-474.9859,,,3380.0,0.0,-87.97,5622.1,-622.48,-474.99
1517,maize,-418.2723,-476.5803,,,3010.0,0.0,-59.11,5550.9,-418.27,-476.58
1518,maize,-459.3975,-476.5967,,,3220.0,0.0,-64.92,5890.4,-459.4,-476.6
1519,maize,-294.1454,-474.4901,,,3170.0,0.0,-41.57,6431.4,-294.15,-474.49
1520,maize,-423.3684,-474.5983,,,3200.0,0.0,-59.83,5986.5,-423.37,-474.6
1521,maize,-723.4606,-474.724,,,3620.0,0.0,-102.24,5794.2,-723.46,-474.72
1522,maize,-351.4388,-470.7196,,,3110.0,0.0,-49.66,6058.2,-351.44,-470.72
1523,maize,-260.8349,-469.0573,,,3060.0,0.0,-36.86,6300.7,-260.83,-469.06
1524,maize,-675.7652,-471.016,,,3430.0,0.0,-95.5,5528.9,-675.77,-471.02
1525,maize,-438.8518,-471.777,,,3250.0,0.0,-62.02,6044.6,-438.85,-471.78
1526,maize,-276.1306,-469.1054,,,2770.0,0.0,-39.02,5543.5,-276.13,-469.11
1527,maize,-713.6488,-472.6359,,,3460.0,0.0,-100.85,5449.4,-713.65,-472.64
1528,maize,-381.338,-470.206,,,3250.0,0.0,-53.89,6274.6,-381.34,-470.21
1529,maize,-527.0936,-473.2547,,,3240.0,0.0,-74.49,5667.6,-527.09,-473.25
1530,maize,-287.9967,-471.3516,,,3040.0,0.0,-40.7,6144.0,-288.0,-471.35
1531,maize,-673.2057,-474.4459,,,3550.0,0.0,-95.14,5827.2,-673.21,-474.45
1532,maize,-361.6475,-472.6685,,,3020.0,0.0,-51.11,5801.4,-361.65,-472.67
1533,maize,-437.1175,-473.381,,,3090.0,0.0,-61.77,5667.5,-437.12,-473.38
1534,maize,-463.7808,-472.8751,,,3310.0,0.0,-65.54,6088.9,-463.78,-472.88
1535,maize,-661.3047,-476.6117,,,3370.0,0.0,-93.45,5442.8,-661.3,-476.61
1536,maize,-603.2038,-478.9066,,,3570.0,0.0,-85.24,6155.2,-603.2,-478.91
1537,maize,172.1655,-472.8831,,,2850.0,0.0,24.33,7528.7,172.17,-472.88
1538,maize,-527.2663,-473.7132,,,3270.0,0.0,-74.51,5738.9,-527.27,-473.71
1539,maize,-312.9568,-471.5854,,,2900.0,0.0,-44.23,5708.2,-312.96,-471.59
1540,maize,-567.8189,-471.5803,,,3380.0,0.0,-80.24,5840.7,-567.82,-471.58
1541,maize,-561.8628,-471.8787,,,3170.0,0.0,-79.4,5360.5,-561.86,-471.88
1542,maize,-626.1393,-471.0342,,,3320.0,0.0,-88.49,5463.4,-626.14,-471.03
1543,maize,-554.4397,-474.6998,,,3330.0,0.0,-78.35,5774.2,-554.44,-474.7
1544,maize,-462.8365,-476.6964,,,3220.0,0.0,-65.41,5876.7,-462.84,-476.7
1545,maize,-645.7093,-476.3118,,,3410.0,0.0,-91.25,5601.2,-645.71,-476.31
1546,maize,-258.5738,-472.5933,,,3100.0,0.0,-36.54,6405.7,-258.57,-472.59
1547,maize,-368.2171,-471.5671,,,3190.0,0.0,-52.04,6183.1,-368.22,-471.57
1548,maize,-314.6151,-470.8058,,,3080.0,0.0,-44.46,6133.5,-314.62,-470.81
1549,maize,-451.6302,-468.7605,,,3030.0,0.0,-63.82,5465.5,-451.63,-468.76
1550,maize,-135.3878,-466.2779,,,2960.0,0.0,-19.13,6562.4,-135.39,-466.28
1551,maize,-383.5341,-463.1448,,,3020.0,0.0,-54.2,5713.9,-383.53,-463.14
1552,maize,-436.615,-463.6521,,,3000.0,0.0,-61.7,5453.5,-436.61,-463.65
1553,maize,-443.876,-462.9278,,,3110.0,0.0,-62.73,5688.5,-443.88,-462.93
1554,maize,-118.3194,-460.4565,,,3050.0,0.0,-16.72,6846.7,-118.32,-460.46
1555,maize,-633.0523,-462.5419,,,3510.0,0.0,-89.46,5891.8,-633.05,-462.54
1556,maize,-631.834,-462.1139,,,3390.0,0.0,-89.29,5608.7,-631.83,-462.11
1557,maize,-792.597,-453.5999,,,3390.0,0.0,-112.01,4965.6,-792.6,-453.6
1558,maize,-703.8412,-457.6742,,,3530.0,0.0,-99.47,5656.6,-703.84,-457.67
1559,maize,-616.2641,-459.0903,,,3370.0,0.0,-87.09,5622.9,-616.26,-459.09
1560,maize,-715.6386,-462.9182,,,3600.0,0.0,-101.13,5777.4,-715.64,-462.92
1561,maize,-520.1117,-464.2951,,,3280.0,0.0,-73.5,5791.6,-520.11,-464.3
1562,maize,-587.9894,-466.5178,,,3260.0,0.0,-83.09,5472.0,-587.99,-466.52
1563,maize,-480.5873,-469.3329,,,3230.0,0.0,-67.92,5829.7,-480.59,-469.33
1564,maize,-455.4837,-471.0518,,,3180.0,0.0,-64.37,5810.1,-455.48,-471.05
1565,maize,-607.8919,-470.6692,,,3490.0,0.0,-85.91,5944.4,-607.89,-470.67
1566,maize,-513.2769,-469.6481,,,3070.0,0.0,-72.54,5314.9,-513.28,-469.65
1567,maize,-666.4384,-469.6105,,,3350.0,0.0,-94.18,5374.2,-666.44,-469.61
1568,maize,-545.9105,-472.561,,,3320.0,0.0,-77.15,5784.4,-545.91,-472.56
1569,maize,-494.0421,-470.5564,,,3260.0,0.0,-69.82,5847.8,-494.04,-470.56
1570,maize,-814.6864,-473.2581,,,3830.0,0.0,-115.13,5933.3,-814.69,-473.26
1571,maize,-862.2053,-477.5566,,,3610.0,0.0,-121.85,5215.2,-862.21,-477.56
1572,maize,-282.9088,-471.0402,,,2980.0,0.0,-39.98,6020.4,-282.91,-471.04
1573,maize,-497.9675,-471.5682,,,3360.0,0.0,-70.37,6072.1,-497.97,-471.57
1574,maize,-394.1303,-474.371,,,3060.0,0.0,-55.7,5767.5,-394.13,-474.37
1575,maize,-338.1537,-474.7196,,,3190.0,0.0,-47.79,6303.4,-338.15,-474.72
1576,maize,-424.8421,-475.2679,,,3190.0,0.0,-60.04,5956.6,-424.84,-475.27
1577,maize,-622.9824,-479.3929,,,3340.0,0.0,-88.04,5524.1,-622.98,-479.39
1578,maize,-558.7807,-479.8293,,,3390.0,0.0,-78.97,5900.9,-558.78,-479.83
1579,maize,-797.6112,-483.434,,,3360.0,0.0,-112.72,4873.6,-797.61,-483.43
1580,maize,-649.6853,-485.5498,,,3380.0,0.0,-91.81,5513.3,-649.69,-485.55
1581,maize,-673.8328,-486.6561,,,3440.0,0.0,-95.23,5560.7,-673.83,-486.66
1582,maize,-559.7769,-489.3286,,,3470.0,0.0,-79.11,6088.9,-559.78,-489.33
1583,maize,-618.9928,-491.8523,,,3120.0,0.0,-87.48,5012.0,-618.99,-491.85
1584,maize,-391.7619,-489.8271,,,3330.0,0.0,-55.36,6425.0,-391.76,-489.83
1585,maize,-427.9076,-490.4212,,,3290.0,0.0,-60.47,6184.4,-427.91,-490.42
1586,maize,-86.0408,-483.8345,,,3000.0,0.0,-12.16,6855.8,-86.04,-483.83
1587,maize,-559.9304,-482.3076,,,3450.0,0.0,-79.13,6040.3,-559.93,-482.31
1588,maize,-649.4444,-484.3185,,,3450.0,0.0,-91.78,5682.2,-649.44,-484.32
1589,maize,-533.5833,-483.7842,,,3180.0,0.0,-75.41,5497.7,-533.58,-483.78
1590,maize,-308.463,-481.7028,,,2980.0,0.0,-43.59,5918.1,-308.46,-481.7
1591,maize,-291.2368,-479.3796,,,3070.0,0.0,-41.16,6203.1,-291.24,-479.38
1592,maize,-432.7286,-481.6999,,,3150.0,0.0,-61.15,5829.1,-432.73,-481.7
1593,maize,-388.1265,-481.3014,,,3180.0,0.0,-54.85,6079.5,-388.13,-481.3
1594,maize,-439.1389,-482.615,,,3250.0,0.0,-62.06,6043.4,-439.14,-482.61
1595,maize,-149.9684,-480.8302,,,3030.0,0.0,-21.19,6672.1,-149.97,-480.83
1596,maize,-366.8246,-478.8768,,,3110.0,0.0,-51.84,5996.7,-366.82,-478.88
1597,maize,-277.7897,-474.9061,,,3260.0,0.0,-39.26,6712.8,-277.79,-474.91
1598,maize,-36.1387,-469.0659,,,2960.0,0.0,-5.11,6959.4,-36.14,-469.07
1599,maize,-527.2547,-469.7324,,,3410.0,0.0,-74.51,6075.0,-527.25,-469.73
1600,maize,-389.3313,-471.9329,,,3240.0,0.0,-55.02,6218.7,-389.33,-471.93
1601,maize,-279.0651,-471.1947,,,2880.0,0.0,-39.44,5795.7,-279.07,-471.19
1602,maize,-376.5561,-472.0223,,,3150.0,0.0,-53.21,6053.8,-376.56,-472.02
1603,maize,-326.8317,-469.0256,,,2970.0,0.0,-46.19,5820.7,-326.83,-469.03
1604,maize,-714.5102,-469.6241,,,3520.0,0.0,-100.97,5590.0,-714.51,-469.62
1605,maize,-792.6618,-473.1367,,,3670.0,0.0,-112.02,5637.4,-792.66,-473.14
1606,maize,-303.034,-471.0222,,,3210.0,0.0,-42.82,6491.9,-303.03,-471.02
1607,maize,-189.8976,-468.9163,,,2930.0,0.0,-26.84,6272.4,-189.9,-468.92
1608,maize,-377.2406,-467.9473,,,3220.0,0.0,-53.31,6219.0,-377.24,-467.95
1609,maize,-327.9063,-467.689,,,3180.0,0.0,-46.34,6320.4,-327.91,-467.69
1610,maize,-695.7957,-470.8549,,,3390.0,0.0,-98.33,5352.8,-695.8,-470.85
1611,maize,-487.8542,-471.4791,,,3320.0,0.0,-68.94,6016.6,-487.85,-471.48
1612,maize,-490.8887,-471.8792,,,3090.0,0.0,-69.37,5452.4,-490.89,-471.88
1613,maize,-449.455,-472.6781,,,3340.0,0.0,-63.52,6218.2,-449.46,-472.68
1614,maize,-576.2128,-474.0896,,,3240.0,0.0,-81.43,5471.1,-576.21,-474.09
1615,maize,-347.5081,-471.0471,,,3020.0,0.0,-49.11,5858.0,-347.51,-471.05
1616,maize,-141.6757,-466.2391,,,2900.0,0.0,-20.02,6393.3,-141.68,-466.24
1617,maize,-514.218,-467.1986,,,3330.0,0.0,-72.67,5935.1,-514.22,-467.2
1618,maize,-529.4124,-467.8987,,,3470.0,0.0,-74.82,6210.4,-529.41,-467.9
1619,maize,-569.013,-470.6474,,,3240.0,0.0,-80.41,5499.9,-569.01,-470.65
1620,maize,-792.4009,-474.3377,,,3590.0,0.0,-111.98,5446.4,-792.4,-474.34
1621,maize,-558.5049,-472.6882,,,3480.0,0.0,-78.93,6118.0,-558.5,-472.69
1622,maize,-724.4291,-476.4181,,,3660.0,0.0,-102.38,5886.3,-724.43,-476.42
1623,maize,-628.7567,-480.0973,,,3250.0,0.0,-88.86,5285.0,-628.76,-480.1
1624,maize,-174.0263,-475.0799,,,2900.0,0.0,-24.59,6263.9,-174.03,-475.08
1625,maize,-432.6239,-475.0176,,,3200.0,0.0,-61.14,5949.5,-432.62,-475.02
1626,maize,-400.1928,-476.2583,,,3160.0,0.0,-56.55,5983.2,-400.19,-476.26
1627,maize,-694.9805,-476.0716,,,3540.0,0.0,-98.21,5716.1,-694.98,-476.07
1628,maize,-503.0921,-477.2891,,,3220.0,0.0,-71.1,5715.6,-503.09,-477.29
1629,maize,-569.5534,-477.7137,,,3440.0,0.0,-80.49,5977.8,-569.55,-477.71
1630,maize,-663.712,-481.4709,,,3430.0,0.0,-93.79,5577.2,-663.71,-481.47
1631,maize,-524.3565,-479.9824,,,3400.0,0.0,-74.1,6062.6,-524.36,-479.98
1632,maize,-506.5708,-481.4316,,,3410.0,0.0,-71.59,6157.7,-506.57,-481.43
1633,maize,-676.3723,-483.8242,,,3370.0,0.0,-95.58,5382.5,-676.37,-483.82
1634,maize,-393.5795,-483.1221,,,3130.0,0.0,-55.62,5937.7,-393.58,-483.12
1635,maize,-635.3238,-482.8623,,,3370.0,0.0,-89.78,5546.7,-635.32,-482.86
1636,maize,-557.9382,-482.4097,,,3360.0,0.0,-78.85,5832.2,-557.94,-482.41
1637,maize,-521.8659,-489.35,,,3340.0,0.0,-73.75,5928.5,-521.87,-489.35
1638,maize,-399.693,-488.0743,,,3150.0,0.0,-56.48,5961.2,-399.69,-488.07
1639,maize,-753.9532,-492.4842,,,3630.0,0.0,-106.55,5696.2,-753.95,-492.48
1640,maize,-226.9738,-489.0758,,,3030.0,0.0,-32.08,6364.1,-226.97,-489.08
1641,maize,-797.3828,-491.431,,,3440.0,0.0,-112.69,5066.5,-797.38,-491.43
1642,maize,-389.5341,-489.0649,,,3210.0,0.0,-55.05,6145.9,-389.53,-489.06
1643,maize,-367.6,-487.1965,,,3090.0,0.0,-51.95,5945.6,-367.6,-487.2
1644,maize,-476.2974,-487.3311,,,3410.0,0.0,-67.31,6278.8,-476.3,-487.33
1645,maize,-578.88,-486.6628,,,3370.0,0.0,-81.81,5772.5,-578.88,-486.66
1646,maize,-683.7785,-490.9149,,,3480.0,0.0,-96.63,5616.9,-683.78,-490.91
1647,maize,-691.0253,-494.143,,,3490.0,0.0,-97.65,5611.9,-691.03,-494.14
1648,maize,-553.5026,-496.5319,,,3330.0,0.0,-78.22,5778.0,-553.5,-496.53
1649,maize,-618.116,-498.1967,,,3430.0,0.0,-87.35,5759.5,-618.12,-498.2
1650,maize,-468.5312,-501.5281,,,3290.0,0.0,-66.21,6021.9,-468.53,-501.53
1651,maize,-573.3321,-503.4261,,,3010.0,0.0,-81.02,4930.7,-573.33,-503.43
1652,maize,-699.9138,-506.0591,,,3520.0,0.0,-98.91,5648.3,-699.91,-506.06
1653,maize,-319.7523,-504.8179,,,3110.0,0.0,-45.19,6185.0,-319.75,-504.82
1654,maize,-391.9255,-507.5539,,,3250.0,0.0,-55.39,6232.3,-391.93,-507.55
1655,maize,-270.2357,-503.9258,,,3010.0,0.0,-38.19,6143.1,-270.24,-503.93
1656,maize,-328.9993,-500.8974,,,3250.0,0.0,-46.49,6484.0,-329.0,-500.9
1657,maize,-498.4881,-497.9563,,,3390.0,0.0,-70.45,6142.0,-498.49,-497.96
1658,maize,-465.8701,-495.5766,,,3260.0,0.0,-65.84,5960.5,-465.87,-495.58
1659,maize,-253.9169,-491.9531,,,2850.0,0.0,-35.88,5824.3,-253.92,-491.95
1660,maize,-275.7448,-487.5542,,,3040.0,0.0,-38.97,6193.0,-275.74,-487.55
1661,maize,-590.5464,-488.2586,,,3320.0,0.0,-83.46,5605.8,-590.55,-488.26
1662,maize,-267.6696,-485.0554,,,3140.0,0.0,-37.83,6465.3,-267.67,-485.06
1663,maize,-526.4959,-485.5144,,,3210.0,0.0,-74.4,5598.0,-526.5,-485.51
1664,maize,-587.6346,-486.836,,,3370.0,0.0,-83.04,5737.5,-587.63,-486.84
1665,maize,-490.504,-485.6621,,,3130.0,0.0,-69.32,5550.0,-490.5,-485.66
1666,maize,-702.579,-487.5551,,,3500.0,0.0,-99.29,5589.7,-702.58,-487.56
1667,maize,-577.3782,-486.6645,,,3350.0,0.0,-81.59,5730.5,-577.38,-486.66
1668,maize,-365.1068,-484.8565,,,3220.0,0.0,-51.6,6267.6,-365.11,-484.86
1669,maize,-569.4329,-485.6104,,,3190.0,0.0,-80.47,5378.3,-569.43,-485.61
1670,maize,-369.7103,-481.1606,,,3170.0,0.0,-52.25,6129.2,-369.71,-481.16
1671,maize,-358.1581,-476.1201,,,3210.0,0.0,-50.61,6271.4,-358.16,-476.12
1672,maize,-548.8295,-478.7793,,,3520.0,0.0,-77.56,6252.7,-548.83,-478.78
1673,maize,-278.9815,-476.5895,,,3150.0,0.0,-39.43,6444.1,-278.98,-476.59
1674,maize,-423.2704,-476.8809,,,3000.0,0.0,-59.82,5506.9,-423.27,-476.88
1675,maize,-758.0978,-481.0803,,,3160.0,0.0,-107.13,4551.6,-758.1,-481.08
1676,maize,-343.4379,-480.2663,,,2960.0,0.0,-48.53,5730.2,-343.44,-480.27
1677,maize,-156.0766,-475.5972,,,3080.0,0.0,-22.06,6767.7,-156.08,-475.6
1678,maize,-230.4051,-472.3135,,,3210.0,0.0,-32.56,6782.4,-230.41,-472.31
1679,maize,-209.1214,-466.4286,,,2970.0,0.0,-29.55,6291.5,-209.12,-466.43
1680,maize,-343.2182,-463.3639,,,3160.0,0.0,-48.5,6211.1,-343.22,-463.36
1681,maize,-533.952,-461.9651,,,3310.0,0.0,-75.46,5808.2,-533.95,-461.97
1682,maize,-500.351,-461.3708,,,3190.0,0.0,-70.71,5654.6,-500.35,-461.37
1683,maize,-508.976,-460.2707,,,3200.0,0.0,-71.93,5644.1,-508.98,-460.27
1684,maize,-606.5532,-462.4186,,,3420.0,0.0,-85.72,5781.8,-606.55,-462.42
1685,maize,-539.1592,-463.5311,,,3310.0,0.0,-76.19,5787.4,-539.16,-463.53
1686,maize,-475.1713,-467.4224,,,3280.0,0.0,-67.15,5971.3,-475.17,-467.42
1687,maize,-794.8276,-469.7714,,,3720.0,0.0,-112.32,5748.7,-794.83,-469.77
1688,maize,-723.4247,-470.5112,,,3630.0,0.0,-102.23,5818.3,-723.42,-470.51
1689,maize,-188.507,-467.0604,,,3040.0,0.0,-26.64,6542.0,-188.51,-467.06
1690,maize,-452.8999,-468.5048,,,3200.0,0.0,-64.0,5868.4,-452.9,-468.5
1691,maize,-337.2579,-468.965,,,3110.0,0.0,-47.66,6115.0,-337.26,-468.96
1692,maize,-651.8857,-471.1566,,,3490.0,0.0,-92.12,5768.5,-651.89,-471.16
1693,maize,-323.0196,-470.5055,,,3270.0,0.0,-45.65,6555.9,-323.02,-470.51
1694,maize,-322.1933,-469.336,,,3080.0,0.0,-45.53,6103.2,-322.19,-469.34
1695,maize,-897.2159,-476.8085,,,3300.0,0.0,-126.79,4331.1,-897.22,-476.81
1696,maize,-408.6692,-477.227,,,3160.0,0.0,-57.75,5949.3,-408.67,-477.23
1697,maize,-83.6917,-475.286,,,2780.0,0.0,-11.83,6337.2,-83.69,-475.29
1698,maize,-942.7565,-484.3522,,,3560.0,0.0,-133.23,4773.0,-942.76,-484.35
1699,maize,-408.4795,-483.1644,,,3290.0,0.0,-57.73,6262.1,-408.48,-483.16
1700,maize,-413.3032,-483.4041,,,3310.0,0.0,-58.41,6290.8,-413.3,-483.4
1701,maize,-547.9285,-486.0928,,,3270.0,0.0,-77.43,5656.3,-547.93,-486.09
1702,maize,-428.728,-486.6145,,,3280.0,0.0,-60.59,6157.1,-428.73,-486.61
1703,maize,-395.1926,-487.2981,,,3240.0,0.0,-55.85,6195.2,-395.19,-487.3
1704,maize,-450.7089,-484.6601,,,3250.0,0.0,-63.69,5997.2,-450.71,-484.66
1705,maize,-725.2417,-483.9859,,,3470.0,0.0,-102.49,5427.0,-725.24,-483.99
1706,maize,-505.6025,-486.0116,,,3110.0,0.0,-71.45,5441.6,-505.6,-486.01
1707,maize,-683.6034,-490.9486,,,3450.0,0.0,-96.61,5545.6,-683.6,-490.95
1708,maize,-351.6115,-490.6923,,,3050.0,0.0,-49.69,5913.6,-351.61,-490.69
1709,maize,-193.3497,-489.3468,,,2880.0,0.0,-27.32,6138.6,-193.35,-489.35
1710,maize,-340.6261,-485.7951,,,3120.0,0.0,-48.14,6125.5,-340.63,-485.8
1711,maize,-865.0146,-489.5667,,,3680.0,0.0,-122.24,5371.9,-865.01,-489.57
1712,maize,-335.8514,-488.0163,,,2930.0,0.0,-47.46,5688.6,-335.85,-488.02
1713,maize,-673.8633,-490.2604,,,3420.0,0.0,-95.23,5512.5,-673.86,-490.26
1714,maize,-379.7885,-488.2961,,,3120.0,0.0,-53.67,5968.8,-379.79,-488.3
1715,maize,-760.1993,-492.423,,,3520.0,0.0,-107.43,5407.2,-760.2,-492.42
1716,maize,-77.9226,-491.7855,,,2780.0,0.0,-11.01,6360.3,-77.92,-491.79
1717,maize,-289.3634,-489.537,,,3180.0,0.0,-40.89,6474.5,-289.36,-489.54
1718,maize,-443.3755,-488.6766,,,3310.0,0.0,-62.66,6170.5,-443.38,-488.68
1719,maize,-373.9172,-486.7256,,,3300.0,0.0,-52.84,6424.3,-373.92,-486.73
1720,maize,-457.9314,-483.3809,,,3240.0,0.0,-64.71,5944.3,-457.93,-483.38
1721,maize,-398.589,-481.7818,,,3180.0,0.0,-56.33,6037.6,-398.59,-481.78
1722,maize,-479.7208,-479.3347,,,3170.0,0.0,-67.79,5689.1,-479.72,-479.33
1723,maize,-626.0425,-479.3076,,,3500.0,0.0,-88.47,5895.8,-626.04,-479.31
1724,maize,-145.1639,-479.0189,,,2790.0,0.0,-20.51,6115.3,-145.16,-479.02
1725,maize,-352.4564,-478.2173,,,3250.0,0.0,-49.81,6390.2,-352.46,-478.22
1726,maize,-640.5661,-480.621,,,3380.0,0.0,-90.52,5549.7,-640.57,-480.62
1727,maize,-178.786,-475.459,,,2870.0,0.0,-25.27,6172.9,-178.79,-475.46
1728,maize,-373.2497,-474.1606,,,3220.0,0.0,-52.75,6235.0,-373.25,-474.16
1729,maize,-292.2906,-471.388,,,3240.0,0.0,-41.31,6606.8,-292.29,-471.39
1730,maize,-371.7871,-468.4687,,,3020.0,0.0,-52.54,5760.9,-371.79,-468.47
1731,maize,-590.8156,-469.1333,,,3240.0,0.0,-83.49,5412.7,-590.82,-469.13
1732,maize,262.2217,-461.4454,,,2610.0,0.0,37.06,7312.9,262.22,-461.45
1733,maize,-549.5612,-460.1773,,,3250.0,0.0,-77.66,5601.8,-549.56,-460.18
1734,maize,-316.3997,-459.4055,,,2940.0,0.0,-44.71,5790.4,-316.4,-459.41
1735,maize,-393.3569,-456.9858,,,3050.0,0.0,-55.59,5746.6,-393.36,-456.99
1736,maize,-232.8535,-453.735,,,3150.0,0.0,-32.91,6628.6,-232.85,-453.73
1737,maize,-590.6726,-454.4231,,,3280.0,0.0,-83.47,5509.3,-590.67,-454.42
1738,maize,-592.3792,-456.3499,,,3390.0,0.0,-83.71,5766.5,-592.38,-456.35
1739,maize,-544.8489,-454.2589,,,3310.0,0.0,-77.0,5764.6,-544.85,-454.26
1740,maize,-517.8772,-457.1679,,,3180.0,0.0,-73.19,5560.5,-517.88,-457.17
1741,maize,-512.1313,-454.3154,,,3390.0,0.0,-72.37,6087.5,-512.13,-454.32
1742,maize,-394.2072,-454.3621,,,3220.0,0.0,-55.71,6151.2,-394.21,-454.36
1743,maize,-565.0645,-456.3368,,,3290.0,0.0,-79.85,5635.7,-565.06,-456.34
1744,maize,-585.8502,-457.4323,,,3330.0,0.0,-82.79,5648.6,-585.85,-457.43
1745,maize,-666.084,-458.3043,,,3490.0,0.0,-94.13,5711.7,-666.08,-458.3
1746,maize,-263.7288,-454.1038,,,2900.0,0.0,-37.27,5905.1,-263.73,-454.1
1747,maize,-673.6066,-453.9297,,,3520.0,0.0,-95.19,5753.6,-673.61,-453.93
1748,maize,-556.3269,-453.9579,,,3350.0,0.0,-78.62,5814.7,-556.33,-453.96
1749,maize,-99.1628,-448.7684,,,3040.0,0.0,-14.01,6899.3,-99.16,-448.77
1750,maize,-397.1375,-448.0544,,,3120.0,0.0,-56.12,5899.5,-397.14,-448.05
1751,maize,-443.7901,-446.759,,,3100.0,0.0,-62.72,5664.8,-443.79,-446.76
1752,maize,-494.3673,-444.7035,,,3380.0,0.0,-69.86,6134.5,-494.37,-444.7
1753,maize,-605.3195,-447.5592,,,3280.0,0.0,-85.54,5450.7,-605.32,-447.56
1754,maize,-507.9595,-448.7196,,,3140.0,0.0,-71.78,5504.2,-507.96,-448.72
1755,maize,-571.9463,-451.7367,,,3220.0,0.0,-80.83,5440.2,-571.95,-451.74
1756,maize,-177.4471,-450.2211,,,3090.0,0.0,-25.08,6706.2,-177.45,-450.22
1757,maize,-482.8467,-450.0647,,,3270.0,0.0,-68.24,5916.6,-482.85,-450.06
1758,maize,-255.8915,-447.9649,,,3130.0,0.0,-36.16,6488.4,-255.89,-447.96
1759,maize,-593.5523,-451.3613,,,3270.0,0.0,-83.88,5473.8,-593.55,-451.36
1760,maize,-580.2774,-454.4066,,,3370.0,0.0,-82.0,5766.9,-580.28,-454.41
1761,maize,-570.0408,-454.2016,,,3360.0,0.0,-80.56,5783.8,-570.04,-454.2
1762,maize,-335.71,-454.882,,,2950.0,0.0,-47.44,5737.2,-335.71,-454.88
1763,maize,-721.2905,-456.8299,,,3260.0,0.0,-101.93,4938.8,-721.29,-456.83
1764,maize,-601.1696,-456.9653,,,3450.0,0.0,-84.96,5875.3,-601.17,-456.97
1765,maize,-569.408,-457.7543,,,3550.0,0.0,-80.47,6242.4,-569.41,-457.75
1766,maize,-463.7312,-455.3658,,,3100.0,0.0,-65.53,5585.1,-463.73,-455.37
1767,maize,-362.9281,-453.2213,,,3210.0,0.0,-51.29,6252.3,-362.93,-453.22
1768,maize,-459.3877,-454.1641,,,3320.0,0.0,-64.92,6130.4,-459.39,-454.16
1769,maize,-499.858,-453.4684,,,3360.0,0.0,-70.64,6064.6,-499.86,-453.47
1770,maize,-316.2598,-452.9339,,,3250.0,0.0,-44.69,6535.0,-316.26,-452.93
1771,maize,-500.7927,-454.3602,,,3150.0,0.0,-70.77,5556.8,-500.79,-454.36
1772,maize,-678.9962,-455.6619,,,3440.0,0.0,-95.95,5540.0,-679.0,-455.66
1773,maize,-613.1717,-459.0038,,,3620.0,0.0,-86.65,6235.3,-613.17,-459.0
1774,maize,-513.5532,-459.9066,,,3320.0,0.0,-72.57,5913.8,-513.55,-459.91
1775,maize,-540.3942,-457.7296,,,3140.0,0.0,-76.37,5374.4,-540.39,-457.73
1776,maize,-490.5487,-459.2007,,,3200.0,0.0,-69.32,5717.8,-490.55,-459.2
1777,maize,-265.825,-460.2982,,,3200.0,0.0,-37.57,6616.7,-265.83,-460.3
1778,maize,-197.7864,-459.972,,,2970.0,0.0,-27.95,6336.9,-197.79,-459.97
1779,maize,-568.3513,-463.5643,,,3320.0,0.0,-80.32,5694.6,-568.35,-463.56
1780,maize,-272.3375,-462.8555,,,3050.0,0.0,-38.49,6230.7,-272.34,-462.86
1781,maize,-343.63,-460.9523,,,3110.0,0.0,-48.56,6089.5,-343.63,-460.95
1782,maize,-505.0107,-460.9989,,,3340.0,0.0,-71.37,5996.0,-505.01,-461.0
1783,maize,-1680.0,-472.7091,,,2800.0,0.0,-237.42,0.0,-1680.0,-472.71
1784,maize,-559.377,-472.2373,,,3350.0,0.0,-79.05,5802.5,-559.38,-472.24
1785,maize,-304.12,-469.8869,,,2950.0,0.0,-42.98,5863.5,-304.12,-469.89
1786,maize,-427.6518,-469.4117,,,3250.0,0.0,-60.44,6089.4,-427.65,-469.41
1787,maize,-689.42,-468.3577,,,3580.0,0.0,-97.43,5834.3,-689.42,-468.36
1788,maize,-189.5718,-463.0191,,,3310.0,0.0,-26.79,7185.7,-189.57,-463.02
1789,maize,-593.8435,-467.0725,,,3400.0,0.0,-83.92,5784.6,-593.84,-467.07
1790,maize,-215.8129,-464.7016,,,3010.0,0.0,-30.5,6360.7,-215.81,-464.7
1791,maize,-785.303,-469.1821,,,3530.0,0.0,-110.98,5330.8,-785.3,-469.18
1792,maize,-455.8857,-467.2221,,,3270.0,0.0,-64.43,6024.5,-455.89,-467.22
1793,maize,-738.8462,-471.3804,,,3510.0,0.0,-104.41,5468.6,-738.85,-471.38
1794,maize,-426.1859,-472.4203,,,3180.0,0.0,-60.23,5927.3,-426.19,-472.42
1795,maize,-744.0738,-470.8889,,,3340.0,0.0,-105.15,5039.7,-744.07,-470.89
1796,maize,-318.41,-469.9863,,,3210.0,0.0,-45.0,6430.4,-318.41,-469.99
1797,maize,-297.8361,-472.1277,,,2990.0,0.0,-42.09,5984.7,-297.84,-472.13
1798,maize,-347.7864,-466.178,,,3230.0,0.0,-49.15,6360.9,-347.79,-466.18
1799,maize,-224.2301,-464.3355,,,3090.0,0.0,-31.69,6519.1,-224.23,-464.34
1800,maize,-249.567,-462.6982,,,3060.0,0.0,-35.27,6345.7,-249.57,-462.7
1801,maize,-555.5204,-462.7741,,,3430.0,0.0,-78.51,6009.9,-555.52,-462.77
1802,maize,-501.5307,-463.5021,,,3210.0,0.0,-70.88,5697.9,-501.53,-463.5
1803,maize,-452.176,-464.0719,,,3230.0,0.0,-63.9,5943.3,-452.18,-464.07
1804,maize,-511.4289,-464.6791,,,3360.0,0.0,-72.27,6018.3,-511.43,-464.68
1805,maize,-594.4239,-463.371,,,3310.0,0.0,-84.0,5566.3,-594.42,-463.37
1806,maize,-1467.9586,-472.9945,,,3470.0,0.0,-207.45,2456.2,-1467.96,-472.99
1807,maize,-322.901,-469.3875,,,3220.0,0.0,-45.63,6436.4,-322.9,-469.39
1808,maize,-779.9552,-473.6709,,,3510.0,0.0,-110.22,5304.2,-779.96,-473.67
1809,maize,-710.5259,-478.8427,,,3660.0,0.0,-100.41,5941.9,-710.53,-478.84
1810,maize,-622.5764,-481.6622,,,3410.0,0.0,-87.98,5693.7,-622.58,-481.66
1811,maize,-499.0779,-478.0028,,,3420.0,0.0,-70.53,6211.7,-499.08,-478.0
1812,maize,-400.5048,-478.6494,,,3070.0,0.0,-56.6,5766.0,-400.5,-478.65
1813,maize,-294.909,-474.8598,,,2890.0,0.0,-41.68,5756.4,-294.91,-474.86
1814,maize,-684.9421,-477.9114,,,3490.0,0.0,-96.8,5636.2,-684.94,-477.91
1815,maize,-75.4395,-471.0638,,,2860.0,0.0,-10.66,6562.2,-75.44,-471.06
1816,maize,-350.1064,-473.7856,,,3100.0,0.0,-49.48,6039.6,-350.11,-473.79
1817,maize,-262.0562,-473.5125,,,3060.0,0.0,-37.03,6295.8,-262.06,-473.51
1818,maize,-534.2615,-474.4214,,,3500.0,0.0,-75.5,6263.0,-534.26,-474.42
1819,maize,-606.6922,-476.7491,,,3280.0,0.0,-85.74,5445.2,-606.69,-476.75
1820,maize,-685.6725,-479.0265,,,3510.0,0.0,-96.9,5681.3,-685.67,-479.03
1821,maize,-388.7362,-478.928,,,3190.0,0.0,-54.94,6101.1,-388.74,-478.93
1822,maize,-578.3097,-479.9139,,,3260.0,0.0,-81.73,5510.8,-578.31,-479.91
1823,maize,-222.7326,-475.8808,,,2960.0,0.0,-31.48,6213.1,-222.73,-475.88
1824,maize,-254.3578,-476.9727,,,3000.0,0.0,-35.95,6182.6,-254.36,-476.97
1825,maize,-557.4777,-479.023,,,3200.0,0.0,-78.78,5450.1,-557.48,-479.02
1826,maize,-410.8351,-476.7257,,,3270.0,0.0,-58.06,6204.7,-410.84,-476.73
1827,maize,-505.1056,-479.9888,,,3480.0,0.0,-71.38,6331.6,-505.11,-479.99
1828,maize,-164.7859,-477.9042,,,2960.0,0.0,-23.29,6444.9,-164.79,-477.9
1829,maize,-741.9065,-482.4004,,,3520.0,0.0,-104.85,5480.4,-741.91,-482.4
1830,maize,-521.4078,-483.8966,,,3100.0,0.0,-73.68,5354.4,-521.41,-483.9
1831,maize,-740.9971,-485.3984,,,3690.0,0.0,-104.72,5892.0,-741.0,-485.4
1832,maize,-196.1608,-489.9822,,,2990.0,0.0,-27.72,6391.4,-196.16,-489.98
1833,maize,-408.3943,-488.5705,,,3070.0,0.0,-57.71,5734.4,-408.39,-488.57
1834,maize,-438.5971,-489.7925,,,3280.0,0.0,-61.98,6117.6,-438.6,-489.79
1835,maize,-355.5095,-489.414,,,3150.0,0.0,-50.24,6138.0,-355.51,-489.41
1836,maize,-428.353,-491.369,,,2990.0,0.0,-60.53,5462.6,-428.35,-491.37
1837,maize,-305.8072,-488.5204,,,3230.0,0.0,-43.22,6528.8,-305.81,-488.52
1838,maize,-216.8056,-484.7646,,,2950.0,0.0,-30.64,6212.8,-216.81,-484.76
1839,maize,-543.5935,-484.7521,,,3290.0,0.0,-76.82,5721.6,-543.59,-484.75
1840,maize,-1353.4249,-493.1076,,,3130.0,0.0,-191.26,2098.3,-1353.42,-493.11
1841,maize,-457.0313,-492.5566,,,3340.0,0.0,-64.59,6187.9,-457.03,-492.56
1842,maize,-595.5153,-494.5697,,,3330.0,0.0,-84.16,5609.9,-595.52,-494.57
1843,maize,-459.8685,-493.5177,,,3120.0,0.0,-64.99,5648.5,-459.87,-493.52
1844,maize,-321.4444,-490.8736,,,3230.0,0.0,-45.43,6466.2,-321.44,-490.87
1845,maize,-252.0524,-486.7333,,,2930.0,0.0,-35.62,6023.8,-252.05,-486.73
1846,maize,-345.1522,-487.5476,,,3010.0,0.0,-48.78,5843.4,-345.15,-487.55
1847,maize,-46.3739,-481.2752,,,2830.0,0.0,-6.55,6606.5,-46.37,-481.28
1848,maize,-626.5506,-481.9775,,,3350.0,0.0,-88.54,5533.8,-626.55,-481.98
1849,maize,-517.7029,-486.1629,,,3300.0,0.0,-73.16,5849.2,-517.7,-486.16
1850,maize,-412.3825,-486.3153,,,3120.0,0.0,-58.28,5838.5,-412.38,-486.32
1851,maize,-517.4601,-487.052,,,3290.0,0.0,-73.13,5826.2,-517.46,-487.05
1852,maize,-260.156,-484.7099,,,3120.0,0.0,-36.76,6447.4,-260.16,-484.71
1853,maize,-287.7486,-481.5342,,,3070.0,0.0,-40.66,6217.0,-287.75,-481.53
1854,maize,-316.8204,-479.6228,,,3150.0,0.0,-44.77,6292.7,-316.82,-479.62
1855,maize,-515.7935,-479.0613,,,3100.0,0.0,-72.89,5376.8,-515.79,-479.06
1856,maize,-306.0509,-480.3473,,,2900.0,0.0,-43.25,5735.8,-306.05,-480.35
1857,maize,-85.5569,-476.3744,,,2960.0,0.0,-12.09,6761.8,-85.56,-476.37
1858,maize,-421.1132,-478.0266,,,3170.0,0.0,-59.51,5923.5,-421.11,-478.03
1859,maize,-617.2083,-478.2632,,,3610.0,0.0,-87.22,6195.2,-617.21,-478.26
1860,maize,-544.363,-477.904,,,3320.0,0.0,-76.93,5790.5,-544.36,-477.9
1861,maize,-353.4388,-475.738,,,3270.0,0.0,-49.95,6434.2,-353.44,-475.74
1862,maize,-241.0786,-474.7917,,,3150.0,0.0,-34.07,6595.7,-241.08,-474.79
1863,maize,-69.0253,-468.2691,,,2870.0,0.0,-9.75,6611.9,-69.03,-468.27
1864,maize,-716.3774,-469.4211,,,3520.0,0.0,-101.24,5582.5,-716.38,-469.42
1865,maize,-535.0844,-469.0779,,,3340.0,0.0,-75.62,5875.7,-535.08,-469.08
1866,maize,-596.951,-470.4101,,,3340.0,0.0,-84.36,5628.2,-596.95,-470.41
1867,maize,-222.4697,-469.0055,,,2910.0,0.0,-31.44,6094.1,-222.47,-469.01
1868,maize,-432.0515,-468.7322,,,3080.0,0.0,-61.06,5663.8,-432.05,-468.73
1869,maize,-257.6392,-466.31,,,2870.0,0.0,-36.41,5857.4,-257.64,-466.31
1870,maize,-433.5305,-467.4827,,,3320.0,0.0,-61.27,6233.9,-433.53,-467.48
1871,maize,-583.7775,-468.3125,,,3540.0,0.0,-82.5,6160.9,-583.78,-468.31
1872,maize,-655.0883,-468.0734,,,3280.0,0.0,-92.58,5251.6,-655.09,-468.07
1873,maize,-545.1056,-467.3928,,,3300.0,0.0,-77.03,5739.6,-545.11,-467.39
1874,maize,-480.682,-467.0641,,,3130.0,0.0,-67.93,5589.3,-480.68,-467.06
1875,maize,-552.8406,-467.1885,,,3250.0,0.0,-78.13,5588.6,-552.84,-467.19
1876,maize,-567.5066,-467.9581,,,3320.0,0.0,-80.2,5698.0,-567.51,-467.96
1877,maize,-614.8631,-471.4485,,,3680.0,0.0,-86.89,6372.5,-614.86,-471.45
1878,maize,-575.1892,-475.2225,,,3180.0,0.0,-81.29,5331.2,-575.19,-475.22
1879,maize,-412.196,-473.661,,,3200.0,0.0,-58.25,6031.2,-412.2,-473.66
1880,maize,-528.9096,-476.2267,,,3380.0,0.0,-74.74,5996.4,-528.91,-476.23
1881,maize,-319.4033,-475.9844,,,3160.0,0.0,-45.14,6306.4,-319.4,-475.98
1882,maize,-630.8819,-477.2431,,,3380.0,0.0,-89.16,5588.5,-630.88,-477.24
1883,maize,-124.1808,-461.6849,,,3000.0,0.0,-17.55,6703.3,-124.18,-461.68
1884,maize,-505.6727,-461.1479,,,3240.0,0.0,-71.46,5753.3,-505.67,-461.15
1885,maize,-753.9859,-465.6466,,,3570.0,0.0,-106.55,5552.1,-753.99,-465.65
1886,maize,-682.0506,-468.1905,,,3560.0,0.0,-96.39,5815.8,-682.05,-468.19
1887,maize,-383.5422,-465.1318,,,3150.0,0.0,-54.2,6025.8,-383.54,-465.13
1888,maize,-621.0918,-469.447,,,3470.0,0.0,-87.77,5843.6,-621.09,-469.45
1889,maize,-549.266,-469.0012,,,3280.0,0.0,-77.62,5674.9,-549.27,-469.0
1890,maize,-324.3981,-470.087,,,3090.0,0.0,-45.84,6118.4,-324.4,-470.09
1891,maize,-410.9244,-466.3433,,,3150.0,0.0,-58.07,5916.3,-410.92,-466.34
1892,maize,-549.0377,-467.2748,,,3320.0,0.0,-77.59,5771.8,-549.04,-467.27
1893,maize,-406.8997,-463.9553,,,3050.0,0.0,-57.5,5692.4,-406.9,-463.96
1894,maize,-217.9711,-461.8732,,,3140.0,0.0,-30.8,6664.1,-217.97,-461.87
1895,maize,-406.9294,-458.5017,,,3340.0,0.0,-57.51,6388.3,-406.93,-458.5
1896,maize,-350.0829,-458.8184,,,3120.0,0.0,-49.47,6087.7,-350.08,-458.82
1897,maize,-621.4708,-462.0548,,,3470.0,0.0,-87.83,5842.1,-621.47,-462.05
1898,maize,-406.6219,-462.6432,,,3100.0,0.0,-57.46,5813.5,-406.62,-462.64
1899,maize,-571.6369,-466.1172,,,3260.0,0.0,-80.78,5537.5,-571.64,-466.12
1900,maize,-570.9293,-469.3308,,,3220.0,0.0,-80.68,5444.3,-570.93,-469.33
1901,maize,-637.1898,-470.1475,,,3520.0,0.0,-90.05,5899.2,-637.19,-470.15
1902,maize,-392.5281,-469.0575,,,3220.0,0.0,-55.47,6157.9,-392.53,-469.06
1903,maize,-518.049,-469.7162,,,3150.0,0.0,-73.21,5487.8,-518.05,-469.72
1904,maize,-456.0018,-469.162,,,3210.0,0.0,-64.44,5880.0,-456.0,-469.16
1905,maize,-815.3237,-471.371,,,3640.0,0.0,-115.22,5474.7,-815.32,-471.37
1906,maize,-561.3713,-462.3051,,,3350.0,0.0,-79.33,5794.5,-561.37,-462.31
1907,maize,-819.4179,-467.2703,,,3740.0,0.0,-115.8,5698.3,-819.42,-467.27
1908,maize,-192.6601,-461.3973,,,2900.0,0.0,-27.23,6189.4,-192.66,-461.4
1909,maize,-549.5001,-459.7871,,,3310.0,0.0,-77.65,5746.0,-549.5,-459.79
1910,maize,-758.6384,-461.1477,,,3630.0,0.0,-107.21,5677.4,-758.64,-461.15
1911,maize,-687.7801,-463.0347,,,3360.0,0.0,-97.2,5312.9,-687.78,-463.03
1912,maize,-405.6329,-463.086,,,3350.0,0.0,-57.32,6417.5,-405.63,-463.09
1913,maize,-360.1062,-463.7379,,,3030.0,0.0,-50.89,5831.6,-360.11,-463.74
1914,maize,-626.698,-463.1555,,,3520.0,0.0,-88.56,5941.2,-626.7,-463.16
1915,maize,-486.0309,-467.2614,,,3150.0,0.0,-68.69,5615.9,-486.03,-467.26
1916,maize,-463.8685,-468.399,,,3110.0,0.0,-65.55,5608.5,-463.87,-468.4
1917,maize,-674.477,-472.5232,,,3340.0,0.0,-95.32,5318.1,-674.48,-472.52
1918,maize,-298.8048,-470.1687,,,3040.0,0.0,-42.23,6100.8,-298.8,-470.17
1919,maize,-451.1512,-468.6133,,,3220.0,0.0,-63.76,5923.4,-451.15,-468.61
1920,maize,-568.8378,-467.4449,,,3270.0,0.0,-80.39,5572.6,-568.84,-467.44
1921,maize,-592.7159,-469.4847,,,3260.0,0.0,-83.76,5453.1,-592.72,-469.48
1922,maize,-415.2532,-467.8542,,,3220.0,0.0,-58.68,6067.0,-415.25,-467.85
1923,maize,-266.1786,-468.2886,,,3090.0,0.0,-37.62,6351.3,-266.18,-468.29
1924,maize,-490.7472,-470.6525,,,3200.0,0.0,-69.35,5717.0,-490.75,-470.65
1925,maize,-175.2204,-466.8299,,,3090.0,0.0,-24.76,6715.1,-175.22,-466.83
1926,maize,-305.5731,-465.7773,,,3130.0,0.0,-43.18,6289.7,-305.57,-465.78
1927,maize,-230.5426,-463.0317,,,3020.0,0.0,-32.58,6325.8,-230.54,-463.03
1928,maize,-481.4545,-466.1984,,,3200.0,0.0,-68.04,5754.2,-481.45,-466.2
1929,maize,-470.1234,-463.4805,,,2850.0,0.0,-66.44,4959.5,-470.12,-463.48
1930,maize,-181.1505,-460.078,,,2820.0,0.0,-25.6,6043.4,-181.15,-460.08
1931,maize,-593.8351,-458.6064,,,3360.0,0.0,-83.92,5688.7,-593.84,-458.61
1932,maize,-389.9511,-460.5443,,,3210.0,0.0,-55.11,6144.2,-389.95,-460.54
1933,maize,-328.1826,-459.7421,,,3080.0,0.0,-46.38,6079.3,-328.18,-459.74
1934,maize,-524.142,-460.5976,,,3250.0,0.0,-74.07,5703.4,-524.14,-460.6
1935,maize,-692.9936,-463.9724,,,3460.0,0.0,-97.93,5532.0,-692.99,-463.97
1936,maize,-292.4397,-462.6133,,,3050.0,0.0,-41.33,6150.2,-292.44,-462.61
1937,maize,-477.2782,-464.328,,,3090.0,0.0,-67.45,5506.9,-477.28,-464.33
1938,maize,-279.2591,-464.9525,,,3170.0,0.0,-39.46,6491.0,-279.26,-464.95
1939,maize,-833.9131,-467.8557,,,3620.0,0.0,-117.85,5352.3,-833.91,-467.86
1940,maize,-784.0973,-462.1625,,,3480.0,0.0,-110.81,5215.6,-784.1,-462.16
1941,maize,-523.7762,-462.8299,,,3560.0,0.0,-74.02,6448.9,-523.78,-462.83
1942,maize,-270.2941,-459.5777,,,3210.0,0.0,-38.2,6622.8,-270.29,-459.58
1943,maize,-309.8526,-458.0775,,,2800.0,0.0,-43.79,5480.6,-309.85,-458.08
1944,maize,-68.2818,-455.5459,,,3010.0,0.0,-9.65,6950.9,-68.28,-455.55
1945,maize,-310.3735,-456.1291,,,2900.0,0.0,-43.86,5718.5,-310.37,-456.13
1946,maize,-430.8944,-456.9865,,,3140.0,0.0,-60.89,5812.4,-430.89,-456.99
1947,maize,-623.702,-462.7598,,,3360.0,0.0,-88.14,5569.2,-623.7,-462.76
1948,maize,-220.4674,-458.699,,,2840.0,0.0,-31.16,5934.1,-220.47,-458.7
1949,maize,-246.6328,-455.9883,,,3190.0,0.0,-34.85,6669.5,-246.63,-455.99
1950,maize,-370.9671,-455.5741,,,3250.0,0.0,-52.42,6316.1,-370.97,-455.57
1951,maize,-565.4796,-456.0543,,,3450.0,0.0,-79.91,6018.1,-565.48,-456.05
1952,maize,-569.8481,-459.1513,,,3390.0,0.0,-80.53,5856.6,-569.85,-459.15
1953,maize,-520.1404,-461.4752,,,3120.0,0.0,-73.51,5407.4,-520.14,-461.48
1954,maize,-1069.7124,-469.0041,,,3950.0,0.0,-151.17,5201.2,-1069.71,-469.0
1955,maize,-277.7315,-466.6235,,,3100.0,0.0,-39.25,6329.1,-277.73,-466.62
1956,maize,-546.0852,-469.0238,,,3280.0,0.0,-77.17,5687.7,-546.09,-469.02
1957,maize,-474.2351,-472.9106,,,3400.0,0.0,-67.02,6263.1,-474.24,-472.91
1958,maize,-544.3798,-474.1433,,,3260.0,0.0,-76.93,5646.5,-544.38,-474.14
1959,maize,-664.4067,-474.6152,,,3380.0,0.0,-93.89,5454.4,-664.41,-474.62
1960,maize,-379.1584,-472.9632,,,2820.0,0.0,-53.58,5251.4,-379.16,-472.96
1961,maize,-394.5539,-473.3744,,,3060.0,0.0,-55.76,5765.8,-394.55,-473.37
1962,maize,-776.7265,-478.7308,,,3510.0,0.0,-109.77,5317.1,-776.73,-478.73
1963,maize,-444.9648,-482.4902,,,3170.0,0.0,-62.88,5828.1,-444.96,-482.49
1964,maize,-292.98,-478.2563,,,2980.0,0.0,-41.4,5980.1,-292.98,-478.26
1965,maize,-187.5318,-474.7807,,,3110.0,0.0,-26.5,6713.9,-187.53,-474.78
1966,maize,-395.4391,-472.7656,,,3300.0,0.0,-55.88,6338.2,-395.44,-472.77
1967,maize,-502.9535,-475.5704,,,3270.0,0.0,-71.08,5836.2,-502.95,-475.57
1968,maize,-213.0023,-473.38,,,2960.0,0.0,-30.1,6252.0,-213.0,-473.38
1969,maize,-570.0603,-476.5042,,,3300.0,0.0,-80.56,5639.8,-570.06,-476.5
1970,maize,-313.6645,-475.3055,,,3130.0,0.0,-44.33,6257.3,-313.66,-475.31
1971,maize,-529.6598,-474.7643,,,3190.0,0.0,-74.85,5537.4,-529.66,-474.76
1972,maize,-535.6059,-473.5695,,,3260.0,0.0,-75.69,5681.6,-535.61,-473.57
1973,maize,-588.5147,-474.0036,,,3280.0,0.0,-83.17,5517.9,-588.51,-474.0
1974,maize,-335.4814,-472.5516,,,3150.0,0.0,-47.41,6218.1,-335.48,-472.55
1975,maize,-478.8209,-471.8114,,,3040.0,0.0,-67.67,5380.7,-478.82,-471.81
1976,maize,-309.1932,-469.2283,,,2830.0,0.0,-43.69,5555.2,-309.19,-469.23
1977,maize,-291.2258,-465.9919,,,2960.0,0.0,-41.16,5939.1,-291.23,-465.99
1978,maize,-537.3382,-465.6134,,,3190.0,0.0,-75.94,5506.6,-537.34,-465.61
1979,maize,-430.4531,-465.7959,,,3110.0,0.0,-60.83,5742.2,-430.45,-465.8
1980,maize,-524.8774,-465.7556,,,3240.0,0.0,-74.18,5676.5,-524.88,-465.76
1981,maize,-433.8836,-466.9004,,,3090.0,0.0,-61.32,5680.5,-433.88,-466.9
1982,maize,-674.2036,-467.3336,,,3480.0,0.0,-95.28,5655.2,-674.2,-467.33
1983,maize,-208.2255,-468.1741,,,2840.0,0.0,-29.43,5983.1,-208.23,-468.17
1984,maize,-427.8324,-467.3957,,,3120.0,0.0,-60.46,5776.7,-427.83,-467.4
1985,maize,-280.4037,-462.6599,,,3060.0,0.0,-39.63,6222.4,-280.4,-462.66
1986,maize,-331.3112,-459.1525,,,3190.0,0.0,-46.82,6330.8,-331.31,-459.15
1987,maize,-134.989,-456.6669,,,3000.0,0.0,-19.08,6660.0,-134.99,-456.67
1988,maize,-342.6887,-453.8829,,,3060.0,0.0,-48.43,5973.2,-342.69,-453.88
1989,maize,-549.8769,-453.889,,,3390.0,0.0,-77.71,5936.5,-549.88,-453.89
1990,maize,-588.2403,-456.5274,,,3310.0,0.0,-83.13,5591.0,-588.24,-456.53
1991,maize,-654.6575,-458.9648,,,3490.0,0.0,-92.52,5757.4,-654.66,-458.96
1992,maize,-721.6219,-460.6906,,,3390.0,0.0,-101.98,5249.5,-721.62,-460.69
1993,maize,-670.6752,-463.3284,,,3450.0,0.0,-94.78,5597.3,-670.68,-463.33
1994,maize,-229.7565,-463.4462,,,3070.0,0.0,-32.47,6449.0,-229.76,-463.45
1995,maize,-395.1118,-463.328,,,3140.0,0.0,-55.84,5955.6,-395.11,-463.33
1996,maize,-598.491,-465.8121,,,3460.0,0.0,-84.58,5910.0,-598.49,-465.81
1997,maize,-380.9366,-463.4068,,,2970.0,0.0,-53.83,5604.3,-380.94,-463.41
1998,maize,-619.2892,-465.5335,,,3340.0,0.0,-87.52,5538.8,-619.29,-465.53
1999,maize,-691.8318,-466.7354,,,3410.0,0.0,-97.77,5416.7,-691.83,-466.74
2000,maize,-562.1558,-466.6477,,,3220.0,0.0,-79.44,5479.4,-562.16,-466.65
2001,maize,-425.4985,-464.5308,,,3230.0,0.0,-60.13,6050.0,-425.5,-464.53
2002,maize,-638.7993,-466.9935,,,3340.0,0.0,-90.27,5460.8,-638.8,-466.99
2003,maize,-677.9754,-468.5927,,,3360.0,0.0,-95.81,5352.1,-677.98,-468.59
2004,maize,-514.3945,-469.1767,,,3410.0,0.0,-72.69,6126.4,-514.39,-469.18
2005,maize,-393.0757,-464.9542,,,3060.0,0.0,-55.55,5771.7,-393.08,-464.95
2006,maize,-471.2335,-464.0528,,,3010.0,0.0,-66.59,5339.1,-471.23,-464.05
2007,maize,-565.1843,-461.5105,,,3380.0,0.0,-79.87,5851.3,-565.18,-461.51
2008,maize,-448.7875,-464.0717,,,3260.0,0.0,-63.42,6028.9,-448.79,-464.07
2009,maize,-474.027,-463.317,,,3170.0,0.0,-66.99,5711.9,-474.03,-463.32
2010,maize,-360.5055,-459.3357,,,3230.0,0.0,-50.95,6310.0,-360.51,-459.34
2011,maize,-346.5332,-455.9232,,,3120.0,0.0,-48.97,6101.9,-346.53,-455.92
2012,maize,-600.2831,-457.8697,,,3410.0,0.0,-84.83,5782.9,-600.28,-457.87
2013,maize,-633.3591,-460.6022,,,3440.0,0.0,-89.51,5722.6,-633.36,-460.6
2014,maize,-421.9002,-458.5543,,,3240.0,0.0,-59.62,6088.4,-421.9,-458.55
2015,maize,-522.2634,-458.9166,,,3320.0,0.0,-73.81,5878.9,-522.26,-458.92
2016,maize,-304.1728,-457.3196,,,2900.0,0.0,-42.99,5743.3,-304.17,-457.32
2017,maize,-769.6697,-458.2716,,,3540.0,0.0,-108.77,5417.3,-769.67,-458.27
2018,maize,-618.6881,-461.4704,,,3470.0,0.0,-87.43,5853.2,-618.69,-461.47
2019,maize,-338.4127,-460.343,,,3110.0,0.0,-47.82,6110.3,-338.41,-460.34
2020,maize,-219.1481,-456.8461,,,3000.0,0.0,-30.97,6323.4,-219.15,-456.85
2021,maize,-265.1316,-453.5703,,,2940.0,0.0,-37.47,5995.5,-265.13,-453.57
2022,maize,-510.9561,-454.5273,,,3320.0,0.0,-72.21,5924.2,-510.96,-454.53
2023,maize,-632.1691,-458.1872,,,3440.0,0.0,-89.34,5727.3,-632.17,-458.19
2024,maize,-409.2065,-457.3718,,,3190.0,0.0,-57.83,6019.2,-409.21,-457.37
2025,maize,-860.5746,-464.2253,,,3540.0,0.0,-121.62,5053.7,-860.57,-464.23
2026,maize,-710.5047,-468.2747,,,3460.0,0.0,-100.41,5462.0,-710.5,-468.27
2027,maize,-527.2211,-471.2414,,,3370.0,0.0,-74.51,5979.1,-527.22,-471.24
2028,maize,-476.0301,-471.1872,,,3260.0,0.0,-67.27,5919.9,-476.03,-471.19
2029,maize,-643.1536,-472.9175,,,3340.0,0.0,-90.89,5443.4,-643.15,-472.92
2030,maize,-321.5296,-474.3213,,,3040.0,0.0,-45.44,6009.9,-321.53,-474.32
2031,maize,-448.5395,-472.8683,,,3260.0,0.0,-63.39,6029.8,-448.54,-472.87
2032,maize,-448.0949,-473.4498,,,3260.0,0.0,-63.32,6031.6,-448.09,-473.45
2033,maize,-91.3085,-471.081,,,2870.0,0.0,-12.9,6522.8,-91.31,-471.08
2034,maize,-530.6857,-471.1465,,,3260.0,0.0,-75.0,5701.3,-530.69,-471.15
2035,maize,-391.0586,-468.1271,,,3190.0,0.0,-55.26,6091.8,-391.06,-468.13
2036,maize,-500.4214,-470.2069,,,3400.0,0.0,-70.72,6158.3,-500.42,-470.21
2037,maize,-748.5622,-472.9198,,,3540.0,0.0,-105.79,5501.8,-748.56,-472.92
2038,maize,-432.3536,-474.4507,,,3190.0,0.0,-61.1,5926.6,-432.35,-474.45
2039,maize,-435.2734,-470.4643,,,3100.0,0.0,-61.51,5698.9,-435.27,-470.46
2040,maize,-256.9714,-465.1931,,,3150.0,0.0,-36.31,6532.1,-256.97,-465.19
2041,maize,-599.1139,-465.9464,,,3400.0,0.0,-84.67,5763.5,-599.11,-465.95
2042,maize,-91.0616,-464.1541,,,2940.0,0.0,-12.87,6691.8,-91.06,-464.15
2043,maize,-315.4126,-464.2097,,,3070.0,0.0,-44.57,6106.3,-315.41,-464.21
2044,maize,-324.7889,-466.7748,,,3180.0,0.0,-45.9,6332.8,-324.79,-466.77
2045,maize,-673.8237,-470.4093,,,3580.0,0.0,-95.22,5896.7,-673.82,-470.41
2046,maize,-416.2503,-470.2628,,,3270.0,0.0,-58.82,6183.0,-416.25,-470.26
2047,maize,-233.2653,-466.3585,,,2990.0,0.0,-32.96,6242.9,-233.27,-466.36
2048,maize,-709.0472,-471.2443,,,3430.0,0.0,-100.2,5395.8,-709.05,-471.24
2049,maize,-603.2693,-474.8106,,,3380.0,0.0,-85.25,5698.9,-603.27,-474.81
2050,maize,-524.2876,-476.3438,,,3370.0,0.0,-74.09,5990.8,-524.29,-476.34
2051,maize,-474.4253,-475.4333,,,3110.0,0.0,-67.05,5566.3,-474.43,-475.43
2052,maize,-528.0824,-475.0156,,,3310.0,0.0,-74.63,5831.7,-528.08,-475.02
2053,maize,-418.3062,-473.9973,,,3390.0,0.0,-59.11,6462.8,-418.31,-474.0
2054,maize,-781.235,-471.1125,,,3560.0,0.0,-110.4,5419.1,-781.23,-471.11
2055,maize,-548.3449,-473.8187,,,3350.0,0.0,-77.49,5846.6,-548.34,-473.82
2056,maize,-691.4118,-475.2719,,,3490.0,0.0,-97.71,5610.4,-691.41,-475.27
2057,maize,-614.5552,-476.6751,,,3320.0,0.0,-86.85,5509.8,-614.56,-476.68
2058,maize,-250.9979,-473.7413,,,3130.0,0.0,-35.47,6508.0,-251.0,-473.74
2059,maize,-237.9846,-469.4771,,,3070.0,0.0,-33.63,6416.1,-237.98,-469.48
2060,maize,-403.2278,-469.7178,,,3130.0,0.0,-56.98,5899.1,-403.23,-469.72
2061,maize,-310.3963,-468.8762,,,3040.0,0.0,-43.86,6054.4,-310.4,-468.88
2062,maize,-559.4407,-466.7034,,,3340.0,0.0,-79.06,5778.2,-559.44,-466.7
2063,maize,-536.5483,-467.6192,,,3420.0,0.0,-75.82,6061.8,-536.55,-467.62
2064,maize,-531.3387,-470.0028,,,3160.0,0.0,-75.09,5458.6,-531.34,-470.0
2065,maize,-787.6941,-476.0044,,,3670.0,0.0,-111.32,5657.2,-787.69,-476.0
2066,maize,-72.9634,-472.7796,,,2920.0,0.0,-10.31,6716.1,-72.96,-472.78
2067,maize,-634.1583,-474.0917,,,3380.0,0.0,-89.62,5575.4,-634.16,-474.09
2068,maize,-523.5131,-477.1968,,,3240.0,0.0,-73.98,5681.9,-523.51,-477.2
2069,maize,-501.5178,-476.5114,,,3300.0,0.0,-70.87,5913.9,-501.52,-476.51
2070,maize,-971.046,-483.0852,,,3830.0,0.0,-137.23,5307.8,-971.05,-483.09
2071,maize,-444.3724,-482.2323,,,3180.0,0.0,-62.8,5854.5,-444.37,-482.23
2072,maize,-483.4991,-481.7112,,,3340.0,0.0,-68.33,6082.0,-483.5,-481.71
2073,maize,-401.4935,-479.841,,,3310.0,0.0,-56.74,6338.0,-401.49,-479.84
2074,maize,-697.6008,-483.4622,,,3380.0,0.0,-98.58,5321.6,-697.6,-483.46
2075,maize,-461.7368,-483.2914,,,3240.0,0.0,-65.25,5929.1,-461.74,-483.29
2076,maize,-463.2268,-484.8317,,,3270.0,0.0,-65.46,5995.1,-463.23,-484.83
2077,maize,-592.508,-487.8445,,,3420.0,0.0,-83.73,5838.0,-592.51,-487.84
2078,maize,-322.5645,-485.6968,,,3190.0,0.0,-45.58,6365.7,-322.56,-485.7
2079,maize,-451.127,-485.9035,,,3150.0,0.0,-63.75,5755.5,-451.13,-485.9
2080,maize,-306.9301,-483.7241,,,3290.0,0.0,-43.37,6668.3,-306.93,-483.72
2081,maize,-174.8854,-481.1341,,,3270.0,0.0,-24.71,7148.5,-174.89,-481.13
2082,maize,-586.6763,-480.2588,,,3410.0,0.0,-82.91,5837.3,-586.68,-480.26
2083,maize,-491.1768,-483.0883,,,3240.0,0.0,-69.41,5811.3,-491.18,-483.09
2084,maize,-441.1428,-483.2214,,,3210.0,0.0,-62.34,5939.4,-441.14,-483.22
2085,maize,-411.5416,-484.5328,,,3250.0,0.0,-58.16,6153.8,-411.54,-484.53
2086,maize,-775.4512,-488.9742,,,3700.0,0.0,-109.59,5778.2,-775.45,-488.97
2087,maize,-482.8279,-492.4526,,,3330.0,0.0,-68.23,6060.7,-482.83,-492.45
2088,maize,-486.0699,-493.8864,,,3230.0,0.0,-68.69,5807.7,-486.07,-493.89
2089,maize,-642.245,-494.8101,,,3300.0,0.0,-90.76,5351.0,-642.25,-494.81
2090,maize,-408.2209,-493.0099,,,3130.0,0.0,-57.69,5879.1,-408.22,-493.01
2091,maize,-387.14,-490.3347,,,3190.0,0.0,-54.71,6107.4,-387.14,-490.33
2092,maize,-229.2553,-485.4111,,,2990.0,0.0,-32.4,6259.0,-229.26,-485.41
2093,maize,-473.1837,-483.4361,,,3240.0,0.0,-66.87,5883.3,-473.18,-483.44
2094,maize,-193.6494,-483.0751,,,2900.0,0.0,-27.37,6185.4,-193.65,-483.08
2095,maize,-657.8333,-485.7023,,,3660.0,0.0,-92.96,6152.7,-657.83,-485.7
2096,maize,-407.3248,-483.7906,,,3010.0,0.0,-57.56,5594.7,-407.32,-483.79
2097,maize,-578.3278,-485.7645,,,3430.0,0.0,-81.73,5918.7,-578.33,-485.76
2098,maize,-141.562,-480.9873,,,3050.0,0.0,-20.01,6753.8,-141.56,-480.99
2099,maize,-731.4212,-481.3832,,,3580.0,0.0,-103.36,5666.3,-731.42,-481.38
2100,maize,-759.1407,-483.353,,,3610.0,0.0,-107.28,5627.4,-759.14,-483.35
2101,maize,-188.7172,-480.9852,,,2950.0,0.0,-26.67,6325.1,-188.72,-480.99
2102,maize,-580.8239,-480.4054,,,3260.0,0.0,-82.08,5500.7,-580.82,-480.41
2103,maize,-625.4535,-479.8802,,,3370.0,0.0,-88.39,5586.2,-625.45,-479.88
2104,maize,-317.1609,-477.9079,,,2960.0,0.0,-44.82,5835.4,-317.16,-477.91
2105,maize,-388.8286,-477.8654,,,3150.0,0.0,-54.95,6004.7,-388.83,-477.87
2106,maize,-451.9258,-477.6723,,,3050.0,0.0,-63.87,5512.3,-451.93,-477.67
2107,maize,-608.5047,-478.1055,,,3520.0,0.0,-85.99,6014.0,-608.5,-478.11
2108,maize,-599.9638,-479.6173,,,3430.0,0.0,-84.79,5832.1,-599.96,-479.62
2109,maize,-610.016,-480.9772,,,3460.0,0.0,-86.21,5863.9,-610.02,-480.98
2110,maize,-306.5261,-480.4374,,,2960.0,0.0,-43.32,5877.9,-306.53,-480.44
2111,maize,-247.4255,-479.4463,,,2960.0,0.0,-34.97,6114.3,-247.43,-479.45
2112,maize,-657.118,-480.0147,,,3340.0,0.0,-92.86,5387.5,-657.12,-480.01
2113,maize,-245.584,-476.1369,,,2940.0,0.0,-34.71,6073.7,-245.58,-476.14
2114,maize,-427.5858,-476.1938,,,3190.0,0.0,-60.43,5945.7,-427.59,-476.19
2115,maize,-183.8106,-472.8093,,,3000.0,0.0,-25.98,6464.8,-183.81,-472.81
2116,maize,-452.6425,-474.294,,,3330.0,0.0,-63.97,6181.4,-452.64,-474.29
2117,maize,-331.719,-469.9144,,,3010.0,0.0,-46.88,5897.1,-331.72,-469.91
2118,maize,-321.1705,-466.9393,,,3030.0,0.0,-45.39,5987.3,-321.17,-466.94
2119,maize,-315.9543,-466.7147,,,3070.0,0.0,-44.65,6104.2,-315.95,-466.71
2120,maize,-359.1694,-468.1149,,,2810.0,0.0,-50.76,5307.3,-359.17,-468.11
2121,maize,-433.5874,-469.7995,,,3260.0,0.0,-61.27,6089.7,-433.59,-469.8
2122,maize,-470.3433,-469.3933,,,3200.0,0.0,-66.47,5798.6,-470.34,-469.39
2123,maize,-418.135,-467.253,,,3160.0,0.0,-59.09,5911.5,-418.14,-467.25
2124,maize,-449.9214,-467.6601,,,3130.0,0.0,-63.58,5712.3,-449.92,-467.66
2125,maize,-539.3009,-464.4474,,,3260.0,0.0,-76.21,5666.8,-539.3,-464.45
2126,maize,-445.1459,-461.7938,,,3240.0,0.0,-62.91,5995.4,-445.15,-461.79
2127,maize,-211.8682,-458.6403,,,3140.0,0.0,-29.94,6688.5,-211.87,-458.64
2128,maize,-724.1405,-461.1214,,,3570.0,0.0,-102.33,5671.4,-724.14,-461.12
2129,maize,-123.6465,-455.9263,,,2910.0,0.0,-17.47,6489.4,-123.65,-455.93
2130,maize,-414.0523,-456.8515,,,3140.0,0.0,-58.51,5879.8,-414.05,-456.85
2131,maize,-369.1377,-456.0575,,,3250.0,0.0,-52.17,6323.4,-369.14,-456.06
2132,maize,-65.3427,-452.23,,,2920.0,0.0,-9.23,6746.6,-65.34,-452.23
2133,maize,-459.7901,-455.9148,,,3320.0,0.0,-64.98,6128.8,-459.79,-455.91
2134,maize,-84.1617,-451.4496,,,2950.0,0.0,-11.89,6743.4,-84.16,-451.45
2135,maize,-361.0642,-451.1496,,,3160.0,0.0,-51.03,6139.7,-361.06,-451.15
2136,maize,-157.1386,-447.7168,,,2980.0,0.0,-22.21,6523.4,-157.14,-447.72
2137,maize,-426.9286,-444.5005,,,3170.0,0.0,-60.33,5900.3,-426.93,-444.5
2138,maize,-395.2471,-444.1294,,,3440.0,0.0,-55.86,6675.0,-395.25,-444.13
2139,maize,-493.9086,-444.7158,,,3190.0,0.0,-69.8,5680.4,-493.91,-444.72
2140,maize,-182.859,-443.9746,,,2980.0,0.0,-25.84,6420.6,-182.86,-443.97
2141,maize,-350.0099,-441.4836,,,3130.0,0.0,-49.46,6112.0,-350.01,-441.48
2142,maize,-214.6679,-442.7197,,,3110.0,0.0,-30.34,6605.3,-214.67,-442.72
2143,maize,-614.3649,-445.7092,,,3430.0,0.0,-86.82,5774.5,-614.36,-445.71
2144,maize,-586.3399,-448.3247,,,3300.0,0.0,-82.86,5574.6,-586.34,-448.32
2145,maize,-623.6805,-447.8233,,,3380.0,0.0,-88.14,5617.3,-623.68,-447.82
2146,maize,-696.312,-450.6239,,,3590.0,0.0,-98.4,5830.8,-696.31,-450.62
2147,maize,85.8298,-447.4329,,,2710.0,0.0,12.13,6847.3,85.83,-447.43
2148,maize,-549.9775,-445.8422,,,3330.0,0.0,-77.72,5792.1,-549.98,-445.84
2149,maize,-156.8148,-441.3777,,,3120.0,0.0,-22.16,6860.7,-156.81,-441.38
2150,maize,-465.2951,-440.7878,,,3030.0,0.0,-65.75,5410.8,-465.3,-440.79
2151,maize,-490.5067,-440.9486,,,3200.0,0.0,-69.32,5718.0,-490.51,-440.95
2152,maize,-454.2821,-440.2106,,,3070.0,0.0,-64.2,5550.9,-454.28,-440.21
2153,maize,-615.479,-442.1823,,,3400.0,0.0,-86.98,5698.1,-615.48,-442.18
2154,maize,-528.3701,-439.6536,,,3260.0,0.0,-74.67,5710.5,-528.37,-439.65
2155,maize,-558.0685,-439.7509,,,3280.0,0.0,-78.87,5639.7,-558.07,-439.75
2156,maize,-191.2042,-434.7488,,,2960.0,0.0,-27.02,6339.2,-191.2,-434.75
2157,maize,-193.8737,-430.542,,,3060.0,0.0,-27.4,6568.5,-193.87,-430.54
2158,maize,-605.8633,-434.0906,,,3430.0,0.0,-85.62,5808.5,-605.86,-434.09
2159,maize,-425.796,-435.9688,,,3230.0,0.0,-60.17,6048.8,-425.8,-435.97
2160,maize,-515.4524,-437.091,,,3330.0,0.0,-72.84,5930.2,-515.45,-437.09
2161,maize,-329.6189,-437.2832,,,3160.0,0.0,-46.58,6265.5,-329.62,-437.28
2162,maize,-606.5511,-437.7543,,,3470.0,0.0,-85.72,5901.8,-606.55,-437.75
2163,maize,-462.199,-437.0108,,,3260.0,0.0,-65.32,5975.2,-462.2,-437.01
2164,maize,-294.9275,-434.6467,,,3130.0,0.0,-41.68,6332.3,-294.93,-434.65
2165,maize,-430.9991,-431.0798,,,3190.0,0.0,-60.91,5932.0,-431.0,-431.08
2166,maize,-544.7208,-435.7974,,,3300.0,0.0,-76.98,5741.1,-544.72,-435.8
2167,maize,-414.4514,-433.6003,,,3350.0,0.0,-58.57,6382.2,-414.45,-433.6
2168,maize,-312.7206,-431.4924,,,3110.0,0.0,-44.19,6213.1,-312.72,-431.49
2169,maize,-85.5627,-427.3328,,,2850.0,0.0,-12.09,6497.7,-85.56,-427.33
2170,maize,-500.0026,-422.6224,,,3300.0,0.0,-70.66,5920.0,-500.0,-422.62
2171,maize,-332.14,-421.5001,,,3150.0,0.0,-46.94,6231.4,-332.14,-421.5
2172,maize,-283.2624,-419.4977,,,2960.0,0.0,-40.03,5971.0,-283.26,-419.5
2173,maize,-597.2203,-421.455,,,3470.0,0.0,-84.4,5939.1,-597.22,-421.45
2174,maize,-285.3106,-417.3321,,,3130.0,0.0,-40.32,6370.8,-285.31,-417.33
2175,maize,-196.2919,-414.6776,,,3030.0,0.0,-27.74,6486.8,-196.29,-414.68
2176,maize,-887.9251,-418.9246,,,3670.0,0.0,-125.48,5256.3,-887.93,-418.92
2177,maize,-416.6455,-417.166,,,3130.0,0.0,-58.88,5845.4,-416.65,-417.17
2178,maize,-325.7302,-417.1976,,,3070.0,0.0,-46.03,6065.1,-325.73,-417.2
2179,maize,-721.859,-419.9049,,,3520.0,0.0,-102.01,5560.6,-721.86,-419.9
2180,maize,-613.7896,-422.9735,,,3470.0,0.0,-86.74,5872.8,-613.79,-422.97
2181,maize,-407.7635,-425.3023,,,3200.0,0.0,-57.62,6048.9,-407.76,-425.3
2182,maize,-395.2015,-423.3876,,,3160.0,0.0,-55.85,6003.2,-395.2,-423.39
2183,maize,-891.0573,-427.3864,,,3780.0,0.0,-125.92,5507.8,-891.06,-427.39
2184,maize,-724.304,-430.218,,,3150.0,0.0,-102.36,4662.8,-724.3,-430.22
2185,maize,-342.9182,-429.5317,,,3050.0,0.0,-48.46,5948.3,-342.92,-429.53
2186,maize,-202.099,-423.7982,,,3130.0,0.0,-28.56,6703.6,-202.1,-423.8
2187,maize,-708.3277,-426.0532,,,3420.0,0.0,-100.1,5374.7,-708.33,-426.05
2188,maize,-586.91,-427.0616,,,3510.0,0.0,-82.94,6076.4,-586.91,-427.06
2189,maize,-423.4196,-424.8734,,,3300.0,0.0,-59.84,6226.3,-423.42,-424.87
2190,maize,-474.4969,-425.5361,,,3420.0,0.0,-67.06,6310.0,-474.5,-425.54
2191,maize,-368.7603,-425.3523,,,3310.0,0.0,-52.11,6469.0,-368.76,-425.35
2192,maize,-312.3739,-426.1835,,,3140.0,0.0,-44.14,6286.5,-312.37,-426.18
2193,maize,-594.5283,-427.397,,,3330.0,0.0,-84.02,5613.9,-594.53,-427.4
2194,maize,-580.0726,-431.2612,,,3330.0,0.0,-81.98,5671.7,-580.07,-431.26
2195,maize,-708.5519,-431.7684,,,3450.0,0.0,-100.13,5445.8,-708.55,-431.77
2196,maize,-499.2824,-432.688,,,3270.0,0.0,-70.56,5850.9,-499.28,-432.69
2197,maize,-161.2545,-428.5172,,,3080.0,0.0,-22.79,6747.0,-161.25,-428.52
2198,maize,-510.9686,-432.2113,,,3330.0,0.0,-72.21,5948.1,-510.97,-432.21
2199,maize,-533.7209,-430.2343,,,3360.0,0.0,-75.42,5929.1,-533.72,-430.23
2200,maize,-502.9965,-427.6729,,,3250.0,0.0,-71.08,5788.0,-503.0,-427.67
2201,maize,-610.6731,-431.8924,,,3300.0,0.0,-86.3,5477.3,-610.67,-431.89
2202,maize,-45.0515,-426.5347,,,2810.0,0.0,-6.37,6563.8,-45.05,-426.53
2203,maize,-468.2441,-424.9626,,,3140.0,0.0,-66.17,5663.0,-468.24,-424.96
2204,maize,-237.2178,-424.1632,,,3110.0,0.0,-33.52,6515.1,-237.22,-424.16
2205,maize,-520.8326,-425.4832,,,3360.0,0.0,-73.6,5980.7,-520.83,-425.48
2206,maize,-381.6832,-424.7808,,,3150.0,0.0,-53.94,6033.3,-381.68,-424.78
2207,maize,-241.026,-421.106,,,2980.0,0.0,-34.06,6187.9,-241.03,-421.11
2208,maize,-433.7728,-419.4441,,,3140.0,0.0,-61.3,5800.9,-433.77,-419.44
2209,maize,-435.3091,-417.697,,,3200.0,0.0,-61.52,5938.8,-435.31,-417.7
2210,maize,-607.4629,-420.7064,,,3480.0,0.0,-85.85,5922.1,-607.46,-420.71
2211,maize,-704.7789,-425.2799,,,3570.0,0.0,-99.6,5748.9,-704.78,-425.28
2212,maize,-461.4973,-423.3237,,,3260.0,0.0,-65.22,5978.0,-461.5,-423.32
2213,maize,-555.6656,-426.4245,,,3200.0,0.0,-78.53,5457.3,-555.67,-426.42
2214,maize,-188.3471,-424.0321,,,3130.0,0.0,-26.62,6758.6,-188.35,-424.03
2215,maize,-626.5875,-428.4599,,,3560.0,0.0,-88.55,6037.7,-626.59,-428.46
2216,maize,-149.2247,-425.4257,,,3130.0,0.0,-21.09,6915.1,-149.22,-425.43
2217,maize,-442.5982,-426.5345,,,3180.0,0.0,-62.55,5861.6,-442.6,-426.53
2218,maize,-369.6288,-427.0191,,,3120.0,0.0,-52.24,6009.5,-369.63,-427.02
2219,maize,-629.3491,-430.153,,,3450.0,0.0,-88.94,5762.6,-629.35,-430.15
2220,maize,-451.2853,-431.0742,,,3170.0,0.0,-63.78,5802.9,-451.29,-431.07
2221,maize,-215.7596,-428.8959,,,2970.0,0.0,-30.49,6265.0,-215.76,-428.9
2222,maize,-481.008,-429.0026,,,3250.0,0.0,-67.98,5876.0,-481.01,-429.0
2223,maize,-429.2909,-429.1141,,,3300.0,0.0,-60.67,6202.8,-429.29,-429.11
2224,maize,-602.3705,-430.6386,,,3450.0,0.0,-85.13,5870.5,-602.37,-430.64
2225,maize,-381.2851,-429.0585,,,2920.0,0.0,-53.88,5482.9,-381.29,-429.06
2226,maize,-349.8854,-428.1059,,,3080.0,0.0,-49.45,5992.5,-349.89,-428.11
2227,maize,-355.4022,-429.5412,,,3230.0,0.0,-50.23,6330.4,-355.4,-429.54
2228,maize,-253.7312,-424.8371,,,3130.0,0.0,-35.86,6497.1,-253.73,-424.84
2229,maize,-479.1914,-428.3926,,,3100.0,0.0,-67.72,5523.2,-479.19,-428.39
2230,maize,-193.4817,-426.1868,,,3030.0,0.0,-27.34,6498.1,-193.48,-426.19
2231,maize,-804.0338,-430.5358,,,3460.0,0.0,-113.63,5087.9,-804.03,-430.54
2232,maize,-435.496,-434.2373,,,3260.0,0.0,-61.54,6082.0,-435.5,-434.24
2233,maize,-434.7935,-433.9874,,,3080.0,0.0,-61.44,5652.8,-434.79,-433.99
2234,maize,-548.7408,-438.6332,,,3360.0,0.0,-77.55,5869.0,-548.74,-438.63
2235,maize,-367.5164,-438.6977,,,3230.0,0.0,-51.94,6281.9,-367.52,-438.7
2236,maize,-328.6612,-440.4129,,,3000.0,0.0,-46.45,5885.4,-328.66,-440.41
2237,maize,-357.7384,-439.721,,,3210.0,0.0,-50.56,6273.0,-357.74,-439.72
2238,maize,-400.5188,-439.7737,,,3180.0,0.0,-56.6,6029.9,-400.52,-439.77
2239,maize,-475.6003,-439.5906,,,3200.0,0.0,-67.21,5777.6,-475.6,-439.59
2240,maize,-298.7328,-440.7494,,,3120.0,0.0,-42.22,6293.1,-298.73,-440.75
2241,maize,-162.4905,-438.8742,,,2900.0,0.0,-22.96,6310.0,-162.49,-438.87
2242,maize,-385.6717,-440.5842,,,3120.0,0.0,-54.5,5945.3,-385.67,-440.58
2243,maize,-502.8869,-439.4695,,,3340.0,0.0,-71.07,6004.5,-502.89,-439.47
2244,maize,-602.7368,-439.6334,,,3430.0,0.0,-85.18,5821.1,-602.74,-439.63
2245,maize,-15.7372,-433.554,,,2840.0,0.0,-2.22,6753.1,-15.74,-433.55
2246,maize,-378.3229,-430.3741,,,3230.0,0.0,-53.46,6238.7,-378.32,-430.37
2247,maize,-452.8176,-435.7606,,,3170.0,0.0,-63.99,5796.7,-452.82,-435.76
2248,maize,-419.2845,-434.4536,,,3360.0,0.0,-59.25,6386.9,-419.28,-434.45
2249,maize,-336.418,-436.2497,,,3230.0,0.0,-47.54,6406.3,-336.42,-436.25
2250,maize,-185.4555,-433.4513,,,3020.0,0.0,-26.21,6506.2,-185.46,-433.45
2251,maize,-627.7095,-434.8233,,,3380.0,0.0,-88.71,5601.2,-627.71,-434.82
2252,maize,-433.8945,-434.6194,,,3150.0,0.0,-61.32,5824.4,-433.89,-434.62
2253,maize,-365.1856,-432.1165,,,3140.0,0.0,-51.61,6075.3,-365.19,-432.12
2254,maize,-380.5452,-430.6382,,,2970.0,0.0,-53.78,5605.8,-380.55,-430.64
2255,maize,-281.0234,-427.8678,,,2930.0,0.0,-39.71,5907.9,-281.02,-427.87
2256,maize,-403.8203,-429.994,,,3180.0,0.0,-57.07,6016.7,-403.82,-429.99
2257,maize,-307.5392,-431.1306,,,3070.0,0.0,-43.46,6137.8,-307.54,-431.13
2258,maize,-489.3231,-429.9652,,,3200.0,0.0,-69.15,5722.7,-489.32,-429.97
2259,maize,-456.1301,-430.2685,,,3150.0,0.0,-64.46,5735.5,-456.13,-430.27
2260,maize,-249.6719,-427.6107,,,2960.0,0.0,-35.28,6105.3,-249.67,-427.61
2261,maize,-246.8526,-426.7831,,,3100.0,0.0,-34.88,6452.6,-246.85,-426.78
2262,maize,-592.6474,-426.644,,,3230.0,0.0,-83.75,5381.4,-592.65,-426.64
2263,maize,-593.6976,-427.959,,,3340.0,0.0,-83.9,5641.2,-593.7,-427.96
2264,maize,-456.8797,-429.5785,,,3280.0,0.0,-64.57,6044.5,-456.88,-429.58
2265,maize,-709.3466,-432.362,,,3310.0,0.0,-100.24,5106.6,-709.35,-432.36
2266,maize,-430.2117,-431.2169,,,3190.0,0.0,-60.8,5935.2,-430.21,-431.22
2267,maize,-501.3532,-432.086,,,3270.0,0.0,-70.85,5842.6,-501.35,-432.09
2268,maize,-889.1689,-437.8504,,,3750.0,0.0,-125.66,5443.3,-889.17,-437.85
2269,maize,-361.7611,-440.6124,,,3090.0,0.0,-51.12,5969.0,-361.76,-440.61
2270,maize,-475.1941,-440.3643,,,3150.0,0.0,-67.15,5659.2,-475.19,-440.36
2271,maize,-439.0486,-441.4334,,,3170.0,0.0,-62.05,5851.8,-439.05,-441.43
2272,maize,-392.385,-442.5246,,,3060.0,0.0,-55.45,5774.5,-392.39,-442.52
2273,maize,-454.7879,-441.1003,,,3230.0,0.0,-64.27,5932.8,-454.79,-441.1
2274,maize,-491.0034,-443.1572,,,3170.0,0.0,-69.39,5644.0,-491.0,-443.16
2275,maize,-348.3522,-444.6778,,,3200.0,0.0,-49.23,6286.6,-348.35,-444.68
2276,maize,-370.0532,-439.4991,,,3190.0,0.0,-52.3,6175.8,-370.05,-439.5
2277,maize,-337.9258,-438.7119,,,3170.0,0.0,-47.76,6256.3,-337.93,-438.71
2278,maize,-298.2209,-438.4368,,,3230.0,0.0,-42.14,6559.1,-298.22,-438.44
2279,maize,-293.3177,-434.1514,,,3020.0,0.0,-41.45,6074.7,-293.32,-434.15
2280,maize,-723.0069,-435.2436,,,3550.0,0.0,-102.17,5628.0,-723.01,-435.24
2281,maize,-106.7903,-432.2339,,,2830.0,0.0,-15.09,6364.8,-106.79,-432.23
2282,maize,-970.6738,-437.9886,,,3700.0,0.0,-137.17,4997.3,-970.67,-437.99
2283,maize,-350.5583,-432.5836,,,3020.0,0.0,-49.54,5845.8,-350.56,-432.58
2284,maize,-322.977,-428.5703,,,3180.0,0.0,-45.64,6340.1,-322.98,-428.57
2285,maize,-225.7104,-427.3983,,,2980.0,0.0,-31.9,6249.2,-225.71,-427.4
2286,maize,-406.2521,-429.4398,,,3150.0,0.0,-57.41,5935.0,-406.25,-429.44
2287,maize,-437.3641,-426.7302,,,3110.0,0.0,-61.81,5714.5,-437.36,-426.73
2288,maize,-542.4265,-426.2853,,,3220.0,0.0,-76.66,5558.3,-542.43,-426.29
2289,maize,-338.8569,-425.4397,,,3190.0,0.0,-47.89,6300.6,-338.86,-425.44
2290,maize,-746.8164,-428.1629,,,3500.0,0.0,-105.54,5412.7,-746.82,-428.16
2291,maize,-474.1727,-429.217,,,3200.0,0.0,-67.01,5783.3,-474.17,-429.22
2292,maize,-591.4478,-432.0077,,,3400.0,0.0,-83.58,5794.2,-591.45,-432.01
2293,maize,-462.2857,-430.6853,,,3310.0,0.0,-65.33,6094.9,-462.29,-430.69
2294,maize,-375.0308,-428.6349,,,3200.0,0.0,-53.0,6179.9,-375.03,-428.63
2295,maize,-640.1963,-427.9513,,,3410.0,0.0,-90.47,5623.2,-640.2,-427.95
2296,maize,-371.5239,-426.6738,,,3150.0,0.0,-52.5,6073.9,-371.52,-426.67
2297,maize,-345.2139,-428.5134,,,3230.0,0.0,-48.79,6371.1,-345.21,-428.51
2298,maize,-381.0282,-427.2139,,,3090.0,0.0,-53.85,5891.9,-381.03,-427.21
2299,maize,-706.8216,-428.945,,,3630.0,0.0,-99.89,5884.7,-706.82,-428.94
2300,maize,-430.2795,-428.2178,,,3180.0,0.0,-60.81,5910.9,-430.28,-428.22
2301,maize,-629.5858,-428.4069,,,3420.0,0.0,-88.97,5689.7,-629.59,-428.41
2302,maize,-502.9471,-432.9859,,,3340.0,0.0,-71.08,6004.2,-502.95,-432.99
2303,maize,-381.7484,-432.1209,,,3140.0,0.0,-53.95,6009.0,-381.75,-432.12
2304,maize,-569.1559,-435.4403,,,3290.0,0.0,-80.43,5619.4,-569.16,-435.44
2305,maize,-497.6983,-435.2089,,,3390.0,0.0,-70.33,6145.2,-497.7,-435.21
2306,maize,-325.3044,-434.6452,,,3230.0,0.0,-45.97,6450.8,-325.3,-434.65
2307,maize,-267.5569,-434.9105,,,3120.0,0.0,-37.81,6417.8,-267.56,-434.91
2308,maize,-405.7102,-434.6298,,,3320.0,0.0,-57.33,6345.2,-405.71,-434.63
2309,maize,-442.0013,-434.6968,,,3000.0,0.0,-62.46,5432.0,-442.0,-434.7
2310,maize,-609.7877,-434.72,,,3160.0,0.0,-86.17,5144.8,-609.79,-434.72
2311,maize,-279.1846,-430.4641,,,2890.0,0.0,-39.45,5819.3,-279.18,-430.46
2312,maize,-542.778,-431.2769,,,3160.0,0.0,-76.7,5412.9,-542.78,-431.28
2313,maize,-477.1735,-430.492,,,3140.0,0.0,-67.43,5627.3,-477.17,-430.49
2314,maize,-587.6358,-434.4848,,,3480.0,0.0,-83.04,6001.5,-587.64,-434.48
2315,maize,-377.7188,-431.9962,,,3260.0,0.0,-53.38,6313.1,-377.72,-432.0
2316,maize,-532.6565,-435.8305,,,3160.0,0.0,-75.27,5453.4,-532.66,-435.83
2317,maize,-480.9845,-436.2143,,,3180.0,0.0,-67.97,5708.1,-480.98,-436.21
2318,maize,-267.6263,-435.1943,,,3030.0,0.0,-37.82,6201.5,-267.63,-435.19
2319,maize,-427.588,-433.1767,,,3190.0,0.0,-60.43,5945.6,-427.59,-433.18
2320,maize,-681.2087,-435.4759,,,3460.0,0.0,-96.27,5579.2,-681.21,-435.48
2321,maize,-628.199,-439.6003,,,3600.0,0.0,-88.78,6127.2,-628.2,-439.6
2322,maize,-311.9562,-437.9098,,,3020.0,0.0,-44.09,6000.2,-311.96,-437.91
2323,maize,-401.0613,-437.6275,,,3120.0,0.0,-56.68,5883.8,-401.06,-437.63
2324,maize,-808.986,-439.6937,,,3510.0,0.0,-114.32,5188.1,-808.99,-439.69
2325,maize,-209.3136,-437.974,,,2990.0,0.0,-29.58,6338.7,-209.31,-437.97
2326,maize,-592.6241,-440.4013,,,3400.0,0.0,-83.75,5789.5,-592.62,-440.4
2327,maize,-463.01,-441.4774,,,3170.0,0.0,-65.43,5756.0,-463.01,-441.48
2328,maize,-609.85,-445.0386,,,3520.0,0.0,-86.18,6008.6,-609.85,-445.04
2329,maize,-538.5901,-445.6326,,,3180.0,0.0,-76.11,5477.6,-538.59,-445.63
2330,maize,-405.0062,-447.7478,,,3240.0,0.0,-57.23,6156.0,-405.01,-447.75
2331,maize,-394.54,-443.6529,,,3190.0,0.0,-55.76,6077.8,-394.54,-443.65
2332,maize,-391.1756,-443.2097,,,3140.0,0.0,-55.28,5971.3,-391.18,-443.21
2333,maize,-439.3943,-443.2557,,,3310.0,0.0,-62.09,6186.4,-439.39,-443.26
2334,maize,-641.5436,-444.1837,,,3520.0,0.0,-90.66,5881.8,-641.54,-444.18
2335,maize,-501.2653,-445.5212,,,3200.0,0.0,-70.84,5674.9,-501.27,-445.52
2336,maize,-150.9805,-443.7444,,,2850.0,0.0,-21.34,6236.1,-150.98,-443.74
2337,maize,-239.7461,-442.5645,,,3020.0,0.0,-33.88,6289.0,-239.75,-442.56
2338,maize,-555.2874,-444.1122,,,3330.0,0.0,-78.47,5770.9,-555.29,-444.11
2339,maize,-452.1375,-443.8776,,,3210.0,0.0,-63.9,5895.4,-452.14,-443.88
2340,maize,-648.5616,-447.3758,,,3390.0,0.0,-91.65,5541.8,-648.56,-447.38
2341,maize,-219.2306,-447.9432,,,2890.0,0.0,-30.98,6059.1,-219.23,-447.94
2342,maize,-413.1015,-448.2175,,,3050.0,0.0,-58.38,5667.6,-413.1,-448.22
2343,maize,-645.0414,-449.6391,,,3400.0,0.0,-91.16,5579.8,-645.04,-449.64
2344,maize,-323.9812,-446.8515,,,3170.0,0.0,-45.78,6312.1,-323.98,-446.85
2345,maize,-565.0161,-452.3443,,,3470.0,0.0,-79.85,6067.9,-565.02,-452.34
2346,maize,-461.5353,-453.1764,,,3280.0,0.0,-65.22,6025.9,-461.54,-453.18
2347,maize,-498.2609,-453.6309,,,3160.0,0.0,-70.41,5591.0,-498.26,-453.63
2348,maize,-300.4834,-452.4429,,,3070.0,0.0,-42.46,6166.1,-300.48,-452.44
2349,maize,-476.2936,-453.8416,,,3250.0,0.0,-67.31,5894.8,-476.29,-453.84
2350,maize,-389.8908,-455.886,,,3110.0,0.0,-55.1,5904.4,-389.89,-455.89
2351,maize,-542.0797,-455.0297,,,3330.0,0.0,-76.61,5823.7,-542.08,-455.03
2352,maize,-305.7852,-453.7486,,,3130.0,0.0,-43.21,6288.9,-305.79,-453.75
2353,maize,-607.4091,-456.1708,,,3360.0,0.0,-85.84,5634.4,-607.41,-456.17
2354,maize,-544.4947,-457.8103,,,3320.0,0.0,-76.95,5790.0,-544.49,-457.81
2355,maize,-801.7276,-463.0174,,,3570.0,0.0,-113.3,5361.1,-801.73,-463.02
2356,maize,-486.321,-463.8424,,,3240.0,0.0,-68.73,5830.7,-486.32,-463.84
2357,maize,-287.639,-463.6434,,,3100.0,0.0,-40.65,6289.4,-287.64,-463.64
2358,maize,-339.9558,-462.1497,,,2920.0,0.0,-48.04,5648.2,-339.96,-462.15
2359,maize,-467.2921,-462.2613,,,3380.0,0.0,-66.04,6242.8,-467.29,-462.26
2360,maize,-254.725,-462.3118,,,3200.0,0.0,-36.0,6661.1,-254.73,-462.31
2361,maize,-428.759,-464.1309,,,3150.0,0.0,-60.59,5845.0,-428.76,-464.13
2362,maize,-524.1909,-463.4463,,,3230.0,0.0,-74.08,5655.2,-524.19,-463.45
2363,maize,-630.2792,-463.8122,,,3450.0,0.0,-89.07,5758.9,-630.28,-463.81
2364,maize,-363.2148,-462.8755,,,3180.0,0.0,-51.33,6179.1,-363.21,-462.88
2365,maize,-394.1652,-459.7237,,,3100.0,0.0,-55.7,5863.3,-394.17,-459.72
2366,maize,-499.6249,-460.4178,,,3330.0,0.0,-70.61,5993.5,-499.62,-460.42
2367,maize,-598.1897,-461.3862,,,3350.0,0.0,-84.54,5647.2,-598.19,-461.39
2368,maize,-432.9442,-456.8239,,,3320.0,0.0,-61.18,6236.2,-432.94,-456.82
2369,maize,-452.0056,-457.7264,,,3150.0,0.0,-63.88,5752.0,-452.01,-457.73
2370,maize,-215.1063,-455.1255,,,3030.0,0.0,-30.4,6411.6,-215.11,-455.13
2371,maize,-301.5307,-453.7503,,,3190.0,0.0,-42.61,6449.9,-301.53,-453.75
2372,maize,-518.9199,-455.0157,,,3410.0,0.0,-73.33,6108.3,-518.92,-455.02
2373,maize,-580.2328,-456.2701,,,3430.0,0.0,-82.0,5911.1,-580.23,-456.27
2374,maize,-443.0768,-455.7909,,,3390.0,0.0,-62.62,6363.7,-443.08,-455.79
2375,maize,-511.1927,-457.4193,,,3280.0,0.0,-72.24,5827.2,-511.19,-457.42
2376,maize,-588.4097,-459.6028,,,3280.0,0.0,-83.15,5518.4,-588.41,-459.6
2377,maize,-539.9058,-461.6226,,,3530.0,0.0,-76.3,6312.4,-539.91,-461.62
2378,maize,-587.3295,-464.5137,,,3340.0,0.0,-83.0,5666.7,-587.33,-464.51
2379,maize,-436.153,-465.9421,,,3140.0,0.0,-61.64,5791.4,-436.15,-465.94
2380,maize,-454.2258,-463.2543,,,3290.0,0.0,-64.19,6079.1,-454.23,-463.25
2381,maize,-662.2296,-468.8087,,,3230.0,0.0,-93.59,5103.1,-662.23,-468.81
2382,maize,-516.5312,-464.2672,,,3380.0,0.0,-73.0,6045.9,-516.53,-464.27
2383,maize,-818.5869,-468.9475,,,3480.0,0.0,-115.68,5077.7,-818.59,-468.95
2384,maize,-372.4935,-469.4427,,,3220.0,0.0,-52.64,6238.0,-372.49,-469.44
2385,maize,-509.0973,-472.2765,,,3280.0,0.0,-71.95,5835.6,-509.1,-472.28
2386,maize,-193.074,-470.1448,,,3030.0,0.0,-27.28,6499.7,-193.07,-470.14
2387,maize,-340.1936,-469.1731,,,3110.0,0.0,-48.08,6103.2,-340.19,-469.17
2388,maize,-138.0452,-465.1292,,,3100.0,0.0,-19.51,6887.8,-138.05,-465.13
2389,maize,-577.9822,-467.5205,,,3150.0,0.0,-81.68,5248.1,-577.98,-467.52
2390,maize,-428.3313,-464.3357,,,3250.0,0.0,-60.53,6086.7,-428.33,-464.34
2391,maize,-520.8792,-464.8027,,,3320.0,0.0,-73.61,5884.5,-520.88,-464.8
2392,maize,-510.9214,-463.9975,,,3240.0,0.0,-72.2,5732.3,-510.92,-464.0
2393,maize,-511.8658,-464.4933,,,3200.0,0.0,-72.34,5632.5,-511.87,-464.49
2394,maize,-628.37,-467.0266,,,3280.0,0.0,-88.8,5358.5,-628.37,-467.03
2395,maize,-360.6304,-464.231,,,3240.0,0.0,-50.96,6333.5,-360.63,-464.23
2396,maize,-201.1049,-462.5268,,,2990.0,0.0,-28.42,6371.6,-201.1,-462.53
2397,maize,-223.0649,-461.3053,,,3050.0,0.0,-31.52,6427.7,-223.06,-461.31
2398,maize,-360.2295,-461.0973,,,3180.0,0.0,-50.91,6191.1,-360.23,-461.1
2399,maize,-604.9699,-460.0788,,,3280.0,0.0,-85.49,5452.1,-604.97,-460.08
2400,maize,-380.2336,-459.5783,,,3150.0,0.0,-53.73,6039.1,-380.23,-459.58
2401,maize,-760.218,-460.8847,,,3460.0,0.0,-107.43,5263.1,-760.22,-460.88
2402,maize,-718.1399,-463.0366,,,3560.0,0.0,-101.49,5671.4,-718.14,-463.04
2403,maize,-526.9149,-464.4883,,,3260.0,0.0,-74.46,5716.3,-526.91,-464.49
2404,maize,-282.2665,-461.6194,,,3080.0,0.0,-39.89,6262.9,-282.27,-461.62
2405,maize,-560.2846,-462.2452,,,3400.0,0.0,-79.18,5918.9,-560.28,-462.25
2406,maize,-610.0536,-465.0927,,,3270.0,0.0,-86.21,5407.8,-610.05,-465.09
2407,maize,-796.4654,-470.3818,,,3710.0,0.0,-112.56,5718.1,-796.47,-470.38
2408,maize,-513.298,-471.4577,,,3350.0,0.0,-72.54,5986.8,-513.3,-471.46
2409,maize,-447.9887,-471.5176,,,3160.0,0.0,-63.31,5792.0,-447.99,-471.52
2410,maize,-735.8112,-472.7778,,,3600.0,0.0,-103.98,5696.8,-735.81,-472.78
2411,maize,-344.2628,-473.4286,,,3050.0,0.0,-48.65,5942.9,-344.26,-473.43
2412,maize,-461.7494,-472.6183,,,3260.0,0.0,-65.25,5977.0,-461.75,-472.62
2413,maize,-330.8706,-471.1553,,,3090.0,0.0,-46.76,6092.5,-330.87,-471.16
2414,maize,-563.9599,-470.9185,,,3340.0,0.0,-79.7,5760.2,-563.96,-470.92
2415,maize,-576.7651,-472.909,,,3450.0,0.0,-81.51,5972.9,-576.77,-472.91
2416,maize,-205.03,-469.6327,,,3040.0,0.0,-28.97,6475.9,-205.03,-469.63
2417,maize,-497.2062,-469.7949,,,3260.0,0.0,-70.26,5835.2,-497.21,-469.79
2418,maize,-638.7844,-473.5065,,,3520.0,0.0,-90.27,5892.9,-638.78,-473.51
2419,maize,-448.1881,-473.7125,,,3260.0,0.0,-63.34,6031.2,-448.19,-473.71
2420,maize,-307.9773,-469.9802,,,3000.0,0.0,-43.52,5968.1,-307.98,-469.98
2421,maize,-399.9375,-467.6976,,,3060.0,0.0,-56.52,5744.2,-399.94,-467.7
2422,maize,-252.4859,-467.1029,,,3010.0,0.0,-35.68,6214.1,-252.49,-467.1
2423,maize,-296.7151,-466.0594,,,3230.0,0.0,-41.93,6565.1,-296.72,-466.06
2424,maize,-346.0672,-461.4302,,,3120.0,0.0,-48.91,6103.7,-346.07,-461.43
2425,maize,-537.3783,-464.7109,,,3000.0,0.0,-75.94,5050.5,-537.38,-464.71
2426,maize,-547.5531,-464.2602,,,3420.0,0.0,-77.38,6017.8,-547.55,-464.26
2427,maize,-565.9812,-465.2899,,,3390.0,0.0,-79.98,5872.1,-565.98,-465.29
2428,maize,-515.1525,-464.3429,,,3270.0,0.0,-72.8,5787.4,-515.15,-464.34
2429,maize,-388.3431,-462.8404,,,3160.0,0.0,-54.88,6030.6,-388.34,-462.84
2430,maize,-662.9147,-465.4195,,,3530.0,0.0,-93.68,5820.3,-662.91,-465.42
2431,maize,-576.7881,-467.242,,,3220.0,0.0,-81.51,5420.8,-576.79,-467.24
2432,maize,-257.2245,-465.9025,,,2990.0,0.0,-36.35,6147.1,-257.22,-465.9
2433,maize,-629.6359,-467.8049,,,3400.0,0.0,-88.98,5641.5,-629.64,-467.8
2434,maize,-725.5567,-468.645,,,3490.0,0.0,-102.53,5473.8,-725.56,-468.65
2435,maize,-71.0942,-464.3433,,,2770.0,0.0,-10.05,6363.6,-71.09,-464.34
2436,maize,-436.5814,-467.1993,,,3130.0,0.0,-61.7,5765.7,-436.58,-467.2
2437,maize,-199.7257,-466.7991,,,2870.0,0.0,-28.22,6089.1,-199.73,-466.8
2438,maize,-615.2887,-467.3991,,,3470.0,0.0,-86.95,5866.8,-615.29,-467.4
2439,maize,-331.9528,-466.1973,,,3250.0,0.0,-46.91,6472.2,-331.95,-466.2
2440,maize,-325.5065,-462.9667,,,3120.0,0.0,-46.0,6186.0,-325.51,-462.97
2441,maize,-347.6932,-464.2514,,,3240.0,0.0,-49.14,6385.2,-347.69,-464.25
2442,maize,-305.4363,-463.1747,,,3070.0,0.0,-43.16,6146.3,-305.44,-463.17
2443,maize,-303.1568,-459.7559,,,3160.0,0.0,-42.84,6371.4,-303.16,-459.76
2444,maize,-220.6628,-458.7227,,,2910.0,0.0,-31.18,6101.3,-220.66,-458.72
2445,maize,-315.2213,-456.2247,,,3090.0,0.0,-44.55,6155.1,-315.22,-456.22
2446,maize,-562.1206,-457.2306,,,3460.0,0.0,-79.44,6055.5,-562.12,-457.23
2447,maize,-312.9772,-455.3777,,,3090.0,0.0,-44.23,6164.1,-312.98,-455.38
2448,maize,-445.8461,-456.8314,,,3250.0,0.0,-63.01,6016.6,-445.85,-456.83
2449,maize,-506.1511,-457.1299,,,3250.0,0.0,-71.53,5775.4,-506.15,-457.13
2450,maize,-329.1811,-456.5228,,,2920.0,0.0,-46.52,5691.3,-329.18,-456.52
2451,maize,-376.7815,-454.8699,,,3040.0,0.0,-53.25,5788.9,-376.78,-454.87
2452,maize,-190.081,-453.7128,,,2980.0,0.0,-26.86,6391.7,-190.08,-453.71
2453,maize,-653.9071,-454.1778,,,3490.0,0.0,-92.41,5760.4,-653.91,-454.18
2454,maize,-786.9821,-456.6027,,,3440.0,0.0,-111.22,5108.1,-786.98,-456.6
2455,maize,-669.7216,-455.2826,,,3520.0,0.0,-94.64,5769.1,-669.72,-455.28
2456,maize,-454.1764,-454.9612,,,3360.0,0.0,-64.18,6247.3,-454.18,-454.96
2457,maize,-429.153,-456.3763,,,3240.0,0.0,-60.65,6059.4,-429.15,-456.38
2458,maize,-477.5753,-457.7525,,,3230.0,0.0,-67.49,5841.7,-477.58,-457.75
2459,maize,-321.0102,-456.2897,,,3120.0,0.0,-45.36,6204.0,-321.01,-456.29
2460,maize,-112.171,-454.8641,,,2950.0,0.0,-15.85,6631.3,-112.17,-454.86
2461,maize,-659.3605,-457.1702,,,3530.0,0.0,-93.18,5834.6,-659.36,-457.17
2462,maize,-492.4698,-456.853,,,3390.0,0.0,-69.6,6166.1,-492.47,-456.85
2463,maize,-590.7715,-456.4579,,,3400.0,0.0,-83.49,5796.9,-590.77,-456.46
2464,maize,-402.982,-456.8555,,,3100.0,0.0,-56.95,5828.1,-402.98,-456.86
2465,maize,-663.1732,-459.5456,,,3370.0,0.0,-93.72,5435.3,-663.17,-459.55
2466,maize,-469.4775,-459.2442,,,3230.0,0.0,-66.35,5874.1,-469.48,-459.24
2467,maize,-314.3479,-456.4057,,,3120.0,0.0,-44.42,6230.6,-314.35,-456.41
2468,maize,-570.841,-457.7847,,,3340.0,0.0,-80.67,5732.6,-570.84,-457.78
2469,maize,-405.5203,-457.3198,,,3180.0,0.0,-57.31,6009.9,-405.52,-457.32
2470,maize,-433.8867,-459.5077,,,3170.0,0.0,-61.32,5872.5,-433.89,-459.51
2471,maize,-542.5429,-461.9178,,,3240.0,0.0,-76.67,5605.8,-542.54,-461.92
2472,maize,-498.1266,-461.7098,,,3290.0,0.0,-70.39,5903.5,-498.13,-461.71
2473,maize,-513.8161,-461.0457,,,3320.0,0.0,-72.61,5912.7,-513.82,-461.05
2474,maize,-28.259,-456.8975,,,3000.0,0.0,-3.99,7087.0,-28.26,-456.9
2475,maize,-381.2029,-455.5976,,,3020.0,0.0,-53.87,5723.2,-381.2,-455.6
2476,maize,-490.7251,-454.6208,,,3220.0,0.0,-69.35,5765.1,-490.73,-454.62
2477,maize,-398.5219,-453.2069,,,3080.0,0.0,-56.32,5797.9,-398.52,-453.21
2478,maize,-536.6048,-452.6997,,,3270.0,0.0,-75.83,5701.6,-536.6,-452.7
2479,maize,-641.0525,-454.7487,,,3260.0,0.0,-90.59,5259.8,-641.05,-454.75
2480,maize,-249.2135,-452.6985,,,3040.0,0.0,-35.22,6299.1,-249.21,-452.7
2481,maize,-405.2239,-450.1285,,,3010.0,0.0,-57.27,5603.1,-405.22,-450.13
2482,maize,-565.2651,-450.6158,,,3210.0,0.0,-79.88,5442.9,-565.27,-450.62
2483,maize,-412.315,-446.5531,,,3240.0,0.0,-58.27,6126.7,-412.31,-446.55
2484,maize,-650.4845,-449.333,,,3420.0,0.0,-91.93,5606.1,-650.48,-449.33
2485,maize,-377.4508,-448.0165,,,3190.0,0.0,-53.34,6146.2,-377.45,-448.02
2486,maize,-613.544,-452.2212,,,3550.0,0.0,-86.71,6065.8,-613.54,-452.22
2487,maize,-516.5562,-453.9849,,,3160.0,0.0,-73.0,5517.8,-516.56,-453.98
2488,maize,-643.7817,-459.0422,,,3150.0,0.0,-90.98,4984.9,-643.78,-459.04
2489,maize,-799.2985,-461.2554,,,3660.0,0.0,-112.96,5586.8,-799.3,-461.26
2490,maize,-569.9489,-462.6716,,,3370.0,0.0,-80.54,5808.2,-569.95,-462.67
2491,maize,-759.682,-465.0596,,,3570.0,0.0,-107.36,5529.3,-759.68,-465.06
2492,maize,-261.7124,-462.5675,,,2890.0,0.0,-36.98,5889.2,-261.71,-462.57
2493,maize,-5.3785,-457.5026,,,2880.0,0.0,-0.76,6890.5,-5.38,-457.5
2494,maize,-608.4767,-457.3037,,,3170.0,0.0,-85.99,5174.1,-608.48,-457.3
2495,maize,-517.2776,-458.8702,,,3170.0,0.0,-73.1,5538.9,-517.28,-458.87
2496,maize,-292.653,-459.7857,,,3140.0,0.0,-41.36,6365.4,-292.65,-459.79
2497,maize,-495.5981,-462.511,,,3440.0,0.0,-70.04,6273.6,-495.6,-462.51
2498,maize,-603.1926,-464.9406,,,3330.0,0.0,-85.24,5579.2,-603.19,-464.94
2499,maize,-534.547,-464.2364,,,3320.0,0.0,-75.54,5829.8,-534.55,-464.24
2500,maize,-605.0786,-466.4848,,,3430.0,0.0,-85.51,5811.7,-605.08,-466.48
2501,maize,-157.1472,-460.4541,,,2960.0,0.0,-22.21,6475.4,-157.15,-460.45
2502,maize,-346.3123,-456.7359,,,2990.0,0.0,-48.94,5790.8,-346.31,-456.74
2503,maize,-378.0037,-455.2467,,,3130.0,0.0,-53.42,6000.0,-378.0,-455.25
2504,maize,-360.71,-456.0312,,,3130.0,0.0,-50.98,6069.2,-360.71,-456.03
2505,maize,-628.688,-456.7152,,,3280.0,0.0,-88.85,5357.2,-628.69,-456.72
2506,maize,-214.9229,-452.7639,,,2940.0,0.0,-30.37,6196.3,-214.92,-452.76
2507,maize,-427.7516,-449.0768,,,3150.0,0.0,-60.45,5849.0,-427.75,-449.08
2508,maize,-367.4118,-447.6179,,,3120.0,0.0,-51.92,6018.4,-367.41,-447.62
2509,maize,-431.1474,-447.4495,,,3140.0,0.0,-60.93,5811.4,-431.15,-447.45
2510,maize,-686.5988,-446.9574,,,3360.0,0.0,-97.03,5317.6,-686.6,-446.96
2511,maize,-302.8282,-446.543,,,2980.0,0.0,-42.8,5940.7,-302.83,-446.54
2512,maize,-668.971,-448.6152,,,3640.0,0.0,-94.54,6060.1,-668.97,-448.62
2513,maize,-591.2529,-451.2191,,,3330.0,0.0,-83.56,5627.0,-591.25,-451.22
2514,maize,-483.8425,-450.4179,,,3300.0,0.0,-68.38,5984.6,-483.84,-450.42
2515,maize,-639.5907,-451.0461,,,3180.0,0.0,-90.39,5073.6,-639.59,-451.05
2516,maize,-493.8823,-453.9347,,,3180.0,0.0,-69.79,5656.5,-493.88,-453.93
2517,maize,-550.5641,-454.4682,,,3420.0,0.0,-77.81,6005.7,-550.56,-454.47
2518,maize,-228.762,-450.368,,,3140.0,0.0,-32.33,6621.0,-228.76,-450.37
2519,maize,-93.1169,-446.8173,,,2870.0,0.0,-13.16,6515.5,-93.12,-446.82
2520,maize,-520.5653,-448.9432,,,3300.0,0.0,-73.57,5837.7,-520.57,-448.94
2521,maize,-385.81,-448.8019,,,3220.0,0.0,-54.52,6184.8,-385.81,-448.8
2522,maize,-731.5451,-453.5925,,,3420.0,0.0,-103.38,5281.8,-731.55,-453.59
2523,maize,-571.9703,-456.3451,,,3310.0,0.0,-80.83,5656.1,-571.97,-456.35
2524,maize,-383.3413,-456.7178,,,3140.0,0.0,-54.17,6002.6,-383.34,-456.72
2525,maize,-271.6801,-454.0608,,,3240.0,0.0,-38.39,6689.3,-271.68,-454.06
2526,maize,-444.101,-453.0263,,,3200.0,0.0,-62.76,5903.6,-444.1,-453.03
2527,maize,-56.5471,-447.932,,,2840.0,0.0,-7.99,6589.8,-56.55,-447.93
2528,maize,-440.1886,-447.1823,,,3220.0,0.0,-62.21,5967.2,-440.19,-447.18
2529,maize,-311.6658,-446.4155,,,3120.0,0.0,-44.04,6241.3,-311.67,-446.42
2530,maize,-317.7109,-442.9635,,,3070.0,0.0,-44.9,6097.2,-317.71,-442.96
2531,maize,-212.834,-439.324,,,3030.0,0.0,-30.08,6420.7,-212.83,-439.32
2532,maize,-452.5014,-441.2767,,,3250.0,0.0,-63.95,5990.0,-452.5,-441.28
2533,maize,-686.6541,-441.8469,,,3670.0,0.0,-97.04,6061.4,-686.65,-441.85
2534,maize,-436.2921,-438.9543,,,2980.0,0.0,-61.66,5406.8,-436.29,-438.95
2535,maize,-640.4781,-444.6481,,,3560.0,0.0,-90.51,5982.1,-640.48,-444.65
2536,maize,-575.8297,-446.0406,,,3470.0,0.0,-81.38,6024.7,-575.83,-446.04
2537,maize,-360.0215,-447.6435,,,3130.0,0.0,-50.88,6071.9,-360.02,-447.64
2538,maize,-523.4129,-446.7248,,,3200.0,0.0,-73.97,5586.3,-523.41,-446.72
2539,maize,-285.4291,-446.2596,,,3170.0,0.0,-40.34,6466.3,-285.43,-446.26
2540,maize,-445.9028,-447.4635,,,3190.0,0.0,-63.01,5872.4,-445.9,-447.46
2541,maize,-402.686,-448.0134,,,3080.0,0.0,-56.91,5781.3,-402.69,-448.01
2542,maize,-443.8769,-449.3979,,,3080.0,0.0,-62.73,5616.5,-443.88,-449.4
2543,maize,-335.0974,-449.7173,,,3040.0,0.0,-47.36,5955.6,-335.1,-449.72
2544,maize,-630.4698,-453.8153,,,3460.0,0.0,-89.1,5782.1,-630.47,-453.82
2545,maize,-455.622,-455.2193,,,3310.0,0.0,-64.39,6121.5,-455.62,-455.22
2546,maize,-477.4557,-454.3727,,,3230.0,0.0,-67.47,5842.2,-477.46,-454.37
2547,maize,-637.6487,-457.6194,,,3310.0,0.0,-90.11,5393.4,-637.65,-457.62
2548,maize,-232.7499,-455.4884,,,3000.0,0.0,-32.89,6269.0,-232.75,-455.49
2549,maize,-192.8382,-452.3553,,,3040.0,0.0,-27.25,6524.6,-192.84,-452.36
2550,maize,-647.5121,-455.5386,,,3400.0,0.0,-91.51,5570.0,-647.51,-455.54
2551,maize,-206.2066,-453.8329,,,2880.0,0.0,-29.14,6087.2,-206.21,-453.83
2552,maize,-387.1489,-455.8035,,,2930.0,0.0,-54.71,5483.4,-387.15,-455.8
2553,maize,-706.6847,-456.3313,,,3450.0,0.0,-99.87,5453.3,-706.68,-456.33
2554,maize,-756.0674,-456.0222,,,3550.0,0.0,-106.85,5495.7,-756.07,-456.02
2555,maize,-299.3249,-452.3182,,,3140.0,0.0,-42.3,6338.7,-299.32,-452.32
2556,maize,-629.9028,-454.0755,,,3470.0,0.0,-89.02,5808.4,-629.9,-454.08
2557,maize,-555.5173,-455.3391,,,3370.0,0.0,-78.51,5865.9,-555.52,-455.34
2558,maize,-554.1067,-456.1044,,,3310.0,0.0,-78.31,5727.6,-554.11,-456.1
2559,maize,-438.5934,-457.2803,,,3230.0,0.0,-61.98,5997.6,-438.59,-457.28
2560,maize,-459.8556,-460.7571,,,3360.0,0.0,-64.99,6224.6,-459.86,-460.76
2561,maize,-425.401,-458.4175,,,3300.0,0.0,-60.12,6218.4,-425.4,-458.42
2562,maize,-488.5904,-458.3787,,,2980.0,0.0,-69.05,5197.6,-488.59,-458.38
2563,maize,-285.0653,-455.3217,,,3100.0,0.0,-40.29,6299.7,-285.07,-455.32
2564,maize,-510.8554,-456.4004,,,3420.0,0.0,-72.19,6164.6,-510.86,-456.4
2565,maize,-453.8956,-454.3076,,,3290.0,0.0,-64.14,6080.4,-453.9,-454.31
2566,maize,-380.9534,-453.4224,,,3270.0,0.0,-53.84,6324.2,-380.95,-453.42
2567,maize,-244.9559,-452.7285,,,3120.0,0.0,-34.62,6508.2,-244.96,-452.73
2568,maize,-673.985,-453.7599,,,3340.0,0.0,-95.25,5320.1,-673.99,-453.76
2569,maize,-321.7009,-452.9217,,,3030.0,0.0,-45.46,5985.2,-321.7,-452.92
2570,maize,-710.4983,-455.6878,,,3510.0,0.0,-100.41,5582.0,-710.5,-455.69
2571,maize,-353.858,-453.801,,,3260.0,0.0,-50.01,6408.6,-353.86,-453.8
2572,maize,-356.8435,-452.3881,,,3090.0,0.0,-50.43,5988.6,-356.84,-452.39
2573,maize,-449.0918,-451.7409,,,3270.0,0.0,-63.47,6051.6,-449.09,-451.74
2574,maize,-485.1872,-456.3102,,,3150.0,0.0,-68.57,5619.3,-485.19,-456.31
2575,maize,-84.0998,-453.3391,,,2840.0,0.0,-11.88,6479.6,-84.1,-453.34
2576,maize,-514.6083,-453.578,,,3400.0,0.0,-72.72,6101.6,-514.61,-453.58
2577,maize,-543.2248,-455.025,,,3270.0,0.0,-76.77,5675.1,-543.22,-455.03
2578,maize,-522.5298,-454.8843,,,3260.0,0.0,-73.84,5733.9,-522.53,-454.88
2579,maize,-656.4794,-455.0385,,,3420.0,0.0,-92.77,5582.1,-656.48,-455.04
2580,maize,-518.1353,-457.7277,,,3260.0,0.0,-73.22,5751.5,-518.14,-457.73
2581,maize,-722.8414,-460.9039,,,3540.0,0.0,-102.15,5604.6,-722.84,-460.9
2582,maize,-561.4294,-460.8656,,,3350.0,0.0,-79.34,5794.3,-561.43,-460.87
2583,maize,-521.1948,-461.9544,,,3340.0,0.0,-73.65,5931.2,-521.19,-461.95
2584,maize,-493.3549,-460.3831,,,3310.0,0.0,-69.72,5970.6,-493.35,-460.38
2585,maize,-505.2823,-461.6614,,,3380.0,0.0,-71.41,6090.9,-505.28,-461.66
2586,maize,-683.074,-462.3567,,,3710.0,0.0,-96.53,6171.7,-683.07,-462.36
2587,maize,-386.6978,-461.0581,,,3150.0,0.0,-54.65,6013.2,-386.7,-461.06
2588,maize,-559.8078,-460.2184,,,3340.0,0.0,-79.11,5776.8,-559.81,-460.22
2589,maize,-736.0994,-459.5864,,,3600.0,0.0,-104.02,5695.6,-736.1,-459.59
2590,maize,-506.2699,-458.9496,,,3110.0,0.0,-71.55,5438.9,-506.27,-458.95
2591,maize,-19.5994,-451.5487,,,2710.0,0.0,-2.77,6425.6,-19.6,-451.55
2592,maize,-313.2972,-452.0646,,,3190.0,0.0,-44.27,6402.8,-313.3,-452.06
2593,maize,-212.5665,-454.1365,,,3150.0,0.0,-30.04,6709.7,-212.57,-454.14
2594,maize,-277.6955,-450.8287,,,3020.0,0.0,-39.24,6137.2,-277.7,-450.83
2595,maize,-666.6357,-452.3222,,,3540.0,0.0,-94.21,5829.5,-666.64,-452.32
2596,maize,-234.207,-451.7378,,,3050.0,0.0,-33.1,6383.2,-234.21,-451.74
2597,maize,-198.5892,-448.7677,,,2970.0,0.0,-28.06,6333.6,-198.59,-448.77
2598,maize,-614.0252,-448.876,,,3410.0,0.0,-86.77,5727.9,-614.03,-448.88
2599,maize,-505.9178,-448.5897,,,3330.0,0.0,-71.5,5968.3,-505.92,-448.59
2600,maize,-558.2603,-448.1215,,,3380.0,0.0,-78.89,5879.0,-558.26,-448.12
2601,maize,-501.7114,-451.5672,,,3210.0,0.0,-70.9,5697.2,-501.71,-451.57
2602,maize,-444.9539,-452.5536,,,3110.0,0.0,-62.88,5684.2,-444.95,-452.55
2603,maize,-577.6839,-454.5504,,,3290.0,0.0,-81.64,5585.3,-577.68,-454.55
2604,maize,-446.6428,-455.4097,,,3190.0,0.0,-63.12,5869.4,-446.64,-455.41
2605,maize,-767.2805,-456.7957,,,3520.0,0.0,-108.43,5378.9,-767.28,-456.8
2606,maize,-581.8093,-460.4645,,,3340.0,0.0,-82.22,5688.8,-581.81,-460.46
2607,maize,-821.5352,-464.4024,,,3680.0,0.0,-116.1,5545.9,-821.54,-464.4
2608,maize,-540.1017,-466.1293,,,3440.0,0.0,-76.33,6095.6,-540.1,-466.13
2609,maize,-386.9408,-465.6872,,,3150.0,0.0,-54.68,6012.2,-386.94,-465.69
2610,maize,-558.5606,-464.4068,,,3300.0,0.0,-78.94,5685.8,-558.56,-464.41
2611,maize,-467.7555,-466.0561,,,3190.0,0.0,-66.1,5785.0,-467.76,-466.06
2612,maize,-500.1236,-464.3676,,,3220.0,0.0,-70.68,5727.5,-500.12,-464.37
2613,maize,-604.4943,-464.5,,,3280.0,0.0,-85.43,5454.0,-604.49,-464.5
2614,maize,11.8055,-459.5435,,,2630.0,0.0,1.67,6359.2,11.81,-459.54
2615,maize,-709.4631,-460.2423,,,3570.0,0.0,-100.26,5730.1,-709.46,-460.24
2616,maize,-585.9015,-461.1625,,,3370.0,0.0,-82.8,5744.4,-585.9,-461.16
2617,maize,-517.6267,-460.8331,,,3240.0,0.0,-73.15,5705.5,-517.63,-460.83
2618,maize,-373.6908,-462.2824,,,3300.0,0.0,-52.81,6425.2,-373.69,-462.28
2619,maize,-617.1942,-467.5232,,,3200.0,0.0,-87.22,5211.2,-617.19,-467.52
2620,maize,65.4889,-461.6626,,,2800.0,0.0,9.25,6982.0,65.49,-461.66
2621,maize,-824.9836,-466.0543,,,3530.0,0.0,-116.59,5172.1,-824.98,-466.05
2622,maize,-84.2367,-459.5813,,,2790.0,0.0,-11.9,6359.1,-84.24,-459.58
2623,maize,-396.644,-457.828,,,3140.0,0.0,-56.05,5949.4,-396.64,-457.83
2624,maize,-335.8077,-457.3527,,,3120.0,0.0,-47.46,6144.8,-335.81,-457.35
2625,maize,-564.1646,-460.2775,,,3440.0,0.0,-79.73,5999.3,-564.16,-460.28
2626,maize,-298.5074,-458.8216,,,3020.0,0.0,-42.18,6054.0,-298.51,-458.82
2627,maize,-523.1131,-463.4872,,,3470.0,0.0,-73.93,6235.5,-523.11,-463.49
2628,maize,-622.798,-465.3133,,,3430.0,0.0,-88.01,5740.8,-622.8,-465.31
2629,maize,-371.8912,-465.9156,,,3070.0,0.0,-52.56,5880.4,-371.89,-465.92
2630,maize,-521.5501,-467.954,,,3400.0,0.0,-73.7,6073.8,-521.55,-467.95
2631,maize,-456.9085,-470.3947,,,3280.0,0.0,-64.57,6044.4,-456.91,-470.39
2632,maize,-636.5201,-472.2349,,,3450.0,0.0,-89.95,5733.9,-636.52,-472.23
2633,maize,-417.3404,-469.5418,,,3180.0,0.0,-58.98,5962.6,-417.34,-469.54
2634,maize,-681.3596,-471.9924,,,3370.0,0.0,-96.29,5362.6,-681.36,-471.99
2635,maize,-192.821,-467.5159,,,3060.0,0.0,-27.25,6572.7,-192.82,-467.52
2636,maize,-382.0855,-465.5784,,,3210.0,0.0,-54.0,6175.7,-382.09,-465.58
2637,maize,-563.5098,-467.6133,,,3330.0,0.0,-79.63,5738.0,-563.51,-467.61
2638,maize,-521.7189,-467.5964,,,3350.0,0.0,-73.73,5953.1,-521.72,-467.6
2639,maize,-103.0208,-465.7723,,,2840.0,0.0,-14.56,6403.9,-103.02,-465.77
2640,maize,-735.6405,-468.6697,,,3440.0,0.0,-103.96,5313.4,-735.64,-468.67
2641,maize,-33.5609,-464.9784,,,2780.0,0.0,-4.74,6537.8,-33.56,-464.98
2642,maize,-236.0958,-462.9006,,,2920.0,0.0,-33.36,6063.6,-236.1,-462.9
2643,maize,-425.2102,-463.8017,,,3140.0,0.0,-60.09,5835.2,-425.21,-463.8
2644,maize,-480.5029,-462.3021,,,3110.0,0.0,-67.9,5542.0,-480.5,-462.3
2645,maize,-545.3071,-463.1989,,,3290.0,0.0,-77.06,5714.8,-545.31,-463.2
2646,maize,-336.1626,-461.786,,,2970.0,0.0,-47.51,5783.3,-336.16,-461.79
2647,maize,-625.1254,-461.6607,,,3430.0,0.0,-88.34,5731.5,-625.13,-461.66
2648,maize,-571.2893,-465.0461,,,3360.0,0.0,-80.73,5778.8,-571.29,-465.05
2649,maize,-287.0047,-465.9878,,,3170.0,0.0,-40.56,6460.0,-287.0,-465.99
2650,maize,-265.7583,-462.1703,,,2890.0,0.0,-37.56,5873.0,-265.76,-462.17
2651,maize,-453.1895,-464.6401,,,3200.0,0.0,-64.04,5867.2,-453.19,-464.64
2652,maize,-214.1575,-462.9102,,,2980.0,0.0,-30.26,6295.4,-214.16,-462.91
2653,maize,-207.0532,-457.9139,,,2900.0,0.0,-29.26,6131.8,-207.05,-457.91
2654,maize,-295.1432,-453.3046,,,3080.0,0.0,-41.71,6211.4,-295.14,-453.3
2655,maize,-638.0112,-456.6915,,,3570.0,0.0,-90.16,6016.0,-638.01,-456.69
2656,maize,-259.0652,-452.9831,,,3030.0,0.0,-36.61,6235.7,-259.07,-452.98
2657,maize,-512.2987,-452.5509,,,3330.0,0.0,-72.4,5942.8,-512.3,-452.55
2658,maize,-202.6893,-449.0368,,,3010.0,0.0,-28.64,6413.2,-202.69,-449.04
2659,maize,-411.0283,-448.7611,,,3330.0,0.0,-58.09,6347.9,-411.03,-448.76
2660,maize,-398.3761,-448.1463,,,3390.0,0.0,-56.3,6542.5,-398.38,-448.15
2661,maize,-528.3399,-449.1757,,,3310.0,0.0,-74.66,5830.6,-528.34,-449.18
2662,maize,18.8102,-444.1017,,,3040.0,0.0,2.66,7371.2,18.81,-444.1
2663,maize,-250.7412,-443.7585,,,2910.0,0.0,-35.43,5981.0,-250.74,-443.76
2664,maize,-415.718,-442.8071,,,3210.0,0.0,-58.75,6041.1,-415.72,-442.81
2665,maize,-477.0598,-443.0387,,,3230.0,0.0,-67.42,5843.8,-477.06,-443.04
2666,maize,-462.6846,-443.856,,,3160.0,0.0,-65.39,5733.3,-462.68,-443.86
2667,maize,-447.9716,-445.8862,,,3310.0,0.0,-63.31,6152.1,-447.97,-445.89
2668,maize,-712.2047,-446.2684,,,3540.0,0.0,-100.65,5647.2,-712.2,-446.27
2669,maize,-530.0858,-448.3522,,,3140.0,0.0,-74.91,5415.7,-530.09,-448.35
2670,maize,-368.4041,-444.9313,,,3140.0,0.0,-52.06,6062.4,-368.4,-444.93
2671,maize,-465.8257,-446.051,,,3250.0,0.0,-65.83,5936.7,-465.83,-446.05
2672,maize,-621.0257,-448.6928,,,3450.0,0.0,-87.76,5795.9,-621.03,-448.69
2673,maize,-670.6115,-450.908,,,3390.0,0.0,-94.77,5453.6,-670.61,-450.91
2674,maize,-643.9467,-452.4956,,,3390.0,0.0,-91.0,5560.2,-643.95,-452.5
2675,maize,-566.3133,-457.3177,,,3400.0,0.0,-80.03,5894.7,-566.31,-457.32
2676,maize,-328.9246,-455.4609,,,3240.0,0.0,-46.48,6460.3,-328.92,-455.46
2677,maize,-484.6497,-454.8751,,,3090.0,0.0,-68.49,5477.4,-484.65,-454.88
2678,maize,-305.6009,-452.7058,,,3170.0,0.0,-43.19,6385.6,-305.6,-452.71
2679,maize,-6.4637,-446.2057,,,2940.0,0.0,-0.91,7030.1,-6.46,-446.21
2680,maize,-616.5042,-447.1894,,,3480.0,0.0,-87.12,5886.0,-616.5,-447.19
2681,maize,-509.1945,-445.0529,,,3340.0,0.0,-71.96,5979.2,-509.19,-445.05
2682,maize,-466.5688,-444.1043,,,3120.0,0.0,-65.93,5621.7,-466.57,-444.1
2683,maize,-346.49,-442.3573,,,3150.0,0.0,-48.97,6174.0,-346.49,-442.36
2684,maize,-457.3276,-441.997,,,3450.0,0.0,-64.63,6450.7,-457.33,-442.0
2685,maize,-274.7238,-439.6914,,,3150.0,0.0,-38.82,6461.1,-274.72,-439.69
2686,maize,-867.8922,-441.5396,,,3770.0,0.0,-122.65,5576.4,-867.89,-441.54
2687,maize,-460.8184,-442.2808,,,3170.0,0.0,-65.12,5764.7,-460.82,-442.28
2688,maize,-586.2359,-442.5451,,,3190.0,0.0,-82.85,5311.1,-586.24,-442.55
2689,maize,-591.6578,-441.1006,,,3360.0,0.0,-83.61,5697.4,-591.66,-441.1
2690,maize,-465.7148,-440.6951,,,3080.0,0.0,-65.81,5529.1,-465.71,-440.7
2691,maize,-539.1479,-445.8906,,,3260.0,0.0,-76.19,5667.4,-539.15,-445.89
2692,maize,-476.5477,-447.5231,,,3130.0,0.0,-67.35,5605.8,-476.55,-447.52
2693,maize,-366.1758,-449.0592,,,3080.0,0.0,-51.75,5927.3,-366.18,-449.06
2694,maize,-461.0686,-450.8929,,,3500.0,0.0,-65.16,6555.7,-461.07,-450.89
2695,maize,-519.7515,-449.4241,,,3340.0,0.0,-73.45,5937.0,-519.75,-449.42
2696,maize,-590.2457,-452.9845,,,3400.0,0.0,-83.41,5799.0,-590.25,-452.98
2697,maize,-205.5796,-453.0544,,,3270.0,0.0,-29.05,7025.7,-205.58,-453.05
2698,maize,-698.5764,-453.8999,,,3410.0,0.0,-98.72,5389.7,-698.58,-453.9
2699,maize,-442.1504,-453.2622,,,3130.0,0.0,-62.48,5743.4,-442.15,-453.26
2700,maize,-388.5405,-451.565,,,3220.0,0.0,-54.91,6173.8,-388.54,-451.56
2701,maize,-383.3883,-450.3818,,,3260.0,0.0,-54.18,6290.4,-383.39,-450.38
2702,maize,-387.9421,-449.8116,,,3210.0,0.0,-54.82,6152.2,-387.94,-449.81
2703,maize,-605.9325,-450.0941,,,3350.0,0.0,-85.63,5616.3,-605.93,-450.09
2704,maize,-293.4875,-448.5626,,,3050.0,0.0,-41.48,6146.0,-293.49,-448.56
2705,maize,-110.7332,-441.9971,,,2870.0,0.0,-15.65,6445.1,-110.73,-442.0
2706,maize,-630.1709,-442.4807,,,3300.0,0.0,-89.05,5399.3,-630.17,-442.48
2707,maize,-272.9277,-436.9947,,,3080.0,0.0,-38.57,6300.3,-272.93,-436.99
2708,maize,-287.3804,-434.4674,,,3220.0,0.0,-40.61,6578.5,-287.38,-434.47
2709,maize,-377.6313,-434.3743,,,3140.0,0.0,-53.37,6025.5,-377.63,-434.37
2710,maize,-557.3169,-434.3619,,,3300.0,0.0,-78.76,5690.7,-557.32,-434.36
2711,maize,-290.3977,-432.5883,,,3170.0,0.0,-41.04,6446.4,-290.4,-432.59
2712,maize,-361.7587,-431.2047,,,3130.0,0.0,-51.12,6065.0,-361.76,-431.2
2713,maize,-404.1386,-429.2011,,,3150.0,0.0,-57.11,5943.4,-404.14,-429.2
2714,maize,-296.0096,-432.2793,,,3160.0,0.0,-41.83,6400.0,-296.01,-432.28
2715,maize,-639.1443,-431.5761,,,3340.0,0.0,-90.32,5459.4,-639.14,-431.58
2716,maize,-744.5392,-433.1625,,,3400.0,0.0,-105.22,5181.8,-744.54,-433.16
2717,maize,-467.5031,-432.6612,,,3310.0,0.0,-66.07,6074.0,-467.5,-432.66
2718,maize,-453.5195,-433.4595,,,3240.0,0.0,-64.09,5961.9,-453.52,-433.46
2719,maize,-713.2206,-434.4198,,,3530.0,0.0,-100.79,5619.1,-713.22,-434.42
2720,maize,-606.0058,-441.1347,,,3460.0,0.0,-85.64,5880.0,-606.01,-441.13
2721,maize,-348.6766,-436.3717,,,3070.0,0.0,-49.27,5973.3,-348.68,-436.37
2722,maize,-369.1367,-439.2207,,,3160.0,0.0,-52.17,6107.5,-369.14,-439.22
2723,maize,-420.259,-439.4568,,,3210.0,0.0,-59.39,6023.0,-420.26,-439.46
2724,maize,-232.8751,-438.4275,,,2940.0,0.0,-32.91,6124.5,-232.88,-438.43
2725,maize,-252.2665,-435.3085,,,2860.0,0.0,-35.65,5854.9,-252.27,-435.31
2726,maize,-450.8428,-436.8319,,,3320.0,0.0,-63.71,6164.6,-450.84,-436.83
2727,maize,-592.1639,-437.5224,,,3240.0,0.0,-83.68,5407.3,-592.16,-437.52
2728,maize,-749.7584,-438.792,,,3690.0,0.0,-105.95,5857.0,-749.76,-438.79
2729,maize,-296.1054,-438.0341,,,2870.0,0.0,-41.85,5703.6,-296.11,-438.03
2730,maize,-286.0765,-435.6794,,,2820.0,0.0,-40.43,5623.7,-286.08,-435.68
2731,maize,-467.5244,-435.7855,,,3250.0,0.0,-66.07,5929.9,-467.52,-435.79
2732,maize,-361.3469,-433.0338,,,3220.0,0.0,-51.07,6282.6,-361.35,-433.03
2733,maize,-528.9688,-434.1501,,,3220.0,0.0,-74.75,5612.1,-528.97,-434.15
2734,maize,-281.045,-430.1469,,,3020.0,0.0,-39.72,6123.8,-281.04,-430.15
2735,maize,-404.2887,-432.2616,,,3210.0,0.0,-57.13,6086.8,-404.29,-432.26
2736,maize,-310.9971,-431.5507,,,3040.0,0.0,-43.95,6052.0,-311.0,-431.55
2737,maize,-504.3352,-430.959,,,3290.0,0.0,-71.27,5878.7,-504.34,-430.96
2738,maize,-199.2786,-427.7346,,,2670.0,0.0,-28.16,5610.9,-199.28,-427.73
2739,maize,-493.144,-431.6358,,,3130.0,0.0,-69.69,5539.4,-493.14,-431.64
2740,maize,-356.1963,-427.8414,,,3250.0,0.0,-50.34,6375.2,-356.2,-427.84
2741,maize,-603.5814,-433.5416,,,3320.0,0.0,-85.3,5553.7,-603.58,-433.54
2742,maize,-395.7914,-435.1385,,,3120.0,0.0,-55.93,5904.8,-395.79,-435.14
2743,maize,-340.5027,-434.2915,,,3010.0,0.0,-48.12,5862.0,-340.5,-434.29
2744,maize,-508.4278,-434.5707,,,2970.0,0.0,-71.85,5094.3,-508.43,-434.57
2745,maize,-282.4749,-431.9424,,,3090.0,0.0,-39.92,6286.1,-282.47,-431.94
2746,maize,-487.0936,-433.4517,,,3140.0,0.0,-68.84,5587.6,-487.09,-433.45
2747,maize,-659.9633,-433.8001,,,3530.0,0.0,-93.27,5832.1,-659.96,-433.8
2748,maize,-649.2226,-434.5794,,,3470.0,0.0,-91.75,5731.1,-649.22,-434.58
2749,maize,-532.3318,-437.0327,,,3290.0,0.0,-75.23,5766.7,-532.33,-437.03
2750,maize,-682.9904,-441.205,,,3530.0,0.0,-96.52,5740.0,-682.99,-441.2
2751,maize,-405.8994,-440.7321,,,3300.0,0.0,-57.36,6296.4,-405.9,-440.73
2752,maize,-497.2273,-443.5628,,,3150.0,0.0,-70.27,5571.1,-497.23,-443.56
2753,maize,-429.8021,-445.7903,,,2930.0,0.0,-60.74,5312.8,-429.8,-445.79
2754,maize,-496.5772,-447.8046,,,3290.0,0.0,-70.18,5909.7,-496.58,-447.8
2755,maize,-496.1659,-446.3862,,,3360.0,0.0,-70.12,6079.3,-496.17,-446.39
2756,maize,-445.3656,-448.2492,,,3380.0,0.0,-62.94,6330.5,-445.37,-448.25
2757,maize,-408.5219,-447.2114,,,2980.0,0.0,-57.73,5517.9,-408.52,-447.21
2758,maize,-686.8194,-452.0527,,,3430.0,0.0,-97.06,5484.7,-686.82,-452.05
2759,maize,-373.9069,-451.6815,,,3090.0,0.0,-52.84,5920.4,-373.91,-451.68
2760,maize,-799.3268,-455.691,,,3590.0,0.0,-112.96,5418.7,-799.33,-455.69
2761,maize,-823.6896,-458.6445,,,3520.0,0.0,-116.4,5153.2,-823.69,-458.64
2762,maize,-462.538,-463.458,,,3320.0,0.0,-65.37,6117.8,-462.54,-463.46
2763,maize,-319.8061,-464.1486,,,2990.0,0.0,-45.19,5896.8,-319.81,-464.15
2764,maize,-415.4402,-464.1458,,,3160.0,0.0,-58.71,5922.2,-415.44,-464.15
2765,maize,-178.7514,-461.1628,,,2770.0,0.0,-25.26,5933.0,-178.75,-461.16
2766,maize,-561.8176,-462.1541,,,3350.0,0.0,-79.4,5792.7,-561.82,-462.15
2767,maize,-388.7571,-461.5619,,,3160.0,0.0,-54.94,6029.0,-388.76,-461.56
2768,maize,-475.533,-459.1952,,,3270.0,0.0,-67.2,5945.9,-475.53,-459.2
2769,maize,-485.1354,-458.7457,,,3260.0,0.0,-68.56,5883.5,-485.14,-458.75
2770,maize,-391.2697,-458.9744,,,3080.0,0.0,-55.29,5826.9,-391.27,-458.97
2771,maize,-352.0297,-457.8364,,,3210.0,0.0,-49.75,6295.9,-352.03,-457.84
2772,maize,-361.7396,-455.2436,,,3010.0,0.0,-51.12,5777.0,-361.74,-455.24
2773,maize,-306.6893,-451.6043,,,2970.0,0.0,-43.34,5901.2,-306.69,-451.6
2774,maize,-425.0494,-449.4154,,,3230.0,0.0,-60.07,6051.8,-425.05,-449.42
2775,maize,-487.0203,-448.6224,,,3340.0,0.0,-68.83,6067.9,-487.02,-448.62
2776,maize,-352.1109,-448.8543,,,2880.0,0.0,-49.76,5503.6,-352.11,-448.85
2777,maize,-496.3026,-448.9708,,,3260.0,0.0,-70.14,5838.8,-496.3,-448.97
2778,maize,-315.5913,-449.0707,,,3140.0,0.0,-44.6,6273.6,-315.59,-449.07
2779,maize,-599.7906,-455.004,,,3540.0,0.0,-84.76,6096.8,-599.79,-455.0
2780,maize,-362.1666,-452.4606,,,3130.0,0.0,-51.18,6063.3,-362.17,-452.46
2781,maize,-207.2151,-449.4408,,,2930.0,0.0,-29.28,6203.1,-207.22,-449.44
2782,maize,-560.5557,-450.3807,,,3550.0,0.0,-79.22,6277.8,-560.56,-450.38
2783,maize,-494.6176,-451.862,,,3510.0,0.0,-69.9,6445.5,-494.62,-451.86
2784,maize,-353.9613,-450.8283,,,3060.0,0.0,-50.02,5928.2,-353.96,-450.83
2785,maize,-676.653,-454.8476,,,3320.0,0.0,-95.62,5261.4,-676.65,-454.85
2786,maize,-714.26,-453.3113,,,3460.0,0.0,-100.94,5447.0,-714.26,-453.31
2787,maize,-748.6274,-456.1894,,,3280.0,0.0,-105.8,4877.5,-748.63,-456.19
2788,maize,-327.4041,-453.6011,,,3130.0,0.0,-46.27,6202.4,-327.4,-453.6
2789,maize,-253.9632,-450.2241,,,3100.0,0.0,-35.89,6424.1,-253.96,-450.22
2790,maize,-645.8053,-452.025,,,3440.0,0.0,-91.26,5672.8,-645.81,-452.03
2791,maize,-786.323,-454.4968,,,3610.0,0.0,-111.12,5518.7,-786.32,-454.5
2792,maize,-615.6606,-455.8879,,,3390.0,0.0,-87.0,5673.4,-615.66,-455.89
2793,maize,-391.5527,-456.1417,,,3210.0,0.0,-55.33,6137.8,-391.55,-456.14
2794,maize,-413.3596,-455.6646,,,3090.0,0.0,-58.42,5762.6,-413.36,-455.66
2795,maize,-462.3019,-455.0901,,,3360.0,0.0,-65.33,6214.8,-462.3,-455.09
2796,maize,-614.6172,-455.3338,,,3190.0,0.0,-86.86,5197.5,-614.62,-455.33
2797,maize,-706.6916,-460.3449,,,3470.0,0.0,-99.87,5501.2,-706.69,-460.34
2798,maize,-464.3408,-458.0026,,,3260.0,0.0,-65.62,5966.6,-464.34,-458.0
2799,maize,-216.8495,-455.7495,,,2850.0,0.0,-30.64,5972.6,-216.85,-455.75
2800,maize,-688.9633,-458.7538,,,3510.0,0.0,-97.36,5668.1,-688.96,-458.75
2801,maize,-739.15,-462.3114,,,3560.0,0.0,-104.46,5587.4,-739.15,-462.31
2802,maize,-692.7908,-465.3599,,,3200.0,0.0,-97.9,4908.8,-692.79,-465.36
2803,maize,-538.9906,-464.6905,,,3080.0,0.0,-76.17,5236.0,-538.99,-464.69
2804,maize,-559.1962,-467.3475,,,3490.0,0.0,-79.02,6139.2,-559.2,-467.35
2805,maize,-23.5186,-466.4754,,,2980.0,0.0,-3.32,7057.9,-23.52,-466.48
2806,maize,-237.1602,-462.5453,,,2890.0,0.0,-33.52,5987.4,-237.16,-462.55
2807,maize,-337.9702,-463.1957,,,3210.0,0.0,-47.76,6352.1,-337.97,-463.2
2808,maize,-257.1071,-462.893,,,3190.0,0.0,-36.33,6627.6,-257.11,-462.89
2809,maize,-290.4077,-462.0208,,,3230.0,0.0,-41.04,6590.4,-290.41,-462.02
2810,maize,-495.8453,-461.406,,,3110.0,0.0,-70.07,5480.6,-495.85,-461.41
2811,maize,-457.2357,-463.0744,,,3270.0,0.0,-64.62,6019.1,-457.24,-463.07
2812,maize,-549.1001,-464.9478,,,3370.0,0.0,-77.6,5891.6,-549.1,-464.95
2813,maize,-265.3683,-463.5601,,,2830.0,0.0,-37.5,5730.5,-265.37,-463.56
2814,maize,-502.4369,-465.6244,,,3240.0,0.0,-71.0,5766.3,-502.44,-465.62
2815,maize,-686.7734,-466.1007,,,3520.0,0.0,-97.05,5700.9,-686.77,-466.1
2816,maize,-318.9285,-461.8446,,,3100.0,0.0,-45.07,6164.3,-318.93,-461.84
2817,maize,-725.9903,-464.4295,,,3630.0,0.0,-102.6,5808.0,-725.99,-464.43
2818,maize,-557.216,-465.4664,,,3410.0,0.0,-78.75,5955.1,-557.22,-465.47
2819,maize,-475.5511,-463.0897,,,3280.0,0.0,-67.2,5969.8,-475.55,-463.09
2820,maize,-722.7617,-464.2573,,,3540.0,0.0,-102.14,5605.0,-722.76,-464.26
2821,maize,-797.8148,-468.7487,,,3520.0,0.0,-112.75,5256.7,-797.81,-468.75
2822,maize,-384.7078,-468.9044,,,3120.0,0.0,-54.37,5949.2,-384.71,-468.9
2823,maize,-494.9927,-469.6517,,,3200.0,0.0,-69.95,5700.0,-494.99,-469.65
2824,maize,-285.8242,-470.1812,,,3180.0,0.0,-40.39,6488.7,-285.82,-470.18
2825,maize,-462.3993,-472.2825,,,3320.0,0.0,-65.35,6118.4,-462.4,-472.28
2826,maize,-355.1267,-471.3254,,,3190.0,0.0,-50.19,6235.5,-355.13,-471.33
2827,maize,-421.364,-469.6174,,,3190.0,0.0,-59.55,5970.5,-421.36,-469.62
2828,maize,-565.2007,-467.7718,,,3260.0,0.0,-79.87,5563.2,-565.2,-467.77
2829,maize,-466.3325,-469.4741,,,3230.0,0.0,-65.9,5886.7,-466.33,-469.47
2830,maize,-548.1497,-472.0948,,,3270.0,0.0,-77.46,5655.4,-548.15,-472.09
2831,maize,-412.7744,-471.5473,,,3190.0,0.0,-58.33,6004.9,-412.77,-471.55
2832,maize,-346.3257,-471.3971,,,2900.0,0.0,-48.94,5574.7,-346.33,-471.4
2833,maize,-392.7201,-470.0346,,,3190.0,0.0,-55.5,6085.1,-392.72,-470.03
2834,maize,-233.4068,-469.5582,,,2980.0,0.0,-32.98,6218.4,-233.41,-469.56
2835,maize,-213.2699,-467.648,,,3080.0,0.0,-30.14,6538.9,-213.27,-467.65
2836,maize,-643.8538,-470.9766,,,3400.0,0.0,-90.99,5584.6,-643.85,-470.98
2837,maize,-675.1855,-472.6851,,,3340.0,0.0,-95.42,5315.3,-675.19,-472.69
2838,maize,-441.1697,-475.104,,,3330.0,0.0,-62.35,6227.3,-441.17,-475.1
2839,maize,-592.8204,-476.1008,,,3400.0,0.0,-83.78,5788.7,-592.82,-476.1
2840,maize,-416.6543,-476.7054,,,3010.0,0.0,-58.88,5557.4,-416.65,-476.71
2841,maize,-642.7854,-477.0974,,,3340.0,0.0,-90.84,5444.9,-642.79,-477.1
2842,maize,-460.7192,-477.7467,,,3210.0,0.0,-65.11,5861.1,-460.72,-477.75
2843,maize,-452.0757,-478.8624,,,3050.0,0.0,-63.89,5511.7,-452.08,-478.86
2844,maize,-756.6792,-481.3449,,,3580.0,0.0,-106.93,5565.3,-756.68,-481.34
2845,maize,-552.6675,-484.0468,,,3250.0,0.0,-78.1,5589.3,-552.67,-484.05
2846,maize,-369.3985,-482.8699,,,3150.0,0.0,-52.2,6082.4,-369.4,-482.87
2847,maize,-603.3098,-482.3034,,,3380.0,0.0,-85.26,5698.8,-603.31,-482.3
2848,maize,-613.1097,-481.9422,,,3450.0,0.0,-86.64,5827.6,-613.11,-481.94
2849,maize,-515.478,-481.7737,,,3360.0,0.0,-72.85,6002.1,-515.48,-481.77
2850,maize,-392.3144,-478.8669,,,3210.0,0.0,-55.44,6134.7,-392.31,-478.87
2851,maize,-402.7001,-478.8349,,,3220.0,0.0,-56.91,6117.2,-402.7,-478.83
2852,maize,-567.8489,-479.5412,,,3340.0,0.0,-80.25,5744.6,-567.85,-479.54
2853,maize,-527.676,-480.5199,,,3320.0,0.0,-74.57,5857.3,-527.68,-480.52
2854,maize,-933.3799,-484.8879,,,3740.0,0.0,-131.9,5242.5,-933.38,-484.89
2855,maize,-554.1562,-485.4678,,,3400.0,0.0,-78.31,5943.4,-554.16,-485.47
2856,maize,-232.6245,-483.3404,,,2950.0,0.0,-32.87,6149.5,-232.62,-483.34
2857,maize,-433.0188,-483.5854,,,3280.0,0.0,-61.19,6139.9,-433.02,-483.59
2858,maize,-584.0374,-482.5576,,,3310.0,0.0,-82.54,5607.9,-584.04,-482.56
2859,maize,-378.797,-482.6065,,,3120.0,0.0,-53.53,5972.8,-378.8,-482.61
2860,maize,-498.2744,-479.5959,,,3380.0,0.0,-70.42,6118.9,-498.27,-479.6
2861,maize,-201.3269,-473.3723,,,3080.0,0.0,-28.45,6586.7,-201.33,-473.37
2862,maize,-315.0312,-471.8972,,,3010.0,0.0,-44.52,5963.9,-315.03,-471.9
2863,maize,-478.1837,-473.481,,,3160.0,0.0,-67.58,5671.3,-478.18,-473.48
2864,maize,-552.7036,-474.8537,,,3250.0,0.0,-78.11,5589.2,-552.7,-474.85
2865,maize,-376.3393,-476.8295,,,3100.0,0.0,-53.18,5934.6,-376.34,-476.83
2866,maize,-411.6545,-475.3279,,,3320.0,0.0,-58.17,6321.4,-411.65,-475.33
2867,maize,-681.5805,-478.2561,,,3600.0,0.0,-96.32,5913.7,-681.58,-478.26
2868,maize,-499.0918,-478.4917,,,3280.0,0.0,-70.53,5875.6,-499.09,-478.49
2869,maize,-638.5817,-480.0262,,,3200.0,0.0,-90.24,5125.7,-638.58,-480.03
2870,maize,-429.323,-480.4067,,,3300.0,0.0,-60.67,6202.7,-429.32,-480.41
2871,maize,-287.2319,-479.7587,,,3250.0,0.0,-40.59,6651.1,-287.23,-479.76
2872,maize,-414.8987,-480.2903,,,3290.0,0.0,-58.63,6236.4,-414.9,-480.29
2873,maize,-762.0396,-484.8438,,,3640.0,0.0,-107.69,5687.8,-762.04,-484.84
2874,maize,-381.1925,-484.4053,,,3000.0,0.0,-53.87,5675.2,-381.19,-484.41
2875,maize,-467.8279,-484.2133,,,3150.0,0.0,-66.11,5688.7,-467.83,-484.21
2876,maize,-450.2147,-485.1944,,,3300.0,0.0,-63.62,6119.1,-450.21,-485.19
2877,maize,-519.9498,-485.4308,,,3380.0,0.0,-73.48,6032.2,-519.95,-485.43
2878,maize,-918.0,-491.4549,,,1530.0,0.0,-129.73,0.0,-918.0,-491.45
2879,maize,-661.2817,-492.0698,,,3480.0,0.0,-93.45,5706.9,-661.28,-492.07
2880,maize,-543.1114,-493.8793,,,3410.0,0.0,-76.75,6011.6,-543.11,-493.88
2881,maize,-449.4172,-496.3013,,,3190.0,0.0,-63.51,5858.3,-449.42,-496.3
2882,maize,-648.0266,-497.176,,,3300.0,0.0,-91.58,5327.9,-648.03,-497.18
2883,maize,-589.9657,-498.1295,,,3400.0,0.0,-83.37,5800.1,-589.97,-498.13
2884,maize,-609.5423,-500.6853,,,3460.0,0.0,-86.14,5865.8,-609.54,-500.69
2885,maize,-419.1932,-498.1107,,,3210.0,0.0,-59.24,6027.2,-419.19,-498.11
2886,maize,-403.4844,-495.003,,,3090.0,0.0,-57.02,5802.1,-403.48,-495.0
2887,maize,-748.3813,-495.0005,,,3590.0,0.0,-105.76,5622.5,-748.38,-495.0
2888,maize,-304.9861,-494.7763,,,3080.0,0.0,-43.1,6172.1,-304.99,-494.78
2889,maize,-420.9756,-496.4464,,,3200.0,0.0,-59.49,5996.1,-420.98,-496.45
2890,maize,-141.017,-491.3986,,,2930.0,0.0,-19.93,6467.9,-141.02,-491.4
2891,maize,-412.3492,-487.6588,,,3250.0,0.0,-58.27,6150.6,-412.35,-487.66
2892,maize,-389.3414,-485.3956,,,3330.0,0.0,-55.02,6434.6,-389.34,-485.4
2893,maize,-401.5583,-485.4957,,,3170.0,0.0,-56.75,6001.8,-401.56,-485.5
2894,maize,-473.9476,-486.1016,,,3130.0,0.0,-66.98,5616.2,-473.95,-486.1
2895,maize,-552.084,-486.9994,,,3230.0,0.0,-78.02,5543.7,-552.08,-487.0
2896,maize,-288.6974,-483.7402,,,3060.0,0.0,-40.8,6189.2,-288.7,-483.74
2897,maize,-320.9944,-479.8832,,,3060.0,0.0,-45.36,6060.0,-320.99,-479.88
2898,maize,-521.3633,-480.4534,,,3230.0,0.0,-73.68,5666.5,-521.36,-480.45
2899,maize,-391.6377,-482.2013,,,3100.0,0.0,-55.35,5873.4,-391.64,-482.2
2900,maize,-602.5431,-481.3371,,,3460.0,0.0,-85.15,5893.8,-602.54,-481.34
2901,maize,-15.6992,-474.1026,,,2950.0,0.0,-2.22,7017.2,-15.7,-474.1
2902,maize,-678.907,-473.9638,,,3520.0,0.0,-95.94,5732.4,-678.91,-473.96
2903,maize,-591.8218,-474.4921,,,3220.0,0.0,-83.64,5360.7,-591.82,-474.49
2904,maize,-745.2306,-476.3524,,,3600.0,0.0,-105.32,5659.1,-745.23,-476.35
2905,maize,-359.0149,-479.7074,,,2980.0,0.0,-50.74,5715.9,-359.01,-479.71
2906,maize,-307.5514,-480.4113,,,3050.0,0.0,-43.46,6089.8,-307.55,-480.41
2907,maize,-305.1714,-480.0833,,,3100.0,0.0,-43.13,6219.3,-305.17,-480.08
2908,maize,-237.3968,-479.8862,,,2980.0,0.0,-33.55,6202.4,-237.4,-479.89
2909,maize,-397.4671,-480.9568,,,3220.0,0.0,-56.17,6138.1,-397.47,-480.96
2910,maize,-307.3001,-479.0714,,,3080.0,0.0,-43.43,6162.8,-307.3,-479.07
2911,maize,-488.3468,-479.3825,,,3210.0,0.0,-69.01,5750.6,-488.35,-479.38
2912,maize,-231.8744,-476.2102,,,2920.0,0.0,-32.77,6080.5,-231.87,-476.21
2913,maize,-570.2256,-479.2588,,,3360.0,0.0,-80.58,5783.1,-570.23,-479.26
2914,maize,-262.4688,-476.8591,,,2990.0,0.0,-37.09,6126.1,-262.47,-476.86
2915,maize,-552.6008,-475.5174,,,3380.0,0.0,-78.09,5901.6,-552.6,-475.52
2916,maize,-420.3081,-476.5312,,,3240.0,0.0,-59.4,6094.8,-420.31,-476.53
2917,maize,-606.6881,-475.3382,,,3370.0,0.0,-85.74,5661.2,-606.69,-475.34
2918,maize,-682.0586,-476.5866,,,3140.0,0.0,-96.39,4807.8,-682.06,-476.59
2919,maize,-282.3495,-474.6546,,,3010.0,0.0,-39.9,6094.6,-282.35,-474.65
2920,maize,-434.8443,-471.7754,,,3210.0,0.0,-61.45,5964.6,-434.84,-471.78
2921,maize,-626.791,-470.0652,,,3430.0,0.0,-88.58,5724.8,-626.79,-470.07
2922,maize,-429.0429,-470.5085,,,2960.0,0.0,-60.63,5387.8,-429.04,-470.51
2923,maize,-665.3486,-472.2121,,,3490.0,0.0,-94.03,5714.6,-665.35,-472.21
2924,maize,-373.8144,-473.092,,,3130.0,0.0,-52.83,6016.7,-373.81,-473.09
2925,maize,-683.0143,-475.2981,,,3390.0,0.0,-96.52,5403.9,-683.01,-475.3
2926,maize,-117.3677,-472.9205,,,2980.0,0.0,-16.59,6682.5,-117.37,-472.92
2927,maize,-616.6118,-474.873,,,3290.0,0.0,-87.14,5429.6,-616.61,-474.87
2928,maize,-885.9658,-478.0807,,,3690.0,0.0,-125.2,5312.1,-885.97,-478.08
2929,maize,-646.6576,-479.8839,,,3450.0,0.0,-91.38,5693.4,-646.66,-479.88
2930,maize,-395.9872,-478.3623,,,3190.0,0.0,-55.96,6072.1,-395.99,-478.36
2931,maize,-315.7737,-477.3923,,,3130.0,0.0,-44.62,6248.9,-315.77,-477.39
2932,maize,-547.8087,-479.4071,,,3330.0,0.0,-77.42,5800.8,-547.81,-479.41
2933,maize,-246.4189,-477.9441,,,3060.0,0.0,-34.82,6358.3,-246.42,-477.94
2934,maize,-557.6441,-481.1865,,,3290.0,0.0,-78.81,5665.4,-557.64,-481.19
2935,maize,-423.1805,-483.2856,,,3150.0,0.0,-59.8,5867.3,-423.18,-483.29
2936,maize,-305.6956,-479.904,,,3130.0,0.0,-43.2,6289.2,-305.7,-479.9
2937,maize,-608.6505,-479.2386,,,3250.0,0.0,-86.01,5365.4,-608.65,-479.24
2938,maize,-431.2326,-479.1393,,,3130.0,0.0,-60.94,5787.1,-431.23,-479.14
2939,maize,-446.7636,-477.6787,,,3430.0,0.0,-63.14,6444.9,-446.76,-477.68
2940,maize,-546.5247,-478.9774,,,3490.0,0.0,-77.23,6189.9,-546.52,-478.98
2941,maize,-274.7916,-475.2975,,,2950.0,0.0,-38.83,5980.8,-274.79,-475.3
2942,maize,-599.138,-476.6816,,,3510.0,0.0,-84.67,6027.4,-599.14,-476.68
2943,maize,-358.0711,-475.7416,,,3280.0,0.0,-50.6,6439.7,-358.07,-475.74
2944,maize,-551.4421,-473.6892,,,3370.0,0.0,-77.93,5882.2,-551.44,-473.69
2945,maize,-459.0281,-472.7528,,,3290.0,0.0,-64.87,6059.9,-459.03,-472.75
2946,maize,-583.2649,-474.8915,,,3260.0,0.0,-82.43,5490.9,-583.26,-474.89
2947,maize,-587.2099,-474.7305,,,3360.0,0.0,-82.98,5715.2,-587.21,-474.73
2948,maize,-310.1003,-471.7004,,,3220.0,0.0,-43.82,6487.6,-310.1,-471.7
2949,maize,-120.174,-467.7474,,,3040.0,0.0,-16.98,6815.3,-120.17,-467.75
2950,maize,-151.5331,-465.3396,,,2870.0,0.0,-21.41,6281.9,-151.53,-465.34
2951,maize,-438.6779,-465.6993,,,3210.0,0.0,-61.99,5949.3,-438.68,-465.7
2952,maize,-433.7521,-464.3584,,,3160.0,0.0,-61.3,5849.0,-433.75,-464.36
2953,maize,-465.1004,-463.7326,,,3150.0,0.0,-65.73,5699.6,-465.1,-463.73
2954,maize,-621.8584,-460.6174,,,3350.0,0.0,-87.88,5552.6,-621.86,-460.62
2955,maize,-766.188,-462.7377,,,3710.0,0.0,-108.28,5839.2,-766.19,-462.74
2956,maize,-394.9817,-464.3613,,,3200.0,0.0,-55.82,6100.1,-394.98,-464.36
2957,maize,-515.1433,-465.1825,,,3300.0,0.0,-72.8,5859.4,-515.14,-465.18
2958,maize,-430.9751,-463.6519,,,3240.0,0.0,-60.9,6052.1,-430.98,-463.65
2959,maize,-444.0382,-464.3043,,,3150.0,0.0,-62.75,5783.8,-444.04,-464.3
2960,maize,-592.136,-465.2429,,,3420.0,0.0,-83.68,5839.5,-592.14,-465.24
2961,maize,-759.3359,-470.823,,,3630.0,0.0,-107.31,5674.7,-759.34,-470.82
2962,maize,-169.388,-469.3666,,,2920.0,0.0,-23.94,6330.4,-169.39,-469.37
2963,maize,-735.4911,-471.9397,,,3410.0,0.0,-103.94,5242.0,-735.49,-471.94
2964,maize,-664.6174,-473.0588,,,3610.0,0.0,-93.92,6005.5,-664.62,-473.06
2965,maize,-239.91,-471.6945,,,2820.0,0.0,-33.9,5808.4,-239.91,-471.69
2966,maize,-461.476,-472.1927,,,3250.0,0.0,-65.22,5954.1,-461.48,-472.19
2967,maize,-448.8755,-469.8657,,,3290.0,0.0,-63.43,6100.5,-448.88,-469.87
2968,maize,-494.2002,-469.8168,,,3270.0,0.0,-69.84,5871.2,-494.2,-469.82
2969,maize,-393.9403,-467.3703,,,3190.0,0.0,-55.67,6080.2,-393.94,-467.37
2970,maize,-718.8237,-470.2654,,,3270.0,0.0,-101.58,4972.7,-718.82,-470.27
2971,maize,-863.3691,-476.0267,,,3500.0,0.0,-122.01,4946.5,-863.37,-476.03
2972,maize,-521.6309,-477.094,,,3420.0,0.0,-73.72,6121.5,-521.63,-477.09
2973,maize,-112.5206,-470.5989,,,2730.0,0.0,-15.9,6101.9,-112.52,-470.6
2974,maize,-427.5939,-471.0629,,,3260.0,0.0,-60.43,6113.6,-427.59,-471.06
2975,maize,-674.6963,-473.1316,,,3490.0,0.0,-95.35,5677.2,-674.7,-473.13
2976,maize,-533.6177,-473.9656,,,3100.0,0.0,-75.41,5305.5,-533.62,-473.97
2977,maize,-302.0108,-471.7862,,,2980.0,0.0,-42.68,5944.0,-302.01,-471.79
2978,maize,-312.0441,-465.7266,,,2890.0,0.0,-44.1,5687.8,-312.04,-465.73
2979,maize,-176.6298,-460.8801,,,3070.0,0.0,-24.96,6661.5,-176.63,-460.88
2980,maize,-56.7687,-456.0167,,,2660.0,0.0,-8.02,6156.9,-56.77,-456.02
2981,maize,-381.7132,-455.3397,,,3160.0,0.0,-53.94,6057.1,-381.71,-455.34
2982,maize,-627.782,-455.1372,,,3400.0,0.0,-88.72,5648.9,-627.78,-455.14
2983,maize,-559.7973,-454.8355,,,3280.0,0.0,-79.11,5632.8,-559.8,-454.84
2984,maize,-372.4141,-452.4642,,,3080.0,0.0,-52.63,5902.3,-372.41,-452.46
2985,maize,-316.7157,-451.4395,,,3120.0,0.0,-44.76,6221.1,-316.72,-451.44
2986,maize,-441.2138,-451.8168,,,3280.0,0.0,-62.35,6107.1,-441.21,-451.82
2987,maize,-529.6367,-449.6293,,,3190.0,0.0,-74.85,5537.5,-529.64,-449.63
2988,maize,-126.1424,-447.8409,,,2880.0,0.0,-17.83,6407.4,-126.14,-447.84
2989,maize,-330.0273,-446.9314,,,3100.0,0.0,-46.64,6119.9,-330.03,-446.93
2990,maize,-410.0025,-449.6212,,,3160.0,0.0,-57.94,5944.0,-410.0,-449.62
2991,maize,-345.6127,-448.9539,,,3010.0,0.0,-48.84,5841.5,-345.61,-448.95
2992,maize,-397.7762,-449.0382,,,3220.0,0.0,-56.21,6136.9,-397.78,-449.04
2993,maize,-185.3977,-446.8766,,,3120.0,0.0,-26.2,6746.4,-185.4,-446.88
2994,maize,-568.892,-447.8261,,,3380.0,0.0,-80.4,5836.4,-568.89,-447.83
2995,maize,-373.5675,-446.0409,,,3050.0,0.0,-52.79,5825.7,-373.57,-446.04
2996,maize,-293.2857,-446.0868,,,3050.0,0.0,-41.45,6146.9,-293.29,-446.09
2997,maize,-526.7558,-448.1444,,,3430.0,0.0,-74.44,6125.0,-526.76,-448.14
2998,maize,-331.849,-446.2493,,,3080.0,0.0,-46.9,6064.6,-331.85,-446.25
2999,maize,-641.8509,-448.7514,,,3380.0,0.0,-90.71,5544.6,-641.85,-448.75
3000,maize,-764.1792,-450.3678,,,3680.0,0.0,-107.99,5775.3,-764.18,-450.37
3001,maize,-469.9702,-454.9105,,,3300.0,0.0,-66.42,6040.1,-469.97,-454.91
3002,maize,-533.3643,-453.455,,,3250.0,0.0,-75.37,5666.5,-533.36,-453.46
3003,maize,-824.4897,-455.7817,,,3450.0,0.0,-116.52,4982.0,-824.49,-455.78
3004,maize,-296.0672,-451.2901,,,2950.0,0.0,-41.84,5895.7,-296.07,-451.29
3005,maize,-375.3008,-451.4529,,,3070.0,0.0,-53.04,5866.8,-375.3,-451.45
3006,maize,-458.6068,-452.9635,,,3190.0,0.0,-64.81,5821.6,-458.61,-452.96
3007,maize,-514.8883,-455.0607,,,3230.0,0.0,-72.76,5692.4,-514.89,-455.06
3008,maize,-413.456,-456.8213,,,2970.0,0.0,-58.43,5474.2,-413.46,-456.82
3009,maize,-563.1811,-458.4784,,,3340.0,0.0,-79.59,5763.3,-563.18,-458.48
3010,maize,-552.8559,-460.934,,,3390.0,0.0,-78.13,5924.6,-552.86,-460.93
3011,maize,-438.0939,-460.4314,,,3340.0,0.0,-61.91,6263.6,-438.09,-460.43
3012,maize,-581.7896,-463.9306,,,3320.0,0.0,-82.22,5640.8,-581.79,-463.93
3013,maize,-456.8232,-462.7965,,,3370.0,0.0,-64.56,6260.7,-456.82,-462.8
3014,maize,-512.8342,-465.3002,,,3250.0,0.0,-72.47,5748.7,-512.83,-465.3
3015,maize,-759.6073,-467.3703,,,3660.0,0.0,-107.35,5745.6,-759.61,-467.37
3016,maize,-702.0,-470.1872,,,1170.0,0.0,-99.21,0.0,-702.0,-470.19
3017,maize,-307.8891,-467.1992,,,3020.0,0.0,-43.51,6016.4,-307.89,-467.2
3018,maize,-581.1671,-466.1903,,,3440.0,0.0,-82.13,5931.3,-581.17,-466.19
3019,maize,-408.7884,-467.4547,,,3280.0,0.0,-57.77,6236.8,-408.79,-467.45
3020,maize,-556.5452,-468.6717,,,3180.0,0.0,-78.65,5405.8,-556.55,-468.67
3021,maize,-223.5974,-464.6397,,,2900.0,0.0,-31.6,6065.6,-223.6,-464.64
3022,maize,-491.0138,-465.2595,,,3230.0,0.0,-69.39,5787.9,-491.01,-465.26
3023,maize,-355.6023,-462.162,,,3290.0,0.0,-50.25,6473.6,-355.6,-462.16
3024,maize,-546.314,-463.887,,,3220.0,0.0,-77.2,5542.7,-546.31,-463.89
3025,maize,-196.7612,-459.0245,,,3020.0,0.0,-27.81,6461.0,-196.76,-459.02
3026,maize,-480.4077,-462.6549,,,3280.0,0.0,-67.89,5950.4,-480.41,-462.65
3027,maize,-448.3899,-460.9726,,,3130.0,0.0,-63.37,5718.4,-448.39,-460.97
3028,maize,-569.7294,-457.8103,,,3340.0,0.0,-80.51,5737.1,-569.73,-457.81
3029,maize,-502.2754,-456.3664,,,3250.0,0.0,-70.98,5790.9,-502.28,-456.37
3030,maize,-689.8874,-459.3055,,,3320.0,0.0,-97.49,5208.5,-689.89,-459.31
3031,maize,-176.17,-457.9094,,,2960.0,0.0,-24.9,6399.3,-176.17,-457.91
3032,maize,-327.8433,-455.7098,,,3180.0,0.0,-46.33,6320.6,-327.84,-455.71
3033,maize,-424.1257,-457.4868,,,3320.0,0.0,-59.94,6271.5,-424.13,-457.49
3034,maize,-397.5604,-455.886,,,3250.0,0.0,-56.18,6209.8,-397.56,-455.89
3035,maize,-634.6369,-458.0006,,,3410.0,0.0,-89.69,5645.5,-634.64,-458.0
3036,maize,-475.9174,-459.7028,,,3440.0,0.0,-67.26,6352.3,-475.92,-459.7
3037,maize,-521.3497,-458.8298,,,3260.0,0.0,-73.68,5738.6,-521.35,-458.83
3038,maize,-761.309,-462.1305,,,3610.0,0.0,-107.59,5618.8,-761.31,-462.13
3039,maize,-158.9352,-459.2522,,,3040.0,0.0,-22.46,6660.3,-158.94,-459.25
3040,maize,-441.4964,-458.202,,,3110.0,0.0,-62.39,5698.0,-441.5,-458.2
3041,maize,-456.2535,-460.0166,,,3070.0,0.0,-64.48,5543.0,-456.25,-460.02
3042,maize,-579.5386,-459.8206,,,3400.0,0.0,-81.9,5841.8,-579.54,-459.82
3043,maize,-663.9698,-462.8796,,,3360.0,0.0,-93.83,5408.1,-663.97,-462.88
3044,maize,-331.6757,-460.6819,,,3200.0,0.0,-46.87,6353.3,-331.68,-460.68
3045,maize,-201.881,-458.1104,,,3120.0,0.0,-28.53,6680.5,-201.88,-458.11
3046,maize,-637.7159,-458.655,,,3500.0,0.0,-90.12,5849.1,-637.72,-458.65
3047,maize,-592.4498,-458.7074,,,3420.0,0.0,-83.72,5838.2,-592.45,-458.71
3048,maize,-426.5771,-459.8721,,,3200.0,0.0,-60.28,5973.7,-426.58,-459.87
3049,maize,-261.1359,-461.2817,,,3090.0,0.0,-36.9,6371.5,-261.14,-461.28
3050,maize,-609.6209,-465.8626,,,3280.0,0.0,-86.15,5433.5,-609.62,-465.86
3051,maize,-601.5157,-467.491,,,3340.0,0.0,-85.01,5609.9,-601.52,-467.49
3052,maize,-432.2489,-467.476,,,3240.0,0.0,-61.08,6047.0,-432.25,-467.48
3053,maize,-350.8699,-466.3337,,,3180.0,0.0,-49.58,6228.5,-350.87,-466.33
3054,maize,-516.2809,-465.2779,,,3160.0,0.0,-72.96,5518.9,-516.28,-465.28
3055,maize,-377.5869,-461.3919,,,3160.0,0.0,-53.36,6073.7,-377.59,-461.39
3056,maize,-303.8393,-460.4804,,,3050.0,0.0,-42.94,6104.6,-303.84,-460.48
3057,maize,-609.5001,-461.424,,,3380.0,0.0,-86.13,5674.0,-609.5,-461.42
3058,maize,-766.5037,-464.7793,,,3460.0,0.0,-108.32,5238.0,-766.5,-464.78
3059,maize,-584.1157,-466.1801,,,3340.0,0.0,-82.55,5679.5,-584.12,-466.18
3060,maize,-526.314,-465.5219,,,3210.0,0.0,-74.38,5598.7,-526.31,-465.52
3061,maize,-486.7765,-462.7963,,,3290.0,0.0,-68.79,5948.9,-486.78,-462.8
3062,maize,-533.2457,-466.4348,,,3230.0,0.0,-75.36,5619.0,-533.25,-466.43
3063,maize,-257.2131,-461.6521,,,2860.0,0.0,-36.35,5835.1,-257.21,-461.65
3064,maize,-626.2322,-461.2682,,,3440.0,0.0,-88.5,5751.1,-626.23,-461.27
3065,maize,-469.3385,-463.5625,,,3310.0,0.0,-66.33,6066.6,-469.34,-463.56
3066,maize,-320.655,-462.1543,,,3010.0,0.0,-45.31,5941.4,-320.65,-462.15
3067,maize,-236.1119,-460.0266,,,3000.0,0.0,-33.37,6255.6,-236.11,-460.03
3068,maize,-446.6019,-459.5507,,,3120.0,0.0,-63.11,5701.6,-446.6,-459.55
3069,maize,-505.2264,-460.6635,,,3260.0,0.0,-71.4,5803.1,-505.23,-460.66
3070,maize,-504.4552,-458.5198,,,3330.0,0.0,-71.29,5974.2,-504.46,-458.52
3071,maize,-342.9454,-453.3156,,,3120.0,0.0,-48.46,6116.2,-342.95,-453.32
3072,maize,-416.5632,-452.2649,,,3340.0,0.0,-58.87,6349.7,-416.56,-452.26
3073,maize,-577.4723,-456.9144,,,3270.0,0.0,-81.61,5538.1,-577.47,-456.91
3074,maize,-791.8397,-460.5569,,,3490.0,0.0,-111.9,5208.6,-791.84,-460.56
3075,maize,-629.329,-460.1032,,,3590.0,0.0,-88.94,6098.7,-629.33,-460.1
3076,maize,-716.5437,-461.9325,,,3480.0,0.0,-101.26,5485.8,-716.54,-461.93
3077,maize,-576.3324,-464.6757,,,3400.0,0.0,-81.45,5854.7,-576.33,-464.68
3078,maize,-487.8703,-466.434,,,3280.0,0.0,-68.95,5920.5,-487.87,-466.43
3079,maize,-493.9226,-469.6069,,,3240.0,0.0,-69.8,5800.3,-493.92,-469.61
3080,maize,-516.9092,-474.2083,,,3320.0,0.0,-73.05,5900.4,-516.91,-474.21
3081,maize,-133.4844,-471.726,,,3070.0,0.0,-18.86,6834.1,-133.48,-471.73
3082,maize,-616.3291,-471.6115,,,3440.0,0.0,-87.1,5790.7,-616.33,-471.61
3083,maize,-124.9827,-467.2633,,,3090.0,0.0,-17.66,6916.1,-124.98,-467.26
3084,maize,-598.0832,-469.52,,,3530.0,0.0,-84.52,6079.7,-598.08,-469.52
3085,maize,-366.5363,-470.0182,,,3190.0,0.0,-51.8,6189.9,-366.54,-470.02
3086,maize,-472.8299,-470.3344,,,3180.0,0.0,-66.82,5740.7,-472.83,-470.33
3087,maize,-162.7534,-466.6656,,,3160.0,0.0,-23.0,6933.0,-162.75,-466.67
3088,maize,-549.6334,-470.9005,,,3310.0,0.0,-77.67,5745.5,-549.63,-470.9
3089,maize,-162.1246,-469.2214,,,2930.0,0.0,-22.91,6383.5,-162.12,-469.22
3090,maize,-384.9859,-468.9713,,,3210.0,0.0,-54.41,6164.1,-384.99,-468.97
3091,maize,-449.3871,-470.009,,,3150.0,0.0,-63.51,5762.5,-449.39,-470.01
3092,maize,-364.341,-469.6747,,,3140.0,0.0,-51.49,6078.6,-364.34,-469.67
3093,maize,-668.4277,-474.505,,,3510.0,0.0,-94.46,5750.3,-668.43,-474.5
3094,maize,-544.9719,-474.2658,,,3230.0,0.0,-77.01,5572.1,-544.97,-474.27
3095,maize,-646.0648,-476.9907,,,3360.0,0.0,-91.3,5479.7,-646.06,-476.99
3096,maize,-590.9754,-479.9676,,,3210.0,0.0,-83.52,5340.1,-590.98,-479.97
3097,maize,-191.408,-476.6142,,,2920.0,0.0,-27.05,6242.4,-191.41,-476.61
3098,maize,-255.1169,-475.8468,,,3150.0,0.0,-36.05,6539.5,-255.12,-475.85
3099,maize,-751.5654,-476.944,,,3520.0,0.0,-106.21,5441.7,-751.57,-476.94
3100,maize,-817.2409,-477.4746,,,3350.0,0.0,-115.49,4771.0,-817.24,-477.47
3101,maize,-409.5132,-476.87,,,3100.0,0.0,-57.87,5801.9,-409.51,-476.87
3102,maize,-743.4557,-478.9709,,,2770.0,0.0,-105.06,3674.2,-743.46,-478.97
3103,maize,-236.1843,-473.0879,,,2960.0,0.0,-33.38,6159.3,-236.18,-473.09
3104,maize,-97.839,-471.1056,,,2940.0,0.0,-13.83,6664.6,-97.84,-471.11
3105,maize,-570.1851,-473.0545,,,3250.0,0.0,-80.58,5519.3,-570.19,-473.05
3106,maize,-134.0284,-469.8087,,,2910.0,0.0,-18.94,6447.9,-134.03,-469.81
3107,maize,-471.1175,-469.371,,,3080.0,0.0,-66.58,5507.5,-471.12,-469.37
3108,maize,-380.5439,-469.0418,,,3230.0,0.0,-53.78,6229.8,-380.54,-469.04
3109,maize,-474.4461,-468.1545,,,3380.0,0.0,-67.05,6214.2,-474.45,-468.15
3110,maize,-446.6758,-467.0927,,,3210.0,0.0,-63.12,5917.3,-446.68,-467.09
3111,maize,-534.2051,-468.0538,,,3230.0,0.0,-75.49,5615.2,-534.21,-468.05
3112,maize,-647.0349,-468.7063,,,3270.0,0.0,-91.44,5259.9,-647.03,-468.71
3113,maize,-216.5826,-466.3038,,,3000.0,0.0,-30.61,6333.7,-216.58,-466.3
3114,maize,-713.3189,-468.3087,,,3430.0,0.0,-100.81,5378.7,-713.32,-468.31
3115,maize,-419.4668,-464.9073,,,3260.0,0.0,-59.28,6146.1,-419.47,-464.91
3116,maize,-614.3872,-464.0312,,,3300.0,0.0,-86.82,5462.5,-614.39,-464.03
3117,maize,-428.7441,-465.2397,,,3270.0,0.0,-60.59,6133.0,-428.74,-465.24
3118,maize,-580.323,-465.2313,,,3300.0,0.0,-82.01,5598.7,-580.32,-465.23
3119,maize,-380.8813,-464.9522,,,3190.0,0.0,-53.83,6132.5,-380.88,-464.95
3120,maize,-501.3056,-464.3998,,,3390.0,0.0,-70.84,6130.8,-501.31,-464.4
3121,maize,-442.3924,-466.5878,,,3080.0,0.0,-62.52,5622.4,-442.39,-466.59
3122,maize,-455.021,-466.2278,,,3140.0,0.0,-64.3,5715.9,-455.02,-466.23
3123,maize,-668.1274,-469.3531,,,3180.0,0.0,-94.42,4959.5,-668.13,-469.35
3124,maize,-365.7263,-467.5472,,,3160.0,0.0,-51.68,6121.1,-365.73,-467.55
3125,maize,-642.4016,-472.0036,,,3480.0,0.0,-90.78,5782.4,-642.4,-472.0
3126,maize,-332.5654,-470.5252,,,2980.0,0.0,-47.0,5821.7,-332.57,-470.53
3127,maize,-241.2552,-468.4538,,,2690.0,0.0,-34.09,5491.0,-241.26,-468.45
3128,maize,-816.7336,-470.9239,,,3450.0,0.0,-115.42,5013.1,-816.73,-470.92
3129,maize,-442.3929,-470.3251,,,3320.0,0.0,-62.52,6198.4,-442.39,-470.33
3130,maize,-680.5784,-470.232,,,3490.0,0.0,-96.18,5653.7,-680.58,-470.23
3131,maize,-229.3985,-470.7642,,,2850.0,0.0,-32.42,5922.4,-229.4,-470.76
3132,maize,-475.9563,-472.2454,,,3440.0,0.0,-67.26,6352.2,-475.96,-472.25
3133,maize,-653.652,-474.5406,,,3300.0,0.0,-92.37,5305.4,-653.65,-474.54
3134,maize,-246.8542,-473.0336,,,3100.0,0.0,-34.89,6452.6,-246.85,-473.03
3135,maize,-375.2946,-470.4402,,,3080.0,0.0,-53.04,5890.8,-375.29,-470.44
3136,maize,-829.881,-473.9798,,,3520.0,0.0,-117.28,5128.5,-829.88,-473.98
3137,maize,-493.754,-473.7038,,,3090.0,0.0,-69.78,5441.0,-493.75,-473.7
3138,maize,-445.8853,-470.5496,,,3170.0,0.0,-63.01,5824.5,-445.89,-470.55
3139,maize,-529.0816,-474.2511,,,3390.0,0.0,-74.77,6019.7,-529.08,-474.25
3140,maize,-261.6483,-472.4526,,,3040.0,0.0,-36.98,6249.4,-261.65,-472.45
3141,maize,-671.4316,-474.6044,,,3450.0,0.0,-94.89,5594.3,-671.43,-474.6
3142,maize,-486.4705,-473.6737,,,3230.0,0.0,-68.75,5806.1,-486.47,-473.67
3143,maize,-558.4074,-472.6181,,,3260.0,0.0,-78.91,5590.4,-558.41,-472.62
3144,maize,-183.1049,-471.1323,,,3140.0,0.0,-25.88,6803.6,-183.1,-471.13
3145,maize,-540.7749,-474.5213,,,3220.0,0.0,-76.42,5564.9,-540.77,-474.52
3146,maize,-751.9131,-475.6633,,,3550.0,0.0,-106.26,5512.3,-751.91,-475.66
3147,maize,-660.6834,-476.3456,,,3480.0,0.0,-93.37,5709.3,-660.68,-476.35
3148,maize,-692.5442,-479.0053,,,3390.0,0.0,-97.87,5365.8,-692.54,-479.01
3149,maize,-557.8654,-481.9726,,,3310.0,0.0,-78.84,5712.5,-557.87,-481.97
3150,maize,-513.9071,-481.0154,,,3280.0,0.0,-72.62,5816.4,-513.91,-481.02
3151,maize,-428.0741,-479.281,,,3040.0,0.0,-60.49,5583.7,-428.07,-479.28
3152,maize,-444.2978,-479.4015,,,3270.0,0.0,-62.79,6070.8,-444.3,-479.4
3153,maize,-643.001,-482.3228,,,3520.0,0.0,-90.87,5876.0,-643.0,-482.32
3154,maize,-781.7047,-484.977,,,3580.0,0.0,-110.47,5465.2,-781.7,-484.98
3155,maize,-785.9608,-489.0608,,,3500.0,0.0,-111.07,5256.2,-785.96,-489.06
3156,maize,-365.4949,-489.6773,,,3070.0,0.0,-51.65,5906.0,-365.49,-489.68
3157,maize,-198.073,-485.5631,,,3100.0,0.0,-27.99,6647.7,-198.07,-485.56
3158,maize,-635.4934,-484.253,,,3280.0,0.0,-89.81,5330.0,-635.49,-484.25
3159,maize,-588.3316,-484.2951,,,3380.0,0.0,-83.14,5758.7,-588.33,-484.3
3160,maize,-728.641,-486.3184,,,3660.0,0.0,-102.97,5869.4,-728.64,-486.32
3161,maize,-259.8192,-484.0488,,,3140.0,0.0,-36.72,6496.7,-259.82,-484.05
3162,maize,-585.9982,-484.5763,,,3310.0,0.0,-82.81,5600.0,-586.0,-484.58
3163,maize,-433.3142,-486.3374,,,3230.0,0.0,-61.24,6018.7,-433.31,-486.34
3164,maize,-252.4118,-482.5992,,,3030.0,0.0,-35.67,6262.4,-252.41,-482.6
3165,maize,-396.4775,-481.8705,,,3220.0,0.0,-56.03,6142.1,-396.48,-481.87
3166,maize,-504.3874,-483.7079,,,2850.0,0.0,-71.28,4822.5,-504.39,-483.71
3167,maize,-582.9563,-487.1763,,,3370.0,0.0,-82.38,5756.2,-582.96,-487.18
3168,maize,-350.6349,-486.2166,,,3160.0,0.0,-49.55,6181.5,-350.63,-486.22
3169,maize,-691.0281,-488.0747,,,3480.0,0.0,-97.66,5587.9,-691.03,-488.07
3170,maize,-312.987,-486.16,,,2910.0,0.0,-44.23,5732.1,-312.99,-486.16
3171,maize,-431.372,-487.0442,,,3280.0,0.0,-60.96,6146.5,-431.37,-487.04
3172,maize,-363.2301,-486.5109,,,2980.0,0.0,-51.33,5699.1,-363.23,-486.51
3173,maize,-97.2239,-481.7084,,,2930.0,0.0,-13.74,6643.1,-97.22,-481.71
3174,maize,-441.9305,-478.2093,,,3180.0,0.0,-62.45,5864.3,-441.93,-478.21
3175,maize,-577.5691,-477.6917,,,3330.0,0.0,-81.62,5681.7,-577.57,-477.69
3176,maize,-126.1434,-471.7877,,,2720.0,0.0,-17.83,6023.4,-126.14,-471.79
3177,maize,-387.4903,-469.8993,,,3120.0,0.0,-54.76,5938.0,-387.49,-469.9
3178,maize,-480.067,-469.8213,,,3380.0,0.0,-67.84,6191.7,-480.07,-469.82
3179,maize,-374.2856,-468.6249,,,3200.0,0.0,-52.89,6182.9,-374.29,-468.62
3180,maize,-685.0023,-470.3058,,,3580.0,0.0,-96.8,5852.0,-685.0,-470.31
3181,maize,-611.663,-475.0876,,,3380.0,0.0,-86.44,5665.3,-611.66,-475.09
3182,maize,-665.8439,-475.5828,,,3360.0,0.0,-94.1,5400.6,-665.84,-475.58
3183,maize,-276.4927,-477.0979,,,3010.0,0.0,-39.07,6118.0,-276.49,-477.1
3184,maize,-465.4737,-475.7718,,,3190.0,0.0,-65.78,5794.1,-465.47,-475.77
3185,maize,-466.0797,-476.7672,,,3250.0,0.0,-65.87,5935.7,-466.08,-476.77
3186,maize,-575.4345,-477.7933,,,3230.0,0.0,-81.32,5450.3,-575.43,-477.79
3187,maize,-246.3317,-478.629,,,3060.0,0.0,-34.81,6358.7,-246.33,-478.63
3188,maize,-749.3451,-480.6262,,,3520.0,0.0,-105.9,5450.6,-749.35,-480.63
3189,maize,-204.7679,-481.0526,,,2860.0,0.0,-28.94,6044.9,-204.77,-481.05
3190,maize,-440.0022,-481.6028,,,3240.0,0.0,-62.18,6016.0,-440.0,-481.6
3191,maize,-387.2633,-480.9815,,,3300.0,0.0,-54.73,6370.9,-387.26,-480.98
3192,maize,-282.3405,-480.1615,,,3000.0,0.0,-39.9,6070.6,-282.34,-480.16
3193,maize,-719.991,-480.6771,,,3380.0,0.0,-101.75,5232.0,-719.99,-480.68
3194,maize,-416.2184,-479.3896,,,3310.0,0.0,-58.82,6279.1,-416.22,-479.39
3195,maize,-416.7595,-477.0966,,,3220.0,0.0,-58.9,6061.0,-416.76,-477.1
3196,maize,-78.0819,-471.9676,,,2810.0,0.0,-11.03,6431.7,-78.08,-471.97
3197,maize,-615.1969,-476.2055,,,3290.0,0.0,-86.94,5435.2,-615.2,-476.21
3198,maize,-392.518,-477.5795,,,3130.0,0.0,-55.47,5941.9,-392.52,-477.58
3199,maize,-203.4836,-472.0987,,,2980.0,0.0,-28.76,6338.1,-203.48,-472.1
3200,maize,-884.6781,-472.7731,,,3660.0,0.0,-125.02,5245.3,-884.68,-472.77
3201,maize,-371.6883,-472.3948,,,3170.0,0.0,-52.53,6121.2,-371.69,-472.39
3202,maize,-504.6166,-470.0064,,,3170.0,0.0,-71.31,5589.5,-504.62,-470.01
3203,maize,-450.2121,-472.1467,,,3300.0,0.0,-63.62,6119.2,-450.21,-472.15
3204,maize,-865.4059,-479.8224,,,3640.0,0.0,-122.3,5274.4,-865.41,-479.82
3205,maize,-644.8965,-480.5695,,,3440.0,0.0,-91.14,5676.4,-644.9,-480.57
3206,maize,-447.4398,-483.7036,,,3310.0,0.0,-63.23,6154.2,-447.44,-483.7
3207,maize,-460.0204,-483.5926,,,3310.0,0.0,-65.01,6103.9,-460.02,-483.59
3208,maize,-302.7754,-482.815,,,3100.0,0.0,-42.79,6228.9,-302.78,-482.81
3209,maize,-822.8677,-486.2992,,,3170.0,0.0,-116.29,4316.5,-822.87,-486.3
3210,maize,-484.5052,-486.6775,,,3290.0,0.0,-68.47,5958.0,-484.51,-486.68
3211,maize,-443.3682,-485.7691,,,3210.0,0.0,-62.66,5930.5,-443.37,-485.77
3212,maize,-665.8853,-485.9576,,,3470.0,0.0,-94.1,5664.5,-665.89,-485.96
3213,maize,-260.1675,-486.3934,,,2910.0,0.0,-36.77,5943.3,-260.17,-486.39
3214,maize,-351.9523,-482.7798,,,3240.0,0.0,-49.74,6368.2,-351.95,-482.78
3215,maize,-196.9987,-480.5551,,,2830.0,0.0,-27.84,6004.0,-197.0,-480.56
3216,maize,-526.8731,-479.68,,,3430.0,0.0,-74.46,6124.5,-526.87,-479.68
3217,maize,-395.3821,-479.3463,,,2990.0,0.0,-55.87,5594.5,-395.38,-479.35
3218,maize,-629.2831,-479.8359,,,3440.0,0.0,-88.93,5738.9,-629.28,-479.84
3219,maize,-631.7448,-482.3446,,,3280.0,0.0,-89.28,5345.0,-631.74,-482.34
3220,maize,-337.5074,-480.7066,,,3160.0,0.0,-47.7,6234.0,-337.51,-480.71
3221,maize,-325.212,-479.5348,,,3160.0,0.0,-45.96,6283.2,-325.21,-479.53
3222,maize,-243.4007,-477.4186,,,3210.0,0.0,-34.4,6730.4,-243.4,-477.42
3223,maize,-412.724,-474.8646,,,3320.0,0.0,-58.33,6317.1,-412.72,-474.86
3224,maize,-444.6452,-475.6537,,,3310.0,0.0,-62.84,6165.4,-444.65,-475.65
3225,maize,-284.6449,-472.0762,,,3200.0,0.0,-40.23,6541.4,-284.64,-472.08
3226,maize,-421.2715,-472.9632,,,3300.0,0.0,-59.53,6234.9,-421.27,-472.96
3227,maize,-543.4807,-475.9855,,,3270.0,0.0,-76.8,5674.1,-543.48,-475.99
3228,maize,-234.7189,-470.1653,,,3250.0,0.0,-33.17,6861.1,-234.72,-470.17
3229,maize,-581.866,-471.5601,,,3520.0,0.0,-82.23,6120.5,-581.87,-471.56
3230,maize,-559.6732,-470.351,,,3420.0,0.0,-79.09,5969.3,-559.67,-470.35
3231,maize,-680.5421,-474.8625,,,3400.0,0.0,-96.17,5437.8,-680.54,-474.86
3232,maize,-244.5018,-472.5479,,,3000.0,0.0,-34.55,6222.0,-244.5,-472.55
3233,maize,-599.1043,-472.0024,,,3380.0,0.0,-84.66,5715.6,-599.1,-472.0
3234,maize,-629.196,-475.8259,,,3560.0,0.0,-88.92,6027.2,-629.2,-475.83
3235,maize,-204.7467,-474.1204,,,3030.0,0.0,-28.93,6453.0,-204.75,-474.12
3236,maize,20.2264,-465.6193,,,2920.0,0.0,2.86,7088.9,20.23,-465.62
3237,maize,-672.5718,-467.4075,,,3480.0,0.0,-95.05,5661.7,-672.57,-467.41
3238,maize,-69.5832,-463.6445,,,2870.0,0.0,-9.83,6609.7,-69.58,-463.64
3239,maize,-547.7704,-463.8313,,,3320.0,0.0,-77.41,5776.9,-547.77,-463.83
3240,maize,-491.1457,-466.1263,,,3240.0,0.0,-69.41,5811.4,-491.15,-466.13
3241,maize,-453.9912,-463.9519,,,3230.0,0.0,-64.16,5936.0,-453.99,-463.95
3242,maize,-517.3473,-464.2607,,,3340.0,0.0,-73.11,5946.6,-517.35,-464.26
3243,maize,-333.2456,-462.0091,,,3270.0,0.0,-47.09,6515.0,-333.25,-462.01
3244,maize,-528.1562,-465.4596,,,3210.0,0.0,-74.64,5591.4,-528.16,-465.46
3245,maize,-648.7968,-466.5398,,,3490.0,0.0,-91.69,5780.8,-648.8,-466.54
3246,maize,-687.8835,-465.8995,,,3460.0,0.0,-97.21,5552.5,-687.88,-465.9
3247,maize,-857.84,-467.8711,,,3720.0,0.0,-121.23,5496.6,-857.84,-467.87
3248,maize,-284.4997,-463.7906,,,2900.0,0.0,-40.21,5822.0,-284.5,-463.79
3249,maize,-477.6387,-462.9884,,,3230.0,0.0,-67.5,5841.4,-477.64,-462.99
3250,maize,-435.7023,-462.2063,,,3210.0,0.0,-61.57,5961.2,-435.7,-462.21
3251,maize,-435.8102,-462.2837,,,3110.0,0.0,-61.59,5720.8,-435.81,-462.28
3252,maize,-225.6844,-460.0975,,,3050.0,0.0,-31.89,6417.3,-225.68,-460.1
3253,maize,-433.0891,-457.9984,,,3150.0,0.0,-61.2,5827.6,-433.09,-458.0
3254,maize,-79.4374,-450.9757,,,3050.0,0.0,-11.23,7002.3,-79.44,-450.98
3255,maize,-413.9697,-447.2558,,,3250.0,0.0,-58.5,6144.1,-413.97,-447.26
3256,maize,-530.3409,-448.9043,,,3280.0,0.0,-74.95,5750.6,-530.34,-448.9
3257,maize,-475.5216,-451.6788,,,3320.0,0.0,-67.2,6065.9,-475.52,-451.68
3258,maize,-313.4181,-448.458,,,2900.0,0.0,-44.29,5706.3,-313.42,-448.46
3259,maize,-356.3146,-446.1379,,,3090.0,0.0,-50.35,5990.7,-356.31,-446.14
3260,maize,-574.6736,-444.5982,,,3400.0,0.0,-81.21,5861.3,-574.67,-444.6
3261,maize,-693.429,-448.9343,,,3390.0,0.0,-97.99,5362.3,-693.43,-448.93
3262,maize,-619.1836,-449.2661,,,3440.0,0.0,-87.5,5779.3,-619.18,-449.27
3263,maize,-689.1878,-451.8249,,,3400.0,0.0,-97.4,5403.2,-689.19,-451.82
3264,maize,-508.2003,-454.3828,,,2580.0,0.0,-71.82,4159.2,-508.2,-454.38
3265,maize,-1230.9463,-462.7274,,,3930.0,0.0,-173.96,4508.2,-1230.95,-462.73
3266,maize,-512.0265,-462.8038,,,3310.0,0.0,-72.36,5895.9,-512.03,-462.8
3267,maize,-626.3014,-463.2373,,,3350.0,0.0,-88.51,5534.8,-626.3,-463.24
3268,maize,-520.0161,-464.9311,,,3330.0,0.0,-73.49,5911.9,-520.02,-464.93
3269,maize,-324.222,-461.263,,,3090.0,0.0,-45.82,6119.1,-324.22,-461.26
3270,maize,98.3972,-457.1492,,,2670.0,0.0,13.91,6801.6,98.4,-457.15
3271,maize,-686.6733,-459.7022,,,3470.0,0.0,-97.04,5581.3,-686.67,-459.7
3272,maize,-445.6855,-460.5268,,,3210.0,0.0,-62.98,5921.3,-445.69,-460.53
3273,maize,-440.1744,-463.9563,,,3130.0,0.0,-62.2,5751.3,-440.17,-463.96
3274,maize,-480.726,-464.3442,,,3320.0,0.0,-67.94,6045.1,-480.73,-464.34
3275,maize,-142.7928,-459.9965,,,2900.0,0.0,-20.18,6388.8,-142.79,-460.0
3276,maize,-462.9622,-463.3646,,,3390.0,0.0,-65.43,6284.2,-462.96,-463.36
3277,maize,-509.2952,-464.5827,,,3320.0,0.0,-71.97,5930.8,-509.3,-464.58
3278,maize,-827.7375,-468.0594,,,3590.0,0.0,-116.97,5305.1,-827.74,-468.06
3279,maize,-420.463,-468.5212,,,3150.0,0.0,-59.42,5878.1,-420.46,-468.52
3280,maize,-457.9069,-466.2502,,,3180.0,0.0,-64.71,5800.4,-457.91,-466.25
3281,maize,-387.7032,-464.0106,,,3180.0,0.0,-54.79,6081.2,-387.7,-464.01
3282,maize,-489.0473,-462.2427,,,3090.0,0.0,-69.11,5459.8,-489.05,-462.24
3283,maize,-421.6954,-463.6947,,,3370.0,0.0,-59.59,6401.2,-421.7,-463.69
3284,maize,-400.6776,-463.0467,,,3150.0,0.0,-56.62,5957.3,-400.68,-463.05
3285,maize,-496.5359,-463.3513,,,3300.0,0.0,-70.17,5933.9,-496.54,-463.35
3286,maize,-447.5472,-462.0724,,,3270.0,0.0,-63.25,6057.8,-447.55,-462.07
3287,maize,-763.6249,-467.2453,,,3250.0,0.0,-107.91,4745.5,-763.62,-467.25
3288,maize,-471.0996,-464.4629,,,3210.0,0.0,-66.58,5819.6,-471.1,-464.46
3289,maize,-453.8961,-466.9542,,,3230.0,0.0,-64.14,5936.4,-453.9,-466.95
3290,maize,-713.8604,-469.6928,,,3520.0,0.0,-100.88,5592.6,-713.86,-469.69
3291,maize,-617.9891,-472.0,,,3170.0,0.0,-87.33,5136.0,-617.99,-472.0
3292,maize,-865.1371,-477.828,,,3610.0,0.0,-122.26,5203.5,-865.14,-477.83
3293,maize,-538.693,-476.015,,,3260.0,0.0,-76.13,5669.2,-538.69,-476.01
3294,maize,-520.7554,-477.0604,,,3230.0,0.0,-73.59,5669.0,-520.76,-477.06
3295,maize,-560.108,-478.4939,,,3360.0,0.0,-79.15,5823.6,-560.11,-478.49
3296,maize,-539.3196,-483.1062,,,3520.0,0.0,-76.22,6290.7,-539.32,-483.11
3297,maize,-804.1919,-484.9962,,,3570.0,0.0,-113.65,5351.2,-804.19,-485.0
3298,maize,-153.9128,-482.6101,,,2770.0,0.0,-21.75,6032.3,-153.91,-482.61
3299,maize,-394.5129,-484.5204,,,3060.0,0.0,-55.75,5765.9,-394.51,-484.52
3300,maize,-415.3434,-479.8271,,,3340.0,0.0,-58.7,6354.6,-415.34,-479.83
3301,maize,-252.3794,-478.634,,,2980.0,0.0,-35.67,6142.5,-252.38,-478.63
3302,maize,-630.0914,-479.8887,,,3350.0,0.0,-89.04,5519.6,-630.09,-479.89
3303,maize,-709.8946,-482.4856,,,3600.0,0.0,-100.32,5800.4,-709.89,-482.49
3304,maize,-792.0,-481.7515,,,1320.0,0.0,-111.92,0.0,-792.0,-481.75
3305,maize,-204.1465,-477.344,,,3170.0,0.0,-28.85,6791.4,-204.15,-477.34
3306,maize,-500.1819,-477.8714,,,3270.0,0.0,-70.69,5847.3,-500.18,-477.87
3307,maize,-360.7335,-476.8786,,,3070.0,0.0,-50.98,5925.1,-360.73,-476.88
3308,maize,-500.0132,-478.8509,,,3190.0,0.0,-70.66,5655.9,-500.01,-478.85
3309,maize,-471.0547,-475.3328,,,3380.0,0.0,-66.57,6227.8,-471.05,-475.33
3310,maize,-496.7777,-475.4555,,,3340.0,0.0,-70.2,6028.9,-496.78,-475.46
3311,maize,-393.7408,-474.9593,,,3050.0,0.0,-55.64,5745.0,-393.74,-474.96
3312,maize,-576.0,-474.0604,,,960.0,0.0,-81.4,0.0,-576.0,-474.06
3313,maize,-403.5129,-475.4939,,,3240.0,0.0,-57.02,6161.9,-403.51,-475.49
3314,maize,-590.6709,-477.881,,,3130.0,0.0,-83.47,5149.3,-590.67,-477.88
3315,maize,-556.9932,-481.481,,,3240.0,0.0,-78.71,5548.0,-556.99,-481.48
3316,maize,-394.0447,-480.1527,,,3060.0,0.0,-55.69,5767.8,-394.04,-480.15
3317,maize,-149.4241,-477.6931,,,2960.0,0.0,-21.12,6506.3,-149.42,-477.69
3318,maize,-626.8201,-477.6685,,,3440.0,0.0,-88.58,5748.7,-626.82,-477.67
3319,maize,-631.6408,-477.6675,,,3340.0,0.0,-89.26,5489.4,-631.64,-477.67
3320,maize,-302.8692,-477.3211,,,2880.0,0.0,-42.8,5700.5,-302.87,-477.32
3321,maize,-500.6261,-479.0752,,,3350.0,0.0,-70.75,6037.5,-500.63,-479.08
3322,maize,-526.1431,-481.9026,,,3320.0,0.0,-74.35,5863.4,-526.14,-481.9
3323,maize,-376.9327,-481.5447,,,3120.0,0.0,-53.27,5980.3,-376.93,-481.54
3324,maize,-747.7686,-484.576,,,3420.0,0.0,-105.67,5216.9,-747.77,-484.58
3325,maize,-301.7443,-484.7469,,,3140.0,0.0,-42.64,6329.0,-301.74,-484.75
3326,maize,-709.8255,-487.6325,,,3360.0,0.0,-100.31,5224.7,-709.83,-487.63
3327,maize,-934.7615,-491.5453,,,3590.0,0.0,-132.1,4877.0,-934.76,-491.55
3328,maize,-432.1872,-493.52,,,3120.0,0.0,-61.08,5759.3,-432.19,-493.52
3329,maize,-767.7424,-495.3787,,,3390.0,0.0,-108.5,5065.0,-767.74,-495.38
3330,maize,-358.5109,-493.3671,,,2980.0,0.0,-50.66,5718.0,-358.51,-493.37
3331,maize,-356.9594,-490.1313,,,3320.0,0.0,-50.45,6540.2,-356.96,-490.13
3332,maize,-582.8601,-493.5149,,,3230.0,0.0,-82.37,5420.6,-582.86,-493.51
3333,maize,-351.9271,-491.0431,,,3210.0,0.0,-49.73,6296.3,-351.93,-491.04
3334,maize,-486.8391,-489.6195,,,3240.0,0.0,-68.8,5828.6,-486.84,-489.62
3335,maize,-691.9594,-494.4917,,,3520.0,0.0,-97.79,5680.2,-691.96,-494.49
3336,maize,-694.6655,-501.6406,,,3650.0,0.0,-98.17,5981.3,-694.67,-501.64
3337,maize,-588.8519,-500.8034,,,3280.0,0.0,-83.22,5516.6,-588.85,-500.8
3338,maize,-620.7321,-506.3149,,,3430.0,0.0,-87.72,5749.1,-620.73,-506.31
3339,maize,-122.2242,-502.0594,,,3020.0,0.0,-17.27,6759.1,-122.22,-502.06
3340,maize,-593.3827,-503.0818,,,3350.0,0.0,-83.86,5666.5,-593.38,-503.08
3341,maize,-344.5409,-501.9873,,,3190.0,0.0,-48.69,6277.8,-344.54,-501.99
3342,maize,-428.7967,-501.1018,,,3200.0,0.0,-60.6,5964.8,-428.8,-501.1
3343,maize,-622.6505,-503.9958,,,3350.0,0.0,-87.99,5549.4,-622.65,-504.0
3344,maize,-853.2489,-507.2467,,,3620.0,0.0,-120.58,5275.0,-853.25,-507.25
3345,maize,-622.8757,-506.9875,,,3190.0,0.0,-88.02,5164.5,-622.88,-506.99
3346,maize,72.6974,-499.3817,,,2860.0,0.0,10.27,7154.8,72.7,-499.38
3347,maize,-276.6028,-493.5694,,,3050.0,0.0,-39.09,6213.6,-276.6,-493.57
3348,maize,-495.3356,-495.6777,,,3320.0,0.0,-70.0,5986.7,-495.34,-495.68
3349,maize,-391.5418,-494.8167,,,3140.0,0.0,-55.33,5969.8,-391.54,-494.82
3350,maize,-419.0011,-494.6497,,,3190.0,0.0,-59.21,5980.0,-419.0,-494.65
3351,maize,-682.9729,-497.1214,,,3550.0,0.0,-96.52,5788.1,-682.97,-497.12
3352,maize,-299.0144,-497.8547,,,3100.0,0.0,-42.26,6243.9,-299.01,-497.85
3353,maize,-472.3749,-498.2475,,,3270.0,0.0,-66.76,5958.5,-472.37,-498.25
3354,maize,-512.5386,-502.5785,,,3300.0,0.0,-72.43,5869.8,-512.54,-502.58
3355,maize,-581.3723,-504.2526,,,3240.0,0.0,-82.16,5450.5,-581.37,-504.25
3356,maize,-311.4606,-502.0638,,,3070.0,0.0,-44.02,6122.2,-311.46,-502.06
3357,maize,-575.7303,-503.0658,,,3440.0,0.0,-81.36,5953.1,-575.73,-503.07
3358,maize,-351.0721,-503.4424,,,3070.0,0.0,-49.61,5963.7,-351.07,-503.44
3359,maize,-971.1538,-509.5908,,,3010.0,0.0,-137.24,3339.4,-971.15,-509.59
3360,maize,-154.22,-505.3862,,,2770.0,0.0,-21.79,6031.1,-154.22,-505.39
3361,maize,-221.5872,-500.6678,,,2920.0,0.0,-31.31,6121.7,-221.59,-500.67
3362,maize,-27.1508,-494.7475,,,2840.0,0.0,-3.84,6707.4,-27.15,-494.75
3363,maize,-548.6848,-493.3425,,,3540.0,0.0,-77.54,6301.3,-548.68,-493.34
3364,maize,-720.2085,-495.4625,,,3520.0,0.0,-101.78,5567.2,-720.21,-495.46
3365,maize,-433.1043,-487.4841,,,3270.0,0.0,-61.21,6115.6,-433.1,-487.48
3366,maize,-438.9337,-486.7532,,,3030.0,0.0,-62.03,5516.3,-438.93,-486.75
3367,maize,-429.049,-484.7807,,,3320.0,0.0,-60.63,6251.8,-429.05,-484.78
3368,maize,-151.618,-481.0967,,,2850.0,0.0,-21.43,6233.5,-151.62,-481.1
3369,maize,-625.6312,-484.1108,,,3510.0,0.0,-88.41,5921.5,-625.63,-484.11
3370,maize,-363.6962,-488.7317,,,3090.0,0.0,-51.4,5961.2,-363.7,-488.73
3371,maize,-430.9605,-486.1746,,,3100.0,0.0,-60.9,5716.2,-430.96,-486.17
3372,maize,-525.9857,-486.9776,,,3220.0,0.0,-74.33,5624.1,-525.99,-486.98
3373,maize,-350.0381,-486.0762,,,3090.0,0.0,-49.47,6015.8,-350.04,-486.08
3374,maize,-339.4464,-484.6634,,,3100.0,0.0,-47.97,6082.2,-339.45,-484.66
3375,maize,-628.7117,-489.5226,,,3330.0,0.0,-88.85,5477.2,-628.71,-489.52
3376,maize,-325.1283,-488.1443,,,3030.0,0.0,-45.95,5971.5,-325.13,-488.14
3377,maize,-442.9919,-487.4812,,,3100.0,0.0,-62.6,5668.0,-442.99,-487.48
3378,maize,-601.6535,-485.2204,,,3290.0,0.0,-85.02,5489.4,-601.65,-485.22
3379,maize,-372.6393,-484.7422,,,3050.0,0.0,-52.66,5829.4,-372.64,-484.74
3380,maize,-366.5211,-483.8283,,,3030.0,0.0,-51.8,5805.9,-366.52,-483.83
3381,maize,-498.0597,-484.9319,,,3350.0,0.0,-70.39,6047.8,-498.06,-484.93
3382,maize,-531.1006,-485.3524,,,3410.0,0.0,-75.05,6059.6,-531.1,-485.35
3383,maize,-422.0943,-485.3564,,,3220.0,0.0,-59.65,6039.6,-422.09,-485.36
3384,maize,-536.5479,-486.7151,,,3350.0,0.0,-75.82,5893.8,-536.55,-486.72
3385,maize,-422.0273,-485.97,,,3270.0,0.0,-59.64,6159.9,-422.03,-485.97
3386,maize,-509.3101,-486.5876,,,3360.0,0.0,-71.98,6026.8,-509.31,-486.59
3387,maize,-302.0419,-481.9718,,,2950.0,0.0,-42.68,5871.8,-302.04,-481.97
3388,maize,-283.6761,-480.0976,,,3060.0,0.0,-40.09,6209.3,-283.68,-480.1
3389,maize,-591.1748,-481.4704,,,3300.0,0.0,-83.54,5555.3,-591.17,-481.47
3390,maize,-413.3295,-478.4651,,,3100.0,0.0,-58.41,5786.7,-413.33,-478.47
3391,maize,-286.6087,-475.1513,,,3010.0,0.0,-40.5,6077.6,-286.61,-475.15
3392,maize,-479.4485,-471.2944,,,3140.0,0.0,-67.76,5618.2,-479.45,-471.29
3393,maize,-433.6515,-470.2439,,,3240.0,0.0,-61.28,6041.4,-433.65,-470.24
3394,maize,-484.5258,-469.8817,,,3250.0,0.0,-68.47,5861.9,-484.53,-469.88
3395,maize,-627.638,-470.557,,,3460.0,0.0,-88.7,5793.4,-627.64,-470.56
3396,maize,-435.3088,-469.5168,,,3210.0,0.0,-61.52,5962.8,-435.31,-469.52
3397,maize,-534.4767,-466.8197,,,3340.0,0.0,-75.53,5878.1,-534.48,-466.82
3398,maize,-573.2592,-471.0132,,,3270.0,0.0,-81.01,5555.0,-573.26,-471.01
3399,maize,-670.3774,-473.7718,,,3320.0,0.0,-94.74,5286.5,-670.38,-473.77
3400,maize,-191.7104,-471.5355,,,2960.0,0.0,-27.09,6337.2,-191.71,-471.54
3401,maize,-351.9394,-472.5311,,,3120.0,0.0,-49.74,6080.2,-351.94,-472.53
3402,maize,-463.1741,-470.8619,,,3460.0,0.0,-65.46,6451.3,-463.17,-470.86
3403,maize,-353.5782,-467.2987,,,3100.0,0.0,-49.97,6025.7,-353.58,-467.3
3404,maize,-121.6376,-460.5951,,,3150.0,0.0,-17.19,7073.4,-121.64,-460.6
3405,maize,-527.1691,-463.8253,,,3210.0,0.0,-74.5,5595.3,-527.17,-463.83
3406,maize,-709.9395,-465.9229,,,3480.0,0.0,-100.33,5512.2,-709.94,-465.92
3407,maize,-508.6699,-467.4023,,,3350.0,0.0,-71.88,6005.3,-508.67,-467.4
3408,maize,-707.4049,-469.4762,,,3460.0,0.0,-99.97,5474.4,-707.4,-469.48
3409,maize,-234.1339,-467.107,,,3050.0,0.0,-33.09,6383.5,-234.13,-467.11
3410,maize,-554.5836,-467.685,,,3330.0,0.0,-78.37,5773.7,-554.58,-467.69
3411,maize,-636.0055,-470.1077,,,3410.0,0.0,-89.88,5640.0,-636.01,-470.11
3412,maize,-571.8482,-470.0662,,,3240.0,0.0,-80.81,5488.6,-571.85,-470.07
3413,maize,-690.5013,-472.9361,,,3360.0,0.0,-97.58,5302.0,-690.5,-472.94
3414,maize,-452.7668,-471.557,,,3380.0,0.0,-63.98,6300.9,-452.77,-471.56
3415,maize,-417.6671,-470.1638,,,3130.0,0.0,-59.02,5841.3,-417.67,-470.16
3416,maize,-451.5176,-470.7385,,,3310.0,0.0,-63.81,6137.9,-451.52,-470.74
3417,maize,-567.2273,-474.9165,,,3330.0,0.0,-80.16,5723.1,-567.23,-474.92
3418,maize,-540.1672,-474.05,,,3400.0,0.0,-76.34,5999.3,-540.17,-474.05
3419,maize,-609.4643,-473.8282,,,3400.0,0.0,-86.13,5722.1,-609.46,-473.83
3420,maize,-604.7867,-476.8474,,,3500.0,0.0,-85.47,5980.9,-604.79,-476.85
3421,maize,-628.8978,-478.1301,,,3530.0,0.0,-88.88,5956.4,-628.9,-478.13
3422,maize,-407.812,-476.9468,,,3280.0,0.0,-57.63,6240.8,-407.81,-476.95
3423,maize,-468.1957,-477.8594,,,3240.0,0.0,-66.16,5903.2,-468.2,-477.86
3424,maize,-584.3015,-476.2248,,,3390.0,0.0,-82.57,5798.8,-584.3,-476.22
3425,maize,-630.9205,-479.5165,,,3430.0,0.0,-89.16,5708.3,-630.92,-479.52
3426,maize,-404.368,-476.4619,,,3180.0,0.0,-57.14,6014.5,-404.37,-476.46
3427,maize,-574.2878,-472.8572,,,3390.0,0.0,-81.16,5838.8,-574.29,-472.86
3428,maize,-390.9337,-472.4447,,,3120.0,0.0,-55.25,5924.3,-390.93,-472.44
3429,maize,-564.6835,-470.4141,,,3300.0,0.0,-79.8,5661.3,-564.68,-470.41
3430,maize,-495.7758,-471.7867,,,3370.0,0.0,-70.06,6104.9,-495.78,-471.79
3431,maize,-538.7457,-473.6046,,,3460.0,0.0,-76.13,6149.0,-538.75,-473.6
3432,maize,-301.8715,-470.7947,,,3170.0,0.0,-42.66,6400.5,-301.87,-470.79
3433,maize,-381.8597,-471.094,,,3130.0,0.0,-53.96,5984.6,-381.86,-471.09
3434,maize,-461.3516,-470.8392,,,3330.0,0.0,-65.2,6146.6,-461.35,-470.84
3435,maize,-586.0948,-469.7805,,,3210.0,0.0,-82.83,5359.6,-586.09,-469.78
3436,maize,-507.2927,-467.9068,,,3160.0,0.0,-71.69,5554.8,-507.29,-467.91
3437,maize,-1061.8062,-472.6363,,,3190.0,0.0,-150.05,3408.8,-1061.81,-472.64
3438,maize,-197.1386,-468.4004,,,2890.0,0.0,-27.86,6147.4,-197.14,-468.4
3439,maize,-634.8871,-473.527,,,3590.0,0.0,-89.72,6076.5,-634.89,-473.53
3440,maize,-716.0596,-474.7538,,,3490.0,0.0,-101.19,5511.8,-716.06,-474.75
3441,maize,-535.9113,-476.6675,,,3270.0,0.0,-75.73,5704.4,-535.91,-476.67
3442,maize,-355.4887,-475.9344,,,3200.0,0.0,-50.24,6258.0,-355.49,-475.93
3443,maize,-326.5668,-472.9736,,,3250.0,0.0,-46.15,6493.7,-326.57,-472.97
3444,maize,-16.7663,-464.6088,,,2810.0,0.0,-2.37,6676.9,-16.77,-464.61
3445,maize,-462.9422,-463.0094,,,3230.0,0.0,-65.42,5900.2,-462.94,-463.01
3446,maize,-650.3816,-470.2402,,,3400.0,0.0,-91.91,5558.5,-650.38,-470.24
3447,maize,-203.7435,-469.5116,,,2810.0,0.0,-28.79,5929.0,-203.74,-469.51
3448,maize,-482.4439,-469.3827,,,3370.0,0.0,-68.18,6158.2,-482.44,-469.38
3449,maize,-390.9297,-469.3766,,,3060.0,0.0,-55.25,5780.3,-390.93,-469.38
3450,maize,-340.8919,-468.5955,,,3190.0,0.0,-48.17,6292.4,-340.89,-468.6
3451,maize,-437.8857,-466.1446,,,3080.0,0.0,-61.88,5640.5,-437.89,-466.14
3452,maize,-115.8184,-464.3127,,,2970.0,0.0,-16.37,6664.7,-115.82,-464.31
3453,maize,-382.2182,-463.4111,,,3200.0,0.0,-54.01,6151.1,-382.22,-463.41
3454,maize,-209.1037,-460.3767,,,2930.0,0.0,-29.55,6195.6,-209.1,-460.38
3455,maize,-350.2434,-458.0655,,,3070.0,0.0,-49.5,5967.0,-350.24,-458.07
3456,maize,-194.9783,-456.9006,,,2880.0,0.0,-27.55,6132.1,-194.98,-456.9
3457,maize,-822.5669,-459.369,,,3610.0,0.0,-116.24,5373.7,-822.57,-459.37
3458,maize,-513.7975,-460.9962,,,3310.0,0.0,-72.61,5888.8,-513.8,-461.0
3459,maize,-631.5104,-457.5998,,,3360.0,0.0,-89.24,5538.0,-631.51,-457.6
3460,maize,-532.7144,-461.3848,,,3320.0,0.0,-75.28,5837.1,-532.71,-461.38
3461,maize,-508.3933,-464.2528,,,3170.0,0.0,-71.85,5574.4,-508.39,-464.25
3462,maize,-635.7403,-470.3387,,,3410.0,0.0,-89.84,5641.0,-635.74,-470.34
3463,maize,-586.2447,-470.7143,,,3290.0,0.0,-82.85,5551.0,-586.24,-470.71
3464,maize,-444.6001,-467.9582,,,3020.0,0.0,-62.83,5469.6,-444.6,-467.96
3465,maize,-307.5569,-466.7028,,,3100.0,0.0,-43.46,6209.8,-307.56,-466.7
3466,maize,-522.2924,-467.5363,,,3460.0,0.0,-73.81,6214.8,-522.29,-467.54
3467,maize,-451.0388,-467.7562,,,3370.0,0.0,-63.74,6283.8,-451.04,-467.76
3468,maize,-610.8224,-472.3483,,,3440.0,0.0,-86.32,5812.7,-610.82,-472.35
3469,maize,-525.5681,-471.3477,,,3350.0,0.0,-74.27,5937.7,-525.57,-471.35
3470,maize,-599.3789,-473.7045,,,3410.0,0.0,-84.7,5786.5,-599.38,-473.7
3471,maize,-405.4018,-473.4489,,,3250.0,0.0,-57.29,6178.4,-405.4,-473.45
3472,maize,-404.682,-472.2359,,,3330.0,0.0,-57.19,6373.3,-404.68,-472.24
3473,maize,-549.3748,-474.2292,,,3330.0,0.0,-77.64,5794.5,-549.37,-474.23
3474,maize,-310.0308,-473.9351,,,3050.0,0.0,-43.81,6079.9,-310.03,-473.94
3475,maize,-524.7305,-472.8953,,,3130.0,0.0,-74.15,5413.1,-524.73,-472.9
3476,maize,-295.4253,-472.5982,,,3190.0,0.0,-41.75,6474.3,-295.43,-472.6
3477,maize,-528.926,-473.4576,,,3140.0,0.0,-74.75,5420.3,-528.93,-473.46
3478,maize,-498.7803,-472.4288,,,3180.0,0.0,-70.49,5636.9,-498.78,-472.43
3479,maize,-616.47,-474.8671,,,3300.0,0.0,-87.12,5454.1,-616.47,-474.87
3480,maize,-593.2094,-477.134,,,3420.0,0.0,-83.83,5835.2,-593.21,-477.13
3481,maize,-329.5977,-475.4494,,,3060.0,0.0,-46.58,6025.6,-329.6,-475.45
3482,maize,-370.6936,-473.8453,,,3060.0,0.0,-52.39,5861.2,-370.69,-473.85
3483,maize,-379.5879,-473.4203,,,3240.0,0.0,-53.64,6257.6,-379.59,-473.42
3484,maize,-332.8868,-471.3837,,,3150.0,0.0,-47.04,6228.5,-332.89,-471.38
3485,maize,-451.5595,-471.679,,,3340.0,0.0,-63.81,6209.8,-451.56,-471.68
3486,maize,-504.6832,-471.6327,,,3280.0,0.0,-71.32,5853.3,-504.68,-471.63
3487,maize,-637.8217,-474.9905,,,3490.0,0.0,-90.14,5824.7,-637.82,-474.99
3488,maize,-311.6748,-475.2705,,,3150.0,0.0,-44.05,6313.3,-311.67,-475.27
3489,maize,-563.0759,-474.9895,,,2950.0,0.0,-79.57,4827.7,-563.08,-474.99
3490,maize,-674.9915,-477.6061,,,3640.0,0.0,-95.39,6036.0,-674.99,-477.61
3491,maize,-209.9322,-476.8394,,,3080.0,0.0,-29.67,6552.3,-209.93,-476.84
3492,maize,-627.6794,-478.3217,,,3180.0,0.0,-88.7,5121.3,-627.68,-478.32
3493,maize,-367.4223,-477.6594,,,3210.0,0.0,-51.92,6234.3,-367.42,-477.66
3494,maize,-517.6314,-477.9904,,,3370.0,0.0,-73.15,6017.5,-517.63,-477.99
3495,maize,-624.1772,-477.9558,,,3490.0,0.0,-88.21,5879.3,-624.18,-477.96
3496,maize,-222.4839,-475.8276,,,2910.0,0.0,-31.44,6094.1,-222.48,-475.83
3497,maize,-537.9545,-475.8624,,,3360.0,0.0,-76.02,5912.2,-537.95,-475.86
3498,maize,-753.4185,-477.664,,,3340.0,0.0,-106.47,5002.3,-753.42,-477.66
3499,maize,-416.2509,-475.1227,,,3270.0,0.0,-58.82,6183.0,-416.25,-475.12
3500,maize,-591.9035,-479.1246,,,3310.0,0.0,-83.65,5576.4,-591.9,-479.12
3501,maize,-696.2292,-482.5675,,,3270.0,0.0,-98.39,5063.1,-696.23,-482.57
3502,maize,-563.1121,-483.5669,,,3310.0,0.0,-79.58,5691.6,-563.11,-483.57
3503,maize,-514.3413,-485.1745,,,3250.0,0.0,-72.69,5742.6,-514.34,-485.17
3504,maize,-420.0977,-488.1591,,,2990.0,0.0,-59.37,5495.6,-420.1,-488.16
3505,maize,-810.7078,-490.9945,,,3490.0,0.0,-114.57,5133.2,-810.71,-490.99
3506,maize,-556.6222,-489.4613,,,3390.0,0.0,-78.66,5909.5,-556.62,-489.46
3507,maize,-735.3434,-491.7281,,,3620.0,0.0,-103.92,5746.6,-735.34,-491.73
3508,maize,-225.6523,-486.9106,,,3010.0,0.0,-31.89,6321.4,-225.65,-486.91
3509,maize,-427.1823,-488.841,,,3150.0,0.0,-60.37,5851.3,-427.18,-488.84
3510,maize,-135.9294,-484.6545,,,2800.0,0.0,-19.21,6176.3,-135.93,-484.65
3511,maize,-504.9781,-483.3442,,,3310.0,0.0,-71.36,5924.1,-504.98,-483.34
3512,maize,-243.5308,-480.061,,,3090.0,0.0,-34.42,6441.9,-243.53,-480.06
3513,maize,-634.1984,-479.498,,,3560.0,0.0,-89.62,6007.2,-634.2,-479.5
3514,maize,-320.7884,-478.1782,,,3110.0,0.0,-45.33,6180.8,-320.79,-478.18
3515,maize,-551.3578,-479.5151,,,3280.0,0.0,-77.92,5666.6,-551.36,-479.52
3516,maize,-252.7661,-477.5276,,,3130.0,0.0,-35.72,6500.9,-252.77,-477.53
3517,maize,-495.0328,-476.8057,,,3350.0,0.0,-69.96,6059.9,-495.03,-476.81
3518,maize,-439.733,-475.8013,,,3270.0,0.0,-62.14,6089.1,-439.73,-475.8
3519,maize,-507.1216,-474.7779,,,3290.0,0.0,-71.67,5867.5,-507.12,-474.78
3520,maize,-421.2677,-472.9427,,,3130.0,0.0,-59.53,5826.9,-421.27,-472.94
3521,maize,-410.6086,-470.7598,,,3190.0,0.0,-58.03,6013.6,-410.61,-470.76
3522,maize,-92.5161,-467.6069,,,2940.0,0.0,-13.07,6685.9,-92.52,-467.61
3523,maize,-440.9478,-467.3344,,,3230.0,0.0,-62.31,5988.2,-440.95,-467.33
3524,maize,-707.5198,-468.5666,,,3330.0,0.0,-99.99,5161.9,-707.52,-468.57
3525,maize,-387.4496,-466.1319,,,3360.0,0.0,-54.75,6514.2,-387.45,-466.13
3526,maize,-573.4761,-467.8229,,,3270.0,0.0,-81.04,5554.1,-573.48,-467.82
3527,maize,-569.8083,-467.7782,,,3380.0,0.0,-80.52,5832.8,-569.81,-467.78
3528,maize,-546.1386,-469.3302,,,3300.0,0.0,-77.18,5735.4,-546.14,-469.33
3529,maize,-408.0068,-467.7634,,,3310.0,0.0,-57.66,6312.0,-408.01,-467.76
3530,maize,-451.5481,-467.3212,,,3230.0,0.0,-63.81,5945.8,-451.55,-467.32
3531,maize,-305.2472,-464.9862,,,3050.0,0.0,-43.14,6099.0,-305.25,-464.99
3532,maize,-432.2856,-466.2903,,,3200.0,0.0,-61.09,5950.9,-432.29,-466.29
3533,maize,-435.5304,-466.827,,,3100.0,0.0,-61.55,5697.9,-435.53,-466.83
3534,maize,-672.4358,-468.9379,,,3390.0,0.0,-95.03,5446.3,-672.44,-468.94
3535,maize,-270.9357,-465.7863,,,3220.0,0.0,-38.29,6644.3,-270.94,-465.79
3536,maize,-412.0169,-464.8335,,,3100.0,0.0,-58.23,5791.9,-412.02,-464.83
3537,maize,-571.328,-459.9287,,,3270.0,0.0,-80.74,5562.7,-571.33,-459.93
3538,maize,-251.9987,-460.4773,,,3090.0,0.0,-35.61,6408.0,-252.0,-460.48
3539,maize,-420.6662,-458.3351,,,3220.0,0.0,-59.45,6045.3,-420.67,-458.34
3540,maize,-414.0676,-455.3152,,,3160.0,0.0,-58.52,5927.7,-414.07,-455.32
3541,maize,-407.7943,-454.034,,,3180.0,0.0,-57.63,6000.8,-407.79,-454.03
3542,maize,-721.8036,-457.6972,,,3600.0,0.0,-102.0,5752.8,-721.8,-457.7
3543,maize,-266.4662,-457.0962,,,3050.0,0.0,-37.66,6254.1,-266.47,-457.1
3544,maize,-521.89,-462.1474,,,3190.0,0.0,-73.75,5568.4,-521.89,-462.15
3545,maize,-218.5646,-459.7036,,,2880.0,0.0,-30.89,6037.7,-218.56,-459.7
3546,maize,-129.1311,-454.4911,,,2940.0,0.0,-18.25,6539.5,-129.13,-454.49
3547,maize,-551.3131,-457.9668,,,3510.0,0.0,-77.91,6218.7,-551.31,-457.97
3548,maize,-656.9575,-459.712,,,3310.0,0.0,-92.84,5316.2,-656.96,-459.71
3549,maize,-409.7552,-459.9002,,,3250.0,0.0,-57.91,6161.0,-409.76,-459.9
3550,maize,-570.5678,-462.197,,,3300.0,0.0,-80.63,5637.7,-570.57,-462.2
3551,maize,-106.8361,-458.8865,,,2970.0,0.0,-15.1,6700.7,-106.84,-458.89
3552,maize,-620.1048,-463.9294,,,3230.0,0.0,-87.63,5271.6,-620.1,-463.93
3553,maize,-427.4701,-464.3819,,,3180.0,0.0,-60.41,5922.1,-427.47,-464.38
3554,maize,-299.4464,-465.2853,,,3070.0,0.0,-42.32,6170.2,-299.45,-465.29
3555,maize,-289.7953,-464.6808,,,3060.0,0.0,-40.95,6184.8,-289.8,-464.68
3556,maize,-443.2787,-467.1638,,,3300.0,0.0,-62.64,6146.9,-443.28,-467.16
3557,maize,-404.8117,-462.9863,,,3250.0,0.0,-57.21,6180.8,-404.81,-462.99
3558,maize,-144.2623,-459.2909,,,2870.0,0.0,-20.39,6311.0,-144.26,-459.29
3559,maize,-662.6843,-459.6027,,,3500.0,0.0,-93.65,5749.3,-662.68,-459.6
3560,maize,-249.9704,-456.7752,,,2930.0,0.0,-35.33,6032.1,-249.97,-456.78
3561,maize,-354.7017,-455.2383,,,3170.0,0.0,-50.13,6189.2,-354.7,-455.24
3562,maize,-747.3859,-456.3548,,,3540.0,0.0,-105.62,5506.5,-747.39,-456.35
3563,maize,-300.1838,-453.4941,,,2910.0,0.0,-42.42,5783.3,-300.18,-453.49
3564,maize,-645.6287,-455.5044,,,3270.0,0.0,-91.24,5265.5,-645.63,-455.5
3565,maize,-356.6324,-455.9952,,,3150.0,0.0,-50.4,6133.5,-356.63,-456.0
3566,maize,-444.8115,-455.2204,,,3080.0,0.0,-62.86,5612.8,-444.81,-455.22
3567,maize,-549.3663,-456.2037,,,3400.0,0.0,-77.64,5962.5,-549.37,-456.2
3568,maize,-251.5614,-452.611,,,3110.0,0.0,-35.55,6457.8,-251.56,-452.61
3569,maize,-458.7307,-451.9427,,,3240.0,0.0,-64.83,5941.1,-458.73,-451.94
3570,maize,-704.2344,-452.9912,,,3460.0,0.0,-99.52,5487.1,-704.23,-452.99
3571,maize,-572.6138,-454.6633,,,3230.0,0.0,-80.92,5461.5,-572.61,-454.66
3572,maize,-569.5376,-456.3119,,,3290.0,0.0,-80.49,5617.8,-569.54,-456.31
3573,maize,15.4093,-450.6641,,,2980.0,0.0,2.18,7213.6,15.41,-450.66
3574,maize,-561.8172,-453.1819,,,3300.0,0.0,-79.4,5672.7,-561.82,-453.18
3575,maize,-132.0591,-449.2552,,,2940.0,0.0,-18.66,6527.8,-132.06,-449.26
3576,maize,-428.6834,-450.5878,,,3190.0,0.0,-60.58,5941.3,-428.68,-450.59
3577,maize,-765.4607,-452.9531,,,3500.0,0.0,-108.17,5338.2,-765.46,-452.95
3578,maize,-594.2561,-453.9079,,,3350.0,0.0,-83.98,5663.0,-594.26,-453.91
3579,maize,-291.3124,-450.6563,,,2770.0,0.0,-41.17,5482.8,-291.31,-450.66
3580,maize,-302.5582,-447.7498,,,3110.0,0.0,-42.76,6253.8,-302.56,-447.75
3581,maize,-463.8702,-449.0925,,,3330.0,0.0,-65.55,6136.5,-463.87,-449.09
3582,maize,-512.6906,-450.5125,,,3330.0,0.0,-72.45,5941.2,-512.69,-450.51
3583,maize,-565.5947,-452.3726,,,3370.0,0.0,-79.93,5825.6,-565.59,-452.37
3584,maize,-128.4856,-450.3286,,,3140.0,0.0,-18.16,7022.1,-128.49,-450.33
3585,maize,-443.0752,-450.2437,,,3260.0,0.0,-62.61,6051.7,-443.08,-450.24
3586,maize,-487.9574,-450.0765,,,3260.0,0.0,-68.96,5872.2,-487.96,-450.08
3587,maize,-253.6103,-446.2343,,,3240.0,0.0,-35.84,6761.6,-253.61,-446.23
3588,maize,-288.953,-446.0071,,,3140.0,0.0,-40.83,6380.2,-288.95,-446.01
3589,maize,-403.5309,-444.4117,,,3190.0,0.0,-57.03,6041.9,-403.53,-444.41
3590,maize,-218.7608,-439.8494,,,3130.0,0.0,-30.92,6637.0,-218.76,-439.85
3591,maize,-511.5675,-442.8657,,,3400.0,0.0,-72.29,6113.7,-511.57,-442.87
3592,maize,-277.189,-439.3608,,,3010.0,0.0,-39.17,6115.2,-277.19,-439.36
3593,maize,-517.4407,-440.861,,,3210.0,0.0,-73.12,5634.2,-517.44,-440.86
3594,maize,-279.8924,-438.4836,,,3000.0,0.0,-39.55,6080.4,-279.89,-438.48
3595,maize,-446.9472,-436.7113,,,3200.0,0.0,-63.16,5892.2,-446.95,-436.71
3596,maize,-451.8293,-439.0048,,,3260.0,0.0,-63.85,6016.7,-451.83,-439.0
3597,maize,-589.061,-439.5158,,,3350.0,0.0,-83.25,5683.8,-589.06,-439.52
3598,maize,-526.3864,-437.2455,,,3400.0,0.0,-74.39,6054.5,-526.39,-437.25
3599,maize,-653.1575,-439.6146,,,3350.0,0.0,-92.3,5427.4,-653.16,-439.61
3600,maize,-501.5858,-438.7114,,,3190.0,0.0,-70.88,5649.7,-501.59,-438.71
3601,maize,-223.493,-433.984,,,3150.0,0.0,-31.58,6666.0,-223.49,-433.98
3602,maize,-456.2352,-432.9153,,,3150.0,0.0,-64.47,5735.1,-456.24,-432.92
3603,maize,-628.7442,-434.0593,,,3400.0,0.0,-88.85,5645.0,-628.74,-434.06
3604,maize,-316.8747,-433.0271,,,3230.0,0.0,-44.78,6484.5,-316.87,-433.03
3605,maize,-500.3694,-429.9237,,,3430.0,0.0,-70.71,6230.5,-500.37,-429.92
3606,maize,-793.434,-432.2918,,,3520.0,0.0,-112.13,5274.3,-793.43,-432.29
3607,maize,-482.8757,-429.7671,,,3100.0,0.0,-68.24,5508.5,-482.88,-429.77
3608,maize,-492.9619,-432.4402,,,3320.0,0.0,-69.66,5996.2,-492.96,-432.44
3609,maize,-484.1151,-433.0095,,,3340.0,0.0,-68.41,6079.5,-484.12,-433.01
3610,maize,-324.5638,-434.8959,,,3240.0,0.0,-45.87,6477.7,-324.56,-434.9
3611,maize,-364.0347,-433.4865,,,3080.0,0.0,-51.44,5935.9,-364.03,-433.49
3612,maize,-337.1469,-434.4226,,,3210.0,0.0,-47.65,6355.4,-337.15,-434.42
3613,maize,-729.844,-435.3791,,,3510.0,0.0,-103.14,5504.6,-729.84,-435.38
3614,maize,-488.8989,-437.0602,,,3300.0,0.0,-69.09,5964.4,-488.9,-437.06
3615,maize,-447.5551,-436.0221,,,3290.0,0.0,-63.25,6105.8,-447.56,-436.02
3616,maize,-211.9406,-435.6139,,,3070.0,0.0,-29.95,6520.2,-211.94,-435.61
3617,maize,-450.195,-435.1655,,,3180.0,0.0,-63.62,5831.2,-450.19,-435.17
3618,maize,-545.4193,-436.2224,,,3230.0,0.0,-77.08,5570.3,-545.42,-436.22
3619,maize,-571.6738,-436.8679,,,3220.0,0.0,-80.79,5441.3,-571.67,-436.87
3620,maize,-388.2547,-436.5378,,,3070.0,0.0,-54.87,5815.0,-388.25,-436.54
3621,maize,-311.9979,-435.5517,,,2960.0,0.0,-44.09,5856.0,-312.0,-435.55
3622,maize,-354.8447,-438.1749,,,3140.0,0.0,-50.15,6116.6,-354.84,-438.17
3623,maize,-375.2448,-437.5179,,,3220.0,0.0,-53.03,6227.0,-375.24,-437.52
3624,maize,-687.4288,-437.317,,,3370.0,0.0,-97.15,5338.3,-687.43,-437.32
3625,maize,-629.5143,-439.7377,,,3370.0,0.0,-88.96,5569.9,-629.51,-439.74
3626,maize,-475.5063,-438.758,,,3200.0,0.0,-67.2,5778.0,-475.51,-438.76
3627,maize,-435.0544,-437.4104,,,3270.0,0.0,-61.48,6107.8,-435.05,-437.41
3628,maize,-619.5202,-438.1442,,,3490.0,0.0,-87.55,5897.9,-619.52,-438.14
3629,maize,-309.5789,-437.16,,,2870.0,0.0,-43.75,5649.7,-309.58,-437.16
3630,maize,-373.6488,-436.381,,,3100.0,0.0,-52.8,5945.4,-373.65,-436.38
3631,maize,-206.7738,-435.3962,,,2930.0,0.0,-29.22,6204.9,-206.77,-435.4
3632,maize,-466.0328,-435.7337,,,3140.0,0.0,-65.86,5671.9,-466.03,-435.73
3633,maize,-497.9029,-436.3574,,,3270.0,0.0,-70.36,5856.4,-497.9,-436.36
3634,maize,-187.0133,-431.5032,,,2870.0,0.0,-26.43,6139.9,-187.01,-431.5
3635,maize,-552.0916,-434.3148,,,3360.0,0.0,-78.02,5855.6,-552.09,-434.31
3636,maize,-313.3265,-433.3279,,,2860.0,0.0,-44.28,5610.7,-313.33,-433.33
3637,maize,-242.1595,-430.0362,,,3080.0,0.0,-34.22,6423.4,-242.16,-430.04
3638,maize,-562.8443,-433.1446,,,3220.0,0.0,-79.54,5476.6,-562.84,-433.14
3639,maize,-665.9747,-435.5977,,,3310.0,0.0,-94.11,5280.1,-665.97,-435.6
3640,maize,-243.226,-433.8893,,,2980.0,0.0,-34.37,6179.1,-243.23,-433.89
3641,maize,-554.0612,-435.352,,,3180.0,0.0,-78.3,5415.8,-554.06,-435.35
3642,maize,-149.5172,-429.6291,,,2750.0,0.0,-21.13,6001.9,-149.52,-429.63
3643,maize,-527.9265,-432.2437,,,3370.0,0.0,-74.61,5976.3,-527.93,-432.24
3644,maize,-613.0235,-433.155,,,3500.0,0.0,-86.63,5947.9,-613.02,-433.16
3645,maize,-491.3445,-435.8828,,,3220.0,0.0,-69.44,5762.6,-491.34,-435.88
3646,maize,-339.8494,-437.99,,,3120.0,0.0,-48.03,6128.6,-339.85,-437.99
3647,maize,-940.7433,-441.8843,,,3820.0,0.0,-132.94,5405.0,-940.74,-441.88
3648,maize,-638.3053,-441.6978,,,3280.0,0.0,-90.2,5318.8,-638.31,-441.7
3649,maize,-262.7983,-440.2282,,,3070.0,0.0,-37.14,6316.8,-262.8,-440.23
3650,maize,-334.6609,-437.8692,,,3130.0,0.0,-47.29,6173.4,-334.66,-437.87
3651,maize,-257.0049,-439.3709,,,2960.0,0.0,-36.32,6076.0,-257.0,-439.37
3652,maize,-196.3052,-435.1329,,,2980.0,0.0,-27.74,6366.8,-196.31,-435.13
3653,maize,-529.0405,-436.1486,,,3150.0,0.0,-74.76,5443.8,-529.04,-436.15
3654,maize,-292.1324,-436.0754,,,3230.0,0.0,-41.28,6583.5,-292.13,-436.08
3655,maize,-431.1384,-437.4888,,,3240.0,0.0,-60.93,6051.4,-431.14,-437.49
3656,maize,-363.8445,-436.6945,,,3220.0,0.0,-51.42,6272.6,-363.84,-436.69
3657,maize,-577.1479,-438.4179,,,3290.0,0.0,-81.56,5587.4,-577.15,-438.42
3658,maize,-598.5565,-442.9608,,,3310.0,0.0,-84.59,5549.8,-598.56,-442.96
3659,maize,-352.1241,-439.8552,,,3010.0,0.0,-49.76,5815.5,-352.12,-439.86
3660,maize,-130.1,-438.6565,,,3120.0,0.0,-18.39,6967.6,-130.1,-438.66
3661,maize,-439.7517,-439.507,,,3250.0,0.0,-62.15,6041.0,-439.75,-439.51
3662,maize,-801.0528,-440.0437,,,3640.0,0.0,-113.2,5531.8,-801.05,-440.04
3663,maize,-516.5189,-442.207,,,3400.0,0.0,-72.99,6093.9,-516.52,-442.21
3664,maize,-579.7711,-441.5484,,,3550.0,0.0,-81.93,6200.9,-579.77,-441.55
3665,maize,-665.5674,-444.6378,,,3520.0,0.0,-94.06,5785.7,-665.57,-444.64
3666,maize,-179.8192,-441.9879,,,2920.0,0.0,-25.41,6288.7,-179.82,-441.99
3667,maize,-347.2567,-439.9668,,,2840.0,0.0,-49.07,5427.0,-347.26,-439.97
3668,maize,-490.9233,-442.3604,,,3300.0,0.0,-69.38,5956.3,-490.92,-442.36
3669,maize,-781.8604,-445.5917,,,3540.0,0.0,-110.49,5368.6,-781.86,-445.59
3670,maize,-443.9896,-442.9892,,,3190.0,0.0,-62.74,5880.0,-443.99,-442.99
3671,maize,-307.6006,-440.3391,,,3000.0,0.0,-43.47,5969.6,-307.6,-440.34
3672,maize,-67.3136,-435.3169,,,2940.0,0.0,-9.51,6786.7,-67.31,-435.32
3673,maize,-220.7469,-437.6784,,,3160.0,0.0,-31.2,6701.0,-220.75,-437.68
3674,maize,-479.0177,-436.8504,,,3220.0,0.0,-67.69,5811.9,-479.02,-436.85
3675,maize,-248.8631,-438.0185,,,3050.0,0.0,-35.17,6324.5,-248.86,-438.02
3676,maize,-222.3028,-435.9547,,,3090.0,0.0,-31.42,6526.8,-222.3,-435.95
3677,maize,-336.5522,-431.6656,,,3120.0,0.0,-47.56,6141.8,-336.55,-431.67
3678,maize,-418.8987,-429.912,,,3240.0,0.0,-59.2,6100.4,-418.9,-429.91
3679,maize,-881.7688,-435.8166,,,3600.0,0.0,-124.61,5112.9,-881.77,-435.82
3680,maize,-677.8177,-439.5692,,,3300.0,0.0,-95.79,5208.7,-677.82,-439.57
3681,maize,-526.5311,-440.1958,,,3420.0,0.0,-74.41,6101.9,-526.53,-440.2
3682,maize,-566.6222,-440.7351,,,3340.0,0.0,-80.07,5749.5,-566.62,-440.74
3683,maize,-192.4206,-437.0034,,,2990.0,0.0,-27.19,6406.3,-192.42,-437.0
3684,maize,-428.6438,-440.0049,,,3220.0,0.0,-60.58,6013.4,-428.64,-440.0
3685,maize,-552.0477,-441.0947,,,3360.0,0.0,-78.01,5855.8,-552.05,-441.09
3686,maize,-472.355,-440.9386,,,3250.0,0.0,-66.75,5910.6,-472.36,-440.94
3687,maize,-612.3626,-444.5262,,,3310.0,0.0,-86.54,5494.5,-612.36,-444.53
3688,maize,-364.9395,-445.286,,,2880.0,0.0,-51.57,5452.2,-364.94,-445.29
3689,maize,-326.5503,-444.5162,,,3170.0,0.0,-46.15,6301.8,-326.55,-444.52
3690,maize,-469.6681,-447.0253,,,3310.0,0.0,-66.37,6065.3,-469.67,-447.03
3691,maize,-588.2756,-447.7924,,,3270.0,0.0,-83.13,5494.9,-588.28,-447.79
3692,maize,-417.4597,-449.1951,,,3160.0,0.0,-58.99,5914.2,-417.46,-449.2
3693,maize,-600.8263,-450.0289,,,3420.0,0.0,-84.91,5804.7,-600.83,-450.03
3694,maize,-486.7663,-452.0977,,,3240.0,0.0,-68.79,5828.9,-486.77,-452.1
3695,maize,-542.6424,-453.0546,,,3290.0,0.0,-76.69,5725.4,-542.64,-453.05
3696,maize,-467.1308,-453.2076,,,3290.0,0.0,-66.01,6027.5,-467.13,-453.21
3697,maize,-533.0038,-452.6471,,,3230.0,0.0,-75.32,5620.0,-533.0,-452.65
3698,maize,-518.4442,-452.5677,,,3420.0,0.0,-73.27,6134.2,-518.44,-452.57
3699,maize,-352.4802,-449.5609,,,3100.0,0.0,-49.81,6030.1,-352.48,-449.56
3700,maize,-666.5027,-451.21,,,3480.0,0.0,-94.19,5686.0,-666.5,-451.21
3701,maize,-623.9203,-455.2143,,,3400.0,0.0,-88.17,5664.3,-623.92,-455.21
3702,maize,-530.6925,-455.9589,,,3190.0,0.0,-75.0,5533.2,-530.69,-455.96
3703,maize,-513.9907,-454.8114,,,3320.0,0.0,-72.64,5912.0,-513.99,-454.81
3704,maize,-315.8033,-454.8006,,,3120.0,0.0,-44.63,6224.8,-315.8,-454.8
3705,maize,-432.6798,-454.1237,,,3060.0,0.0,-61.15,5613.3,-432.68,-454.12
3706,maize,-405.2372,-450.2418,,,3190.0,0.0,-57.27,6035.1,-405.24,-450.24
3707,maize,-385.3483,-449.2665,,,3230.0,0.0,-54.46,6210.6,-385.35,-449.27
3708,maize,-324.023,-447.5771,,,2870.0,0.0,-45.79,5591.9,-324.02,-447.58
3709,maize,-223.2449,-444.9684,,,3000.0,0.0,-31.55,6307.0,-223.24,-444.97
3710,maize,-426.4021,-445.9868,,,3000.0,0.0,-60.26,5494.4,-426.4,-445.99
3711,maize,-581.8298,-448.1648,,,3360.0,0.0,-82.22,5736.7,-581.83,-448.16
3712,maize,-700.6713,-451.8,,,3410.0,0.0,-99.02,5381.3,-700.67,-451.8
3713,maize,-163.2957,-446.1345,,,2740.0,0.0,-23.08,5922.8,-163.3,-446.13
3714,maize,-379.1552,-445.0371,,,3030.0,0.0,-53.58,5755.4,-379.16,-445.04
3715,maize,-431.6417,-444.8779,,,3100.0,0.0,-61.0,5713.4,-431.64,-444.88
3716,maize,-575.6981,-448.5155,,,3380.0,0.0,-81.36,5809.2,-575.7,-448.52
3717,maize,-459.3805,-448.6074,,,3300.0,0.0,-64.92,6082.5,-459.38,-448.61
3718,maize,-354.2546,-446.6957,,,3120.0,0.0,-50.06,6071.0,-354.25,-446.7
3719,maize,-453.981,-445.5188,,,3210.0,0.0,-64.16,5888.1,-453.98,-445.52
3720,maize,-339.9803,-445.0361,,,3060.0,0.0,-48.05,5984.1,-339.98,-445.04
3721,maize,-338.8853,-445.3049,,,2960.0,0.0,-47.89,5748.5,-338.89,-445.3
3722,maize,-470.3692,-446.4602,,,3290.0,0.0,-66.47,6014.5,-470.37,-446.46
3723,maize,-197.3275,-444.681,,,2910.0,0.0,-27.89,6194.7,-197.33,-444.68
3724,maize,-546.342,-443.2701,,,3350.0,0.0,-77.21,5854.6,-546.34,-443.27
3725,maize,-394.5112,-440.9201,,,3060.0,0.0,-55.75,5766.0,-394.51,-440.92
3726,maize,-462.163,-440.7867,,,3110.0,0.0,-65.31,5615.3,-462.16,-440.79
3727,maize,-685.0229,-443.2864,,,3540.0,0.0,-96.81,5755.9,-685.02,-443.29
3728,maize,-183.4956,-438.9261,,,2930.0,0.0,-25.93,6298.0,-183.5,-438.93
3729,maize,-496.1537,-440.7919,,,3200.0,0.0,-70.12,5695.4,-496.15,-440.79
3730,maize,-516.2693,-442.2181,,,3140.0,0.0,-72.96,5470.9,-516.27,-442.22
3731,maize,-391.4124,-444.0644,,,3190.0,0.0,-55.31,6090.4,-391.41,-444.06
3732,maize,-613.1943,-445.5361,,,3370.0,0.0,-86.66,5635.2,-613.19,-445.54
3733,maize,-109.2653,-441.6497,,,2950.0,0.0,-15.44,6642.9,-109.27,-441.65
3734,maize,23.1804,-439.5477,,,2780.0,0.0,3.28,6764.7,23.18,-439.55
3735,maize,-141.3701,-435.4405,,,2970.0,0.0,-19.98,6562.5,-141.37,-435.44
3736,maize,-468.0194,-436.9875,,,3150.0,0.0,-66.14,5687.9,-468.02,-436.99
3737,maize,-480.2126,-439.368,,,3120.0,0.0,-67.86,5567.1,-480.21,-439.37
3738,maize,-304.3248,-436.7828,,,3120.0,0.0,-43.01,6270.7,-304.32,-436.78
3739,maize,-658.8028,-436.7111,,,3480.0,0.0,-93.1,5716.8,-658.8,-436.71
3740,maize,-527.1897,-439.5507,,,3160.0,0.0,-74.5,5475.2,-527.19,-439.55
3741,maize,-630.7929,-440.318,,,3470.0,0.0,-89.14,5804.8,-630.79,-440.32
3742,maize,-384.5478,-442.6683,,,3220.0,0.0,-54.34,6189.8,-384.55,-442.67
3743,maize,-666.4509,-444.0536,,,3590.0,0.0,-94.18,5950.2,-666.45,-444.05
3744,maize,-206.6449,-439.9898,,,2900.0,0.0,-29.2,6133.4,-206.64,-439.99
3745,maize,-659.7957,-441.6743,,,3380.0,0.0,-93.24,5472.8,-659.8,-441.67
3746,maize,-439.0022,-442.6658,,,3180.0,0.0,-62.04,5876.0,-439.0,-442.67
3747,maize,-500.7456,-438.2659,,,3320.0,0.0,-70.76,5965.0,-500.75,-438.27
3748,maize,-436.868,-436.2515,,,3140.0,0.0,-61.74,5788.5,-436.87,-436.25
3749,maize,-388.3724,-437.5072,,,3310.0,0.0,-54.88,6390.5,-388.37,-437.51
3750,maize,-404.1734,-438.2023,,,3350.0,0.0,-57.12,6423.3,-404.17,-438.2
3751,maize,-429.1364,-439.9237,,,3150.0,0.0,-60.65,5843.5,-429.14,-439.92
3752,maize,-30.3015,-438.2636,,,2820.0,0.0,-4.28,6646.8,-30.3,-438.26
3753,maize,-229.5735,-435.269,,,3130.0,0.0,-32.44,6593.7,-229.57,-435.27
3754,maize,-552.5626,-437.8733,,,3100.0,0.0,-78.09,5229.7,-552.56,-437.87
3755,maize,-478.4542,-438.3464,,,3060.0,0.0,-67.61,5430.2,-478.45,-438.35
3756,maize,-463.4972,-439.3429,,,3150.0,0.0,-65.5,5706.0,-463.5,-439.34
3757,maize,-761.9305,-441.1908,,,3690.0,0.0,-107.68,5808.3,-761.93,-441.19
3758,maize,-614.8925,-441.3541,,,3470.0,0.0,-86.9,5868.4,-614.89,-441.35
3759,maize,-594.4671,-443.7776,,,3460.0,0.0,-84.01,5926.1,-594.47,-443.78
3760,maize,-627.0809,-448.7474,,,3390.0,0.0,-88.62,5627.7,-627.08,-448.75
3761,maize,-275.3718,-447.1036,,,2880.0,0.0,-38.92,5810.5,-275.37,-447.1
3762,maize,-603.6574,-445.1296,,,3350.0,0.0,-85.31,5625.4,-603.66,-445.13
3763,maize,-748.1644,-447.4461,,,3550.0,0.0,-105.73,5527.3,-748.16,-447.45
3764,maize,-479.349,-446.4418,,,3310.0,0.0,-67.74,6026.6,-479.35,-446.44
3765,maize,-559.5555,-445.3817,,,3310.0,0.0,-79.08,5705.8,-559.56,-445.38
3766,maize,-351.6342,-447.0999,,,3170.0,0.0,-49.69,6201.5,-351.63,-447.1
3767,maize,-587.1397,-449.4987,,,3200.0,0.0,-82.97,5331.4,-587.14,-449.5
3768,maize,-539.4525,-449.984,,,3250.0,0.0,-76.23,5642.2,-539.45,-449.98
3769,maize,-429.0892,-446.4563,,,3130.0,0.0,-60.64,5795.6,-429.09,-446.46
3770,maize,-217.6629,-444.193,,,3140.0,0.0,-30.76,6665.3,-217.66,-444.19
3771,maize,-373.6821,-444.8538,,,3220.0,0.0,-52.81,6233.3,-373.68,-444.85
3772,maize,-210.3829,-446.2845,,,2990.0,0.0,-29.73,6334.5,-210.38,-446.28
3773,maize,-349.8266,-447.5753,,,3180.0,0.0,-49.44,6232.7,-349.83,-447.58
3774,maize,-10.1373,-442.8865,,,2880.0,0.0,-1.43,6871.5,-10.14,-442.89
3775,maize,-132.7397,-441.7253,,,3050.0,0.0,-18.76,6789.0,-132.74,-441.73
3776,maize,-410.6883,-443.6091,,,3310.0,0.0,-58.04,6301.2,-410.69,-443.61
3777,maize,-370.3728,-443.9474,,,3150.0,0.0,-52.34,6078.5,-370.37,-443.95
3778,maize,-339.8913,-443.1573,,,3030.0,0.0,-48.03,5912.4,-339.89,-443.16
3779,maize,-352.4373,-437.864,,,3200.0,0.0,-49.81,6270.3,-352.44,-437.86
3780,maize,-235.6107,-433.4419,,,2860.0,0.0,-33.3,5921.6,-235.61,-433.44
3781,maize,-727.3657,-435.4502,,,3580.0,0.0,-102.79,5682.5,-727.37,-435.45
3782,maize,-488.0474,-434.6645,,,3240.0,0.0,-68.97,5823.8,-488.05,-434.66
3783,maize,-793.8663,-440.679,,,3600.0,0.0,-112.19,5464.5,-793.87,-440.68
3784,maize,-448.856,-440.8811,,,3140.0,0.0,-63.43,5740.6,-448.86,-440.88
3785,maize,-459.9154,-439.9597,,,3290.0,0.0,-64.99,6056.3,-459.92,-439.96
3786,maize,-373.5923,-438.9721,,,3130.0,0.0,-52.8,6017.6,-373.59,-438.97
3787,maize,-216.9817,-435.0183,,,3000.0,0.0,-30.66,6332.1,-216.98,-435.02
3788,maize,-325.3579,-434.6225,,,3160.0,0.0,-45.98,6282.6,-325.36,-434.62
3789,maize,-305.5206,-434.4122,,,3080.0,0.0,-43.18,6169.9,-305.52,-434.41
3790,maize,-87.7371,-430.5929,,,2810.0,0.0,-12.4,6393.1,-87.74,-430.59
3791,maize,-339.2981,-428.1031,,,3080.0,0.0,-47.95,6034.8,-339.3,-428.1
3792,maize,-518.9126,-429.1176,,,3430.0,0.0,-73.33,6156.3,-518.91,-429.12
3793,maize,-260.9458,-425.7188,,,3140.0,0.0,-36.88,6492.2,-260.95,-425.72
3794,maize,-727.1839,-428.123,,,3640.0,0.0,-102.76,5827.3,-727.18,-428.12
3795,maize,-353.9793,-426.2364,,,3230.0,0.0,-50.02,6336.1,-353.98,-426.24
3796,maize,-453.2188,-426.0973,,,3190.0,0.0,-64.05,5843.1,-453.22,-426.1
3797,maize,-346.7384,-424.2346,,,3180.0,0.0,-49.0,6245.0,-346.74,-424.23
3798,maize,-310.7347,-422.1575,,,2950.0,0.0,-43.91,5837.1,-310.73,-422.16
3799,maize,-230.6136,-420.9388,,,3050.0,0.0,-32.59,6397.5,-230.61,-420.94
3800,maize,-1614.0,-430.4138,,,2690.0,0.0,-228.09,0.0,-1614.0,-430.41
3801,maize,-628.0091,-430.4547,,,3360.0,0.0,-88.75,5552.0,-628.01,-430.45
3802,maize,-175.4516,-426.9023,,,2890.0,0.0,-24.79,6234.2,-175.45,-426.9
3803,maize,-424.5588,-426.008,,,3090.0,0.0,-60.0,5717.8,-424.56,-426.01
3804,maize,-340.8392,-426.2583,,,3060.0,0.0,-48.17,5980.6,-340.84,-426.26
3805,maize,-439.1214,-426.3228,,,3250.0,0.0,-62.06,6043.5,-439.12,-426.32
3806,maize,-274.8915,-425.0193,,,2880.0,0.0,-38.85,5812.4,-274.89,-425.02
3807,maize,-620.4578,-427.3704,,,3390.0,0.0,-87.68,5654.2,-620.46,-427.37
3808,maize,-512.0465,-429.2506,,,3320.0,0.0,-72.36,5919.8,-512.05,-429.25
3809,maize,-187.3578,-428.8918,,,3180.0,0.0,-26.48,6882.6,-187.36,-428.89
3810,maize,-350.7542,-428.1353,,,3090.0,0.0,-49.57,6013.0,-350.75,-428.14
3811,maize,-57.7357,-422.8943,,,2680.0,0.0,-8.16,6201.1,-57.74,-422.89
3812,maize,-412.7574,-420.0152,,,3020.0,0.0,-58.33,5597.0,-412.76,-420.02
3813,maize,-215.0049,-420.5323,,,3070.0,0.0,-30.38,6508.0,-215.0,-420.53
3814,maize,-531.4019,-422.0548,,,3430.0,0.0,-75.1,6106.4,-531.4,-422.05
3815,maize,-526.4072,-423.0024,,,3200.0,0.0,-74.39,5574.4,-526.41,-423.0
3816,maize,-784.2014,-425.0874,,,3600.0,0.0,-110.82,5503.2,-784.2,-425.09
3817,maize,-346.9409,-423.963,,,3250.0,0.0,-49.03,6412.2,-346.94,-423.96
3818,maize,-440.8817,-424.8293,,,3200.0,0.0,-62.3,5916.5,-440.88,-424.83
3819,maize,-284.3072,-423.1326,,,3010.0,0.0,-40.18,6086.8,-284.31,-423.13
3820,maize,-568.9799,-425.4226,,,3380.0,0.0,-80.41,5836.1,-568.98,-425.42
3821,maize,-407.8585,-426.1123,,,3310.0,0.0,-57.64,6312.6,-407.86,-426.11
3822,maize,-690.9843,-428.3185,,,3440.0,0.0,-97.65,5492.1,-690.98,-428.32
3823,maize,-414.0653,-430.4858,,,3160.0,0.0,-58.52,5927.7,-414.07,-430.49
3824,maize,-513.6656,-430.1591,,,3300.0,0.0,-72.59,5865.3,-513.67,-430.16
3825,maize,-331.1357,-429.5253,,,3110.0,0.0,-46.8,6139.5,-331.14,-429.53
3826,maize,-366.3418,-428.5671,,,3110.0,0.0,-51.77,5998.6,-366.34,-428.57
3827,maize,-475.0005,-426.4669,,,3160.0,0.0,-67.13,5684.0,-475.0,-426.47
3828,maize,-478.742,-429.4193,,,3180.0,0.0,-67.66,5717.0,-478.74,-429.42
3829,maize,-616.1162,-430.619,,,3300.0,0.0,-87.07,5455.5,-616.12,-430.62
3830,maize,-483.2852,-430.2891,,,3300.0,0.0,-68.3,5986.9,-483.29,-430.29
3831,maize,-288.9698,-429.2647,,,3130.0,0.0,-40.84,6356.1,-288.97,-429.26
3832,maize,-481.7378,-427.9501,,,3300.0,0.0,-68.08,5993.0,-481.74,-427.95
3833,maize,-375.7832,-430.6153,,,3200.0,0.0,-53.11,6176.9,-375.78,-430.62
3834,maize,-598.5847,-436.833,,,3350.0,0.0,-84.59,5645.7,-598.58,-436.83
3835,maize,-657.6637,-441.9959,,,3360.0,0.0,-92.94,5433.3,-657.66,-442.0
3836,maize,-335.0747,-440.6665,,,3180.0,0.0,-47.35,6291.7,-335.07,-440.67
3837,maize,-95.5118,-436.8195,,,2920.0,0.0,-13.5,6626.0,-95.51,-436.82
3838,maize,-654.1533,-440.3177,,,3370.0,0.0,-92.44,5471.4,-654.15,-440.32
3839,maize,-141.3541,-435.1433,,,2940.0,0.0,-19.98,6490.6,-141.35,-435.14
3840,maize,-755.4134,-437.4255,,,3440.0,0.0,-106.75,5234.3,-755.41,-437.43
3841,maize,-572.9191,-436.8468,,,3460.0,0.0,-80.96,6012.3,-572.92,-436.85
3842,maize,-446.4699,-437.466,,,3090.0,0.0,-63.09,5630.1,-446.47,-437.47
3843,maize,-629.1044,-437.0925,,,3430.0,0.0,-88.9,5715.6,-629.1,-437.09
3844,maize,-297.903,-438.0051,,,3170.0,0.0,-42.1,6416.4,-297.9,-438.01
3845,maize,-326.0534,-434.6677,,,3280.0,0.0,-46.08,6567.8,-326.05,-434.67
3846,maize,-313.5029,-433.4127,,,3180.0,0.0,-44.3,6378.0,-313.5,-433.41
3847,maize,-572.9461,-434.1347,,,3440.0,0.0,-80.97,5964.2,-572.95,-434.13
3848,maize,-482.6796,-434.5928,,,3370.0,0.0,-68.21,6157.3,-482.68,-434.59
3849,maize,-462.6106,-435.3352,,,3260.0,0.0,-65.38,5973.6,-462.61,-435.34
3850,maize,-549.0839,-436.7843,,,3140.0,0.0,-77.6,5339.7,-549.08,-436.78
3851,maize,-437.1618,-436.8645,,,3340.0,0.0,-61.78,6267.4,-437.16,-436.86
3852,maize,-359.9939,-440.1615,,,3030.0,0.0,-50.87,5832.0,-359.99,-440.16
3853,maize,-482.9299,-442.695,,,3290.0,0.0,-68.25,5964.3,-482.93,-442.7
3854,maize,-617.938,-443.3488,,,3440.0,0.0,-87.33,5784.2,-617.94,-443.35
3855,maize,-451.3756,-443.078,,,3090.0,0.0,-63.79,5610.5,-451.38,-443.08
3856,maize,-299.8982,-441.442,,,3210.0,0.0,-42.38,6504.4,-299.9,-441.44
3857,maize,-429.6878,-438.1196,,,3120.0,0.0,-60.72,5769.2,-429.69,-438.12
3858,maize,-375.9199,-435.7299,,,3190.0,0.0,-53.12,6152.3,-375.92,-435.73
3859,maize,-481.7872,-434.6031,,,3230.0,0.0,-68.09,5824.9,-481.79,-434.6
3860,maize,-452.9128,-432.8614,,,3260.0,0.0,-64.01,6012.3,-452.91,-432.86
3861,maize,-343.1943,-433.5396,,,3020.0,0.0,-48.5,5875.2,-343.19,-433.54
3862,maize,-521.5433,-432.7185,,,3320.0,0.0,-73.7,5881.8,-521.54,-432.72
3863,maize,-359.3004,-428.8298,,,3300.0,0.0,-50.78,6482.8,-359.3,-428.83
3864,maize,-180.3682,-425.84,,,2820.0,0.0,-25.49,6046.5,-180.37,-425.84
3865,maize,-481.5422,-425.0599,,,3270.0,0.0,-68.05,5921.8,-481.54,-425.06
3866,maize,-176.6021,-423.3096,,,2970.0,0.0,-24.96,6421.6,-176.6,-423.31
3867,maize,-302.6286,-420.4644,,,3130.0,0.0,-42.77,6301.5,-302.63,-420.46
3868,maize,-360.0866,-418.6708,,,3110.0,0.0,-50.89,6023.7,-360.09,-418.67
3869,maize,-309.2824,-417.4727,,,3020.0,0.0,-43.71,6010.9,-309.28,-417.47
3870,maize,-587.3016,-421.1691,,,3230.0,0.0,-83.0,5402.8,-587.3,-421.17
3871,maize,-379.7056,-421.2293,,,3110.0,0.0,-53.66,5945.2,-379.71,-421.23
3872,maize,-678.5709,-425.9112,,,3540.0,0.0,-95.89,5781.7,-678.57,-425.91
3873,maize,-633.8362,-428.7513,,,3320.0,0.0,-89.57,5432.7,-633.84,-428.75
3874,maize,-202.6771,-430.6767,,,2860.0,0.0,-28.64,6053.3,-202.68,-430.68
3875,maize,-529.87,-434.648,,,3200.0,0.0,-74.88,5560.5,-529.87,-434.65
3876,maize,-545.4142,-435.9953,,,3230.0,0.0,-77.08,5570.3,-545.41,-436.0
3877,maize,-275.2378,-435.0439,,,2890.0,0.0,-38.9,5835.0,-275.24,-435.04
3878,maize,-439.4332,-436.0393,,,3190.0,0.0,-62.1,5898.3,-439.43,-436.04
3879,maize,-212.9707,-434.6447,,,2980.0,0.0,-30.1,6300.1,-212.97,-434.64
3880,maize,-609.788,-438.3864,,,3290.0,0.0,-86.17,5456.8,-609.79,-438.39
3881,maize,-460.1372,-435.7142,,,3390.0,0.0,-65.03,6295.5,-460.14,-435.71
3882,maize,-574.3869,-436.5776,,,3600.0,0.0,-81.17,6342.5,-574.39,-436.58
3883,maize,-491.9944,-433.5588,,,3190.0,0.0,-69.53,5688.0,-491.99,-433.56
3884,maize,-658.0778,-435.6511,,,3360.0,0.0,-93.0,5431.7,-658.08,-435.65
3885,maize,-568.3326,-436.7352,,,3210.0,0.0,-80.32,5430.7,-568.33,-436.74
3886,maize,-245.1511,-435.4508,,,3070.0,0.0,-34.64,6387.4,-245.15,-435.45
3887,maize,-452.8046,-437.809,,,3150.0,0.0,-63.99,5748.8,-452.8,-437.81
3888,maize,-299.0408,-437.5459,,,3130.0,0.0,-42.26,6315.8,-299.04,-437.55
3889,maize,-370.6109,-438.1968,,,2960.0,0.0,-52.37,5621.6,-370.61,-438.2
3890,maize,-447.8745,-441.7982,,,3090.0,0.0,-63.29,5624.5,-447.87,-441.8
3891,maize,-554.4106,-443.9493,,,3260.0,0.0,-78.35,5606.4,-554.41,-443.95
3892,maize,-209.2518,-440.8527,,,3130.0,0.0,-29.57,6675.0,-209.25,-440.85
3893,maize,-560.8142,-443.8514,,,3400.0,0.0,-79.25,5916.7,-560.81,-443.85
3894,maize,-268.5076,-439.2646,,,2990.0,0.0,-37.95,6102.0,-268.51,-439.26
3895,maize,-459.7444,-440.3222,,,3210.0,0.0,-64.97,5865.0,-459.74,-440.32
3896,maize,-223.5148,-438.0252,,,2910.0,0.0,-31.59,6089.9,-223.51,-438.03
3897,maize,-563.0802,-440.1886,,,3320.0,0.0,-79.57,5715.7,-563.08,-440.19
3898,maize,-333.642,-440.4177,,,2990.0,0.0,-47.15,5841.4,-333.64,-440.42
3899,maize,-683.0978,-444.9425,,,3550.0,0.0,-96.53,5787.6,-683.1,-444.94
3900,maize,-44.4627,-429.2472,,,2700.0,0.0,-6.28,6302.1,-44.46,-429.25
3901,maize,-786.6079,-430.8332,,,3590.0,0.0,-111.16,5469.6,-786.61,-430.83
3902,maize,-461.1111,-433.6897,,,3250.0,0.0,-65.16,5955.6,-461.11,-433.69
3903,maize,-427.1724,-433.7159,,,3070.0,0.0,-60.37,5659.3,-427.17,-433.72
3904,maize,-421.692,-434.5244,,,3230.0,0.0,-59.59,6065.2,-421.69,-434.52
3905,maize,-414.8699,-434.2819,,,3340.0,0.0,-58.63,6356.5,-414.87,-434.28
3906,maize,-261.1254,-434.1442,,,3020.0,0.0,-36.9,6203.5,-261.13,-434.14
3907,maize,-308.9035,-431.0287,,,3050.0,0.0,-43.65,6084.4,-308.9,-431.03
3908,maize,-412.4583,-430.0328,,,3140.0,0.0,-58.29,5886.2,-412.46,-430.03
3909,maize,-300.0636,-431.1599,,,3050.0,0.0,-42.4,6119.7,-300.06,-431.16
3910,maize,-585.2739,-433.5051,,,3220.0,0.0,-82.71,5386.9,-585.27,-433.51
3911,maize,-428.3959,-437.2117,,,3170.0,0.0,-60.54,5894.4,-428.4,-437.21
3912,maize,-283.8854,-435.9229,,,3120.0,0.0,-40.12,6352.5,-283.89,-435.92
3913,maize,-628.328,-440.0562,,,3410.0,0.0,-88.79,5670.7,-628.33,-440.06
3914,maize,-221.5244,-436.9574,,,3060.0,0.0,-31.31,6457.9,-221.52,-436.96
3915,maize,-519.9191,-436.8925,,,3180.0,0.0,-73.47,5552.3,-519.92,-436.89
3916,maize,-283.6919,-431.8874,,,3150.0,0.0,-40.09,6425.2,-283.69,-431.89
3917,maize,-452.9966,-432.948,,,3130.0,0.0,-64.02,5700.0,-453.0,-432.95
3918,maize,-420.9199,-432.7484,,,3310.0,0.0,-59.48,6260.3,-420.92,-432.75
3919,maize,-99.6174,-430.9015,,,2910.0,0.0,-14.08,6585.5,-99.62,-430.9
3920,maize,-502.173,-430.2334,,,3370.0,0.0,-70.97,6079.3,-502.17,-430.23
3921,maize,-574.3756,-431.8986,,,3500.0,0.0,-81.17,6102.5,-574.38,-431.9
3922,maize,-409.4155,-429.0829,,,3210.0,0.0,-57.86,6066.3,-409.42,-429.08
3923,maize,-930.1544,-434.2438,,,3720.0,0.0,-131.45,5207.4,-930.15,-434.24
3924,maize,-351.9808,-432.6269,,,3260.0,0.0,-49.74,6416.1,-351.98,-432.63
3925,maize,-481.7901,-434.1335,,,3290.0,0.0,-68.09,5968.8,-481.79,-434.13
3926,maize,-420.5551,-434.6756,,,3220.0,0.0,-59.43,6045.8,-420.56,-434.68
3927,maize,-345.9666,-433.3853,,,3180.0,0.0,-48.89,6248.1,-345.97,-433.39
3928,maize,-285.4245,-431.4521,,,3170.0,0.0,-40.34,6466.3,-285.42,-431.45
3929,maize,-738.1942,-432.6729,,,3580.0,0.0,-104.32,5639.2,-738.19,-432.67
3930,maize,-453.3946,-432.374,,,3210.0,0.0,-64.07,5890.4,-453.39,-432.37
3931,maize,-366.6092,-433.1504,,,3150.0,0.0,-51.81,6093.6,-366.61,-433.15
3932,maize,-637.8426,-434.7114,,,3300.0,0.0,-90.14,5368.6,-637.84,-434.71
3933,maize,-158.9551,-432.5431,,,2920.0,0.0,-22.46,6372.2,-158.96,-432.54
3934,maize,-921.394,-435.7712,,,3510.0,0.0,-130.21,4738.4,-921.39,-435.77
3935,maize,-652.8568,-435.7231,,,3420.0,0.0,-92.26,5596.6,-652.86,-435.72
3936,maize,-273.0428,-435.1028,,,3120.0,0.0,-38.59,6395.8,-273.04,-435.1
3937,maize,-190.6886,-436.0546,,,2910.0,0.0,-26.95,6221.2,-190.69,-436.05
3938,maize,-695.8963,-436.472,,,3370.0,0.0,-98.34,5304.4,-695.9,-436.47
3939,maize,-346.1356,-438.5198,,,3100.0,0.0,-48.92,6055.5,-346.14,-438.52
3940,maize,-410.8968,-435.0747,,,3290.0,0.0,-58.07,6252.4,-410.9,-435.07
3941,maize,-775.3882,-437.0994,,,3350.0,0.0,-109.58,4938.4,-775.39,-437.1
3942,maize,-493.9691,-437.5744,,,3330.0,0.0,-69.81,6016.1,-493.97,-437.57
3943,maize,-452.9106,-435.8124,,,3180.0,0.0,-64.0,5820.4,-452.91,-435.81
3944,maize,-211.2188,-434.9456,,,3010.0,0.0,-29.85,6379.1,-211.22,-434.95
3945,maize,-303.8367,-434.7234,,,2990.0,0.0,-42.94,5960.7,-303.84,-434.72
3946,maize,-469.47,-436.2831,,,3160.0,0.0,-66.34,5706.1,-469.47,-436.28
3947,maize,-429.6885,-434.8505,,,3110.0,0.0,-60.72,5745.2,-429.69,-434.85
3948,maize,-485.7585,-434.8813,,,3270.0,0.0,-68.65,5905.0,-485.76,-434.88
3949,maize,-87.2016,-431.1272,,,2910.0,0.0,-12.32,6635.2,-87.2,-431.13
3950,maize,-512.2049,-430.7584,,,3280.0,0.0,-72.38,5823.2,-512.2,-430.76
3951,maize,-373.9683,-430.1265,,,3140.0,0.0,-52.85,6040.1,-373.97,-430.13
3952,maize,-593.6772,-432.4633,,,3570.0,0.0,-83.9,6193.3,-593.68,-432.46
3953,maize,-476.4354,-432.3984,,,3130.0,0.0,-67.33,5606.3,-476.44,-432.4
3954,maize,-510.8113,-431.3271,,,3050.0,0.0,-72.19,5276.8,-510.81,-431.33
3955,maize,-914.9004,-435.9623,,,3650.0,0.0,-129.29,5100.4,-914.9,-435.96
3956,maize,-797.5417,-440.9388,,,3510.0,0.0,-112.71,5233.8,-797.54,-440.94
3957,maize,-461.3465,-441.2554,,,3110.0,0.0,-65.2,5618.6,-461.35,-441.26
3958,maize,-670.7173,-444.2033,,,3370.0,0.0,-94.78,5405.1,-670.72,-444.2
3959,maize,-486.3502,-444.249,,,3280.0,0.0,-68.73,5926.6,-486.35,-444.25
3960,maize,-735.9469,-447.0793,,,3330.0,0.0,-104.0,5048.2,-735.95,-447.08
3961,maize,-259.022,-446.2376,,,3110.0,0.0,-36.6,6427.9,-259.02,-446.24
3962,maize,-619.279,-447.215,,,3360.0,0.0,-87.52,5586.9,-619.28,-447.21
3963,maize,-775.3307,-451.3753,,,3540.0,0.0,-109.57,5394.7,-775.33,-451.38
3964,maize,-645.1788,-456.0234,,,3510.0,0.0,-91.18,5843.3,-645.18,-456.02
3965,maize,-493.5697,-456.1436,,,3110.0,0.0,-69.75,5489.7,-493.57,-456.14
3966,maize,-493.1791,-459.3094,,,3310.0,0.0,-69.7,5971.3,-493.18,-459.31
3967,maize,-655.766,-462.8408,,,3370.0,0.0,-92.67,5464.9,-655.77,-462.84
3968,maize,-393.8958,-463.1789,,,3360.0,0.0,-55.66,6488.4,-393.9,-463.18
3969,maize,-302.4175,-463.1102,,,3140.0,0.0,-42.74,6326.3,-302.42,-463.11
3970,maize,-673.6323,-463.9735,,,3310.0,0.0,-95.2,5249.5,-673.63,-463.97
3971,maize,-531.3255,-465.4897,,,3230.0,0.0,-75.09,5626.7,-531.33,-465.49
3972,maize,-451.1583,-463.2156,,,3230.0,0.0,-63.76,5947.4,-451.16,-463.22
3973,maize,-501.5768,-461.893,,,3250.0,0.0,-70.88,5793.7,-501.58,-461.89
3974,maize,-167.5968,-461.5422,,,2940.0,0.0,-23.68,6385.6,-167.6,-461.54
3975,maize,-612.0525,-462.364,,,3520.0,0.0,-86.49,5999.8,-612.05,-462.36
3976,maize,-372.3134,-460.633,,,3150.0,0.0,-52.61,6070.7,-372.31,-460.63
3977,maize,-278.5133,-460.6658,,,3030.0,0.0,-39.36,6157.9,-278.51,-460.67
3978,maize,-258.427,-458.8557,,,2850.0,0.0,-36.52,5806.3,-258.43,-458.86
3979,maize,-392.0547,-460.6466,,,3160.0,0.0,-55.4,6015.8,-392.05,-460.65
3980,maize,-334.5165,-457.8938,,,2990.0,0.0,-47.27,5837.9,-334.52,-457.89
3981,maize,-480.955,-458.102,,,3000.0,0.0,-67.97,5276.2,-480.96,-458.1
3982,maize,-173.4729,-454.0929,,,3050.0,0.0,-24.51,6626.1,-173.47,-454.09
3983,maize,-434.3356,-453.5163,,,3180.0,0.0,-61.38,5894.7,-434.34,-453.52
3984,maize,-355.9373,-450.4949,,,3040.0,0.0,-50.3,5872.3,-355.94,-450.49
3985,maize,-28.7726,-445.0993,,,2850.0,0.0,-4.07,6724.9,-28.77,-445.1
3986,maize,-205.358,-444.7014,,,3120.0,0.0,-29.02,6666.6,-205.36,-444.7
3987,maize,-561.2718,-445.786,,,3210.0,0.0,-79.32,5458.9,-561.27,-445.79
3988,maize,-390.0036,-446.6957,,,3140.0,0.0,-55.11,5976.0,-390.0,-446.7
3989,maize,-397.6174,-446.9657,,,3160.0,0.0,-56.19,5993.5,-397.62,-446.97
3990,maize,-274.5852,-445.2328,,,2730.0,0.0,-38.8,5453.7,-274.59,-445.23
3991,maize,-228.0486,-441.9692,,,2790.0,0.0,-32.23,5783.8,-228.05,-441.97
3992,maize,-788.8594,-447.7653,,,3580.0,0.0,-111.48,5436.6,-788.86,-447.77
3993,maize,-511.2696,-447.2698,,,3390.0,0.0,-72.25,6090.9,-511.27,-447.27
3994,maize,-284.4051,-447.4288,,,3040.0,0.0,-40.19,6158.4,-284.41,-447.43
3995,maize,-751.2721,-450.3441,,,3700.0,0.0,-106.17,5874.9,-751.27,-450.34
3996,maize,-162.7543,-449.7365,,,2910.0,0.0,-23.0,6333.0,-162.75,-449.74
3997,maize,-473.3553,-448.8392,,,3150.0,0.0,-66.89,5666.6,-473.36,-448.84
3998,maize,-144.5665,-446.9485,,,2980.0,0.0,-20.43,6573.7,-144.57,-446.95
3999,maize,-281.3569,-442.9311,,,2980.0,0.0,-39.76,6026.6,-281.36,-442.93
4000,maize,-312.7366,-445.6138,,,2930.0,0.0,-44.2,5781.1,-312.74,-445.61
4001,maize,-477.9625,-442.5274,,,3320.0,0.0,-67.55,6056.1,-477.96,-442.53
4002,maize,-298.5505,-440.9017,,,3040.0,0.0,-42.19,6101.8,-298.55,-440.9
4003,maize,-566.9456,-442.2995,,,3240.0,0.0,-80.12,5508.2,-566.95,-442.3
4004,maize,-412.6313,-442.2089,,,3010.0,0.0,-58.31,5573.5,-412.63,-442.21
4005,maize,-585.3404,-443.9136,,,3460.0,0.0,-82.72,5962.6,-585.34,-443.91
4006,maize,-450.0252,-445.8026,,,3170.0,0.0,-63.6,5807.9,-450.03,-445.8
4007,maize,-125.1807,-443.9653,,,2950.0,0.0,-17.69,6579.3,-125.18,-443.97
4008,maize,-211.6893,-441.9577,,,2950.0,0.0,-29.92,6233.2,-211.69,-441.96
4009,maize,-324.8449,-442.2055,,,3190.0,0.0,-45.91,6356.6,-324.84,-442.21
4010,maize,-356.0756,-439.9135,,,3150.0,0.0,-50.32,6135.7,-356.08,-439.91
4011,maize,-287.4884,-438.5044,,,3070.0,0.0,-40.63,6218.0,-287.49,-438.5
4012,maize,-481.3865,-440.4794,,,3330.0,0.0,-68.03,6066.5,-481.39,-440.48
4013,maize,-388.6299,-438.0824,,,3150.0,0.0,-54.92,6005.5,-388.63,-438.08
4014,maize,-747.1403,-443.3386,,,3200.0,0.0,-105.58,4691.4,-747.14,-443.34
4015,maize,-620.6713,-444.3461,,,3370.0,0.0,-87.71,5605.3,-620.67,-444.35
4016,maize,-511.9016,-446.6282,,,3240.0,0.0,-72.34,5728.4,-511.9,-446.63
4017,maize,-402.3446,-446.1217,,,3310.0,0.0,-56.86,6334.6,-402.34,-446.12
4018,maize,-464.6871,-446.5594,,,2900.0,0.0,-65.67,5101.3,-464.69,-446.56
4019,maize,-542.2989,-450.9862,,,3300.0,0.0,-76.64,5750.8,-542.3,-450.99
4020,maize,-342.9771,-449.3942,,,3060.0,0.0,-48.47,5972.1,-342.98,-449.39
4021,maize,-512.012,-448.7706,,,3330.0,0.0,-72.36,5944.0,-512.01,-448.77
4022,maize,-387.8143,-448.5546,,,3080.0,0.0,-54.81,5840.7,-387.81,-448.55
4023,maize,-476.1128,-444.0142,,,3260.0,0.0,-67.28,5919.5,-476.11,-444.01
4024,maize,-592.0272,-446.4146,,,3360.0,0.0,-83.66,5695.9,-592.03,-446.41
4025,maize,-309.7547,-444.6943,,,3220.0,0.0,-43.77,6489.0,-309.75,-444.69
4026,maize,-231.3383,-442.8021,,,3060.0,0.0,-32.69,6418.6,-231.34,-442.8
4027,maize,-506.5421,-444.4079,,,3250.0,0.0,-71.58,5773.8,-506.54,-444.41
4028,maize,-341.9431,-444.973,,,2950.0,0.0,-48.32,5712.2,-341.94,-444.97
4029,maize,-507.8483,-442.6696,,,3160.0,0.0,-71.77,5552.6,-507.85,-442.67
4030,maize,-665.3077,-444.7887,,,3430.0,0.0,-94.02,5570.8,-665.31,-444.79
4031,maize,-389.6844,-445.0195,,,3180.0,0.0,-55.07,6073.3,-389.68,-445.02
4032,maize,-90.534,-439.5464,,,2960.0,0.0,-12.79,6741.9,-90.53,-439.55
4033,maize,-486.8884,-442.8257,,,3250.0,0.0,-68.81,5852.4,-486.89,-442.83
4034,maize,-805.3436,-441.6652,,,3510.0,0.0,-113.81,5202.6,-805.34,-441.67
4035,maize,-626.1523,-441.3982,,,3410.0,0.0,-88.49,5679.4,-626.15,-441.4
4036,maize,-599.8882,-444.6666,,,3450.0,0.0,-84.78,5880.4,-599.89,-444.67
4037,maize,-298.7796,-445.7475,,,3070.0,0.0,-42.22,6172.9,-298.78,-445.75
4038,maize,-850.7866,-447.2964,,,3490.0,0.0,-120.23,4972.9,-850.79,-447.3
4039,maize,-151.2153,-445.3472,,,2930.0,0.0,-21.37,6427.1,-151.22,-445.35
4040,maize,-142.2604,-442.6609,,,3030.0,0.0,-20.1,6703.0,-142.26,-442.66
4041,maize,-373.905,-438.646,,,3060.0,0.0,-52.84,5848.4,-373.9,-438.65
4042,maize,-264.5888,-436.3522,,,2940.0,0.0,-37.39,5997.6,-264.59,-436.35
4043,maize,-528.3924,-437.107,,,3370.0,0.0,-74.67,5974.4,-528.39,-437.11
4044,maize,-596.3683,-440.9585,,,3470.0,0.0,-84.28,5942.5,-596.37,-440.96
4045,maize,-512.125,-443.0414,,,3310.0,0.0,-72.37,5895.5,-512.13,-443.04
4046,maize,-667.3313,-445.02,,,3360.0,0.0,-94.31,5394.7,-667.33,-445.02
4047,maize,-482.1786,-445.5449,,,3160.0,0.0,-68.14,5655.3,-482.18,-445.54
4048,maize,-469.1488,-445.3788,,,3390.0,0.0,-66.3,6259.4,-469.15,-445.38
4049,maize,-764.4626,-452.1515,,,3580.0,0.0,-108.03,5534.1,-764.46,-452.15
4050,maize,-755.0928,-454.5803,,,3420.0,0.0,-106.71,5187.6,-755.09,-454.58
4051,maize,-275.968,-453.6003,,,3160.0,0.0,-39.0,6480.1,-275.97,-453.6
4052,maize,-398.2108,-451.6457,,,3070.0,0.0,-56.27,5775.2,-398.21,-451.65
4053,maize,-579.8803,-452.6801,,,3380.0,0.0,-81.95,5792.5,-579.88,-452.68
4054,maize,-498.4425,-452.5564,,,3300.0,0.0,-70.44,5926.2,-498.44,-452.56
4055,maize,-698.4789,-450.3922,,,3460.0,0.0,-98.71,5510.1,-698.48,-450.39
4056,maize,-593.3969,-448.3508,,,3300.0,0.0,-83.86,5546.4,-593.4,-448.35
4057,maize,-493.6298,-448.6736,,,3240.0,0.0,-69.76,5801.5,-493.63,-448.67
4058,maize,-641.6127,-448.3825,,,3500.0,0.0,-90.67,5833.5,-641.61,-448.38
4059,maize,-543.4512,-448.9536,,,3200.0,0.0,-76.8,5506.2,-543.45,-448.95
4060,maize,-469.554,-446.2896,,,3280.0,0.0,-66.36,5993.8,-469.55,-446.29
4061,maize,-426.3846,-447.9633,,,3300.0,0.0,-60.26,6214.5,-426.38,-447.96
4062,maize,-721.7035,-448.9875,,,3450.0,0.0,-101.99,5393.2,-721.7,-448.99
4063,maize,-183.4851,-443.069,,,3030.0,0.0,-25.93,6538.1,-183.49,-443.07
4064,maize,-521.0148,-441.8274,,,3380.0,0.0,-73.63,6027.9,-521.01,-441.83
4065,maize,-397.3358,-440.8651,,,3220.0,0.0,-56.15,6138.7,-397.34,-440.87
4066,maize,-76.2977,-436.6963,,,2940.0,0.0,-10.78,6750.8,-76.3,-436.7
4067,maize,-572.9079,-435.8677,,,3370.0,0.0,-80.96,5796.4,-572.91,-435.87
4068,maize,-530.2525,-437.2312,,,3410.0,0.0,-74.93,6063.0,-530.25,-437.23
4069,maize,-662.6833,-440.8339,,,3410.0,0.0,-93.65,5533.3,-662.68,-440.83
4070,maize,-535.8311,-439.4559,,,3240.0,0.0,-75.72,5632.7,-535.83,-439.46
4071,maize,-349.4139,-437.6368,,,3150.0,0.0,-49.38,6162.3,-349.41,-437.64
4072,maize,-405.3428,-437.1786,,,3130.0,0.0,-57.28,5890.6,-405.34,-437.18
4073,maize,-655.2465,-438.7153,,,3520.0,0.0,-92.6,5827.0,-655.25,-438.72
4074,maize,-633.1062,-443.3704,,,3460.0,0.0,-89.47,5771.6,-633.11,-443.37
4075,maize,-888.5862,-446.1357,,,3320.0,0.0,-125.57,4413.7,-888.59,-446.14
4076,maize,-858.4413,-450.997,,,3780.0,0.0,-121.31,5638.2,-858.44,-451.0
4077,maize,-570.7657,-453.9195,,,3340.0,0.0,-80.66,5732.9,-570.77,-453.92
4078,maize,-590.3702,-457.239,,,3390.0,0.0,-83.43,5774.5,-590.37,-457.24
4079,maize,-408.0729,-457.3992,,,3180.0,0.0,-57.67,5999.7,-408.07,-457.4
4080,maize,-428.2132,-458.3361,,,3420.0,0.0,-60.51,6495.1,-428.21,-458.34
4081,maize,-318.3251,-456.7098,,,3070.0,0.0,-44.99,6094.7,-318.33,-456.71
4082,maize,-381.0022,-458.7851,,,3070.0,0.0,-53.84,5844.0,-381.0,-458.79
4083,maize,-402.6952,-458.4687,,,3170.0,0.0,-56.91,5997.2,-402.7,-458.47
4084,maize,-773.8858,-462.6482,,,3550.0,0.0,-109.36,5424.5,-773.89,-462.65
4085,maize,-465.9071,-467.0195,,,3180.0,0.0,-65.84,5768.4,-465.91,-467.02
4086,maize,-677.2679,-471.7386,,,3400.0,0.0,-95.71,5450.9,-677.27,-471.74
4087,maize,-617.1908,-472.2978,,,3150.0,0.0,-87.22,5091.2,-617.19,-472.3
4088,maize,-462.0921,-473.0187,,,3060.0,0.0,-65.3,5495.6,-462.09,-473.02
4089,maize,-431.0672,-473.3532,,,2840.0,0.0,-60.92,5091.7,-431.07,-473.35
4090,maize,-111.3731,-471.7211,,,2900.0,0.0,-15.74,6514.5,-111.37,-471.72
4091,maize,-750.5663,-476.9463,,,3600.0,0.0,-106.07,5637.7,-750.57,-476.95
4092,maize,-237.9171,-471.4368,,,3020.0,0.0,-33.62,6296.3,-237.92,-471.44
4093,maize,-514.4946,-471.4691,,,3350.0,0.0,-72.71,5982.0,-514.49,-471.47
4094,maize,-461.9777,-473.2448,,,3100.0,0.0,-65.29,5592.1,-461.98,-473.24
4095,maize,-309.0405,-468.8225,,,3150.0,0.0,-43.67,6323.8,-309.04,-468.82
4096,maize,-170.6564,-468.9015,,,2800.0,0.0,-24.12,6037.4,-170.66,-468.9
4097,maize,-557.6971,-469.7449,,,3380.0,0.0,-78.81,5881.2,-557.7,-469.74
4098,maize,-429.5978,-472.5953,,,3190.0,0.0,-60.71,5937.6,-429.6,-472.6
4099,maize,-380.8648,-473.5903,,,3080.0,0.0,-53.82,5868.5,-380.86,-473.59
4100,maize,-304.9551,-473.5125,,,2910.0,0.0,-43.1,5764.2,-304.96,-473.51
4101,maize,-539.9959,-474.1329,,,3390.0,0.0,-76.31,5976.0,-540.0,-474.13
4102,maize,-345.6882,-474.6042,,,3220.0,0.0,-48.85,6345.2,-345.69,-474.6
4103,maize,-407.8525,-473.0133,,,3290.0,0.0,-57.64,6264.6,-407.85,-473.01
4104,maize,-663.2267,-475.5193,,,3470.0,0.0,-93.73,5675.1,-663.23,-475.52
4105,maize,-496.5517,-474.6314,,,3370.0,0.0,-70.17,6101.8,-496.55,-474.63
4106,maize,-421.8927,-474.35,,,3280.0,0.0,-59.62,6184.4,-421.89,-474.35
4107,maize,-689.1369,-479.9896,,,3630.0,0.0,-97.39,5955.5,-689.14,-479.99
4108,maize,-576.157,-483.6343,,,3280.0,0.0,-81.42,5567.4,-576.16,-483.63
4109,maize,-581.1333,-486.1972,,,3490.0,0.0,-82.13,6051.5,-581.13,-486.2
4110,maize,-303.7361,-485.6738,,,2930.0,0.0,-42.92,5817.1,-303.74,-485.67
4111,maize,-291.0062,-485.709,,,3040.0,0.0,-41.12,6132.0,-291.01,-485.71
4112,maize,-336.4911,-484.26,,,3040.0,0.0,-47.55,5950.0,-336.49,-484.26
4113,maize,-701.8401,-487.3921,,,3650.0,0.0,-99.18,5952.6,-701.84,-487.39
4114,maize,-667.5333,-486.596,,,3250.0,0.0,-94.33,5129.9,-667.53,-486.6
4115,maize,-565.3231,-486.0426,,,3360.0,0.0,-79.89,5802.7,-565.32,-486.04
4116,maize,-359.1166,-484.5147,,,3110.0,0.0,-50.75,6027.5,-359.12,-484.51
4117,maize,-506.8287,-485.5595,,,3460.0,0.0,-71.62,6276.7,-506.83,-485.56
4118,maize,-397.3549,-484.8862,,,3240.0,0.0,-56.15,6186.6,-397.35,-484.89
4119,maize,-512.0779,-484.584,,,3140.0,0.0,-72.37,5487.7,-512.08,-484.58
4120,maize,-132.9878,-482.4841,,,3060.0,0.0,-18.79,6812.0,-132.99,-482.48
4121,maize,-136.2261,-478.7263,,,2920.0,0.0,-19.25,6463.1,-136.23,-478.73
4122,maize,-711.6051,-481.9642,,,3490.0,0.0,-100.56,5529.6,-711.61,-481.96
4123,maize,-30.8586,-477.5116,,,2820.0,0.0,-4.36,6644.6,-30.86,-477.51
4124,maize,-368.0558,-475.2719,,,3140.0,0.0,-52.01,6063.8,-368.06,-475.27
4125,maize,-975.884,-481.9332,,,3630.0,0.0,-137.91,4808.5,-975.88,-481.93
4126,maize,-544.6842,-485.0667,,,3440.0,0.0,-76.97,6077.3,-544.68,-485.07
4127,maize,-595.5879,-485.9571,,,3310.0,0.0,-84.17,5561.6,-595.59,-485.96
4128,maize,-421.1418,-486.7491,,,3110.0,0.0,-59.52,5779.4,-421.14,-486.75
4129,maize,-659.2144,-488.2628,,,3460.0,0.0,-93.16,5667.1,-659.21,-488.26
4130,maize,-223.7335,-483.847,,,2750.0,0.0,-31.62,5705.1,-223.73,-483.85
4131,maize,-557.1845,-485.522,,,3260.0,0.0,-78.74,5595.3,-557.18,-485.52
4132,maize,-642.1547,-491.0382,,,3320.0,0.0,-90.75,5399.4,-642.15,-491.04
4133,maize,-264.1218,-488.8106,,,3130.0,0.0,-37.33,6455.5,-264.12,-488.81
4134,maize,-493.5141,-485.6923,,,3300.0,0.0,-69.74,5945.9,-493.51,-485.69
4135,maize,-360.242,-483.0332,,,3320.0,0.0,-50.91,6527.0,-360.24,-483.03
4136,maize,-326.5737,-480.3,,,3020.0,0.0,-46.15,5941.7,-326.57,-480.3
4137,maize,-355.0475,-480.8627,,,3170.0,0.0,-50.17,6187.8,-355.05,-480.86
4138,maize,-226.6367,-474.6212,,,2890.0,0.0,-32.03,6029.5,-226.64,-474.62
4139,maize,-381.0106,-476.9192,,,3100.0,0.0,-53.84,5916.0,-381.01,-476.92
4140,maize,-566.8712,-481.1653,,,3370.0,0.0,-80.11,5820.5,-566.87,-481.17
4141,maize,-595.2179,-483.3784,,,3480.0,0.0,-84.12,5971.1,-595.22,-483.38
4142,maize,-481.7928,-485.5504,,,3310.0,0.0,-68.09,6016.8,-481.79,-485.55
4143,maize,-409.7958,-484.3645,,,3350.0,0.0,-57.91,6400.8,-409.8,-484.36
4144,maize,-359.5383,-481.9962,,,3120.0,0.0,-50.81,6049.8,-359.54,-482.0
4145,maize,-357.7977,-480.4529,,,3050.0,0.0,-50.56,5888.8,-357.8,-480.45
4146,maize,-598.4242,-479.7638,,,3280.0,0.0,-84.57,5478.3,-598.42,-479.76
4147,maize,-517.8282,-480.1203,,,3180.0,0.0,-73.18,5560.7,-517.83,-480.12
4148,maize,-584.705,-481.2759,,,3400.0,0.0,-82.63,5821.2,-584.71,-481.28
4149,maize,-312.7507,-476.7588,,,3020.0,0.0,-44.2,5997.0,-312.75,-476.76
4150,maize,-555.2925,-474.7608,,,3380.0,0.0,-78.47,5890.8,-555.29,-474.76
4151,maize,-359.1942,-475.593,,,3120.0,0.0,-50.76,6051.2,-359.19,-475.59
4152,maize,-1380.0,-485.4109,,,2300.0,0.0,-195.02,0.0,-1380.0,-485.41
4153,maize,-260.3554,-482.2157,,,3090.0,0.0,-36.79,6374.6,-260.36,-482.22
4154,maize,-712.8333,-484.3596,,,3510.0,0.0,-100.74,5572.7,-712.83,-484.36
4155,maize,-437.0,-481.7448,,,3290.0,0.0,-61.76,6148.0,-437.0,-481.74
4156,maize,-325.8035,-479.0689,,,2980.0,0.0,-46.04,5848.8,-325.8,-479.07
4157,maize,-310.7702,-477.2403,,,2990.0,0.0,-43.92,5932.9,-310.77,-477.24
4158,maize,-482.0294,-475.6444,,,3100.0,0.0,-68.12,5511.9,-482.03,-475.64
4159,maize,-220.3213,-472.4131,,,2990.0,0.0,-31.14,6294.7,-220.32,-472.41
4160,maize,-14.5298,-467.8629,,,2840.0,0.0,-2.05,6757.9,-14.53,-467.86
4161,maize,-420.2508,-467.8015,,,3340.0,0.0,-59.39,6335.0,-420.25,-467.8
4162,maize,-471.3198,-465.2977,,,3140.0,0.0,-66.61,5650.7,-471.32,-465.3
4163,maize,-434.4245,-467.8071,,,3140.0,0.0,-61.39,5798.3,-434.42,-467.81
4164,maize,-357.6851,-466.1738,,,3230.0,0.0,-50.55,6321.3,-357.69,-466.17
4165,maize,-303.1025,-465.2315,,,3060.0,0.0,-42.83,6131.6,-303.1,-465.23
4166,maize,-722.7339,-471.6958,,,3500.0,0.0,-102.14,5509.1,-722.73,-471.7
4167,maize,-486.9548,-470.8363,,,3270.0,0.0,-68.82,5900.2,-486.95,-470.84
4168,maize,-604.8368,-471.5821,,,3320.0,0.0,-85.47,5548.7,-604.84,-471.58
4169,maize,-359.0364,-468.5457,,,3370.0,0.0,-50.74,6651.9,-359.04,-468.55
4170,maize,-417.6572,-467.3639,,,3140.0,0.0,-59.02,5865.4,-417.66,-467.36
4171,maize,-730.8934,-471.1787,,,3680.0,0.0,-103.29,5908.4,-730.89,-471.18
4172,maize,-581.9709,-472.945,,,3220.0,0.0,-82.24,5400.1,-581.97,-472.95
4173,maize,-641.5356,-472.8079,,,3380.0,0.0,-90.66,5545.9,-641.54,-472.81
4174,maize,-345.7021,-469.9339,,,3160.0,0.0,-48.85,6201.2,-345.7,-469.93
4175,maize,-579.8164,-466.8462,,,3450.0,0.0,-81.94,5960.7,-579.82,-466.85
4176,maize,-568.5803,-463.9476,,,3330.0,0.0,-80.35,5717.7,-568.58,-463.95
4177,maize,-414.4388,-462.3843,,,3170.0,0.0,-58.57,5950.2,-414.44,-462.38
4178,maize,-490.1679,-461.3823,,,3520.0,0.0,-69.27,6487.3,-490.17,-461.38
4179,maize,-193.7107,-459.2386,,,2910.0,0.0,-27.37,6209.2,-193.71,-459.24
4180,maize,-547.7766,-460.4343,,,3330.0,0.0,-77.41,5800.9,-547.78,-460.43
4181,maize,-242.5591,-459.6766,,,3000.0,0.0,-34.28,6229.8,-242.56,-459.68
4182,maize,-534.6064,-461.2127,,,3310.0,0.0,-75.55,5805.6,-534.61,-461.21
4183,maize,-425.6248,-461.442,,,3230.0,0.0,-60.15,6049.5,-425.62,-461.44
4184,maize,-147.0276,-455.1734,,,3000.0,0.0,-20.78,6611.9,-147.03,-455.17
4185,maize,-266.6547,-453.1809,,,3150.0,0.0,-37.68,6493.4,-266.65,-453.18
4186,maize,-356.0674,-449.9688,,,2950.0,0.0,-50.32,5655.7,-356.07,-449.97
4187,maize,-286.2477,-446.6594,,,3220.0,0.0,-40.45,6583.0,-286.25,-446.66
4188,maize,-498.1878,-447.0204,,,3190.0,0.0,-70.4,5663.2,-498.19,-447.02
4189,maize,-638.4826,-449.0945,,,3540.0,0.0,-90.23,5942.1,-638.48,-449.09
4190,maize,-132.0662,-449.3015,,,2930.0,0.0,-18.66,6503.7,-132.07,-449.3
4191,maize,-514.2849,-446.9386,,,3310.0,0.0,-72.68,5886.9,-514.28,-446.94
4192,maize,-534.1756,-449.9012,,,3300.0,0.0,-75.49,5783.3,-534.18,-449.9
4193,maize,-464.0984,-449.3973,,,3290.0,0.0,-65.59,6039.6,-464.1,-449.4
4194,maize,-611.3703,-450.8912,,,3260.0,0.0,-86.4,5378.5,-611.37,-450.89
4195,maize,-529.8907,-453.0997,,,3280.0,0.0,-74.88,5752.4,-529.89,-453.1
4196,maize,-161.5289,-453.0084,,,3100.0,0.0,-22.83,6793.9,-161.53,-453.01
4197,maize,-382.2422,-451.2539,,,3160.0,0.0,-54.02,6055.0,-382.24,-451.25
4198,maize,-454.2983,-451.5009,,,3170.0,0.0,-64.2,5790.8,-454.3,-451.5
4199,maize,136.1269,-446.331,,,2650.0,0.0,19.24,6904.5,136.13,-446.33
4200,maize,8.1102,-443.2003,,,2700.0,0.0,1.15,6512.4,8.11,-443.2
4201,maize,-526.6673,-443.067,,,3360.0,0.0,-74.43,5957.3,-526.67,-443.07
4202,maize,-354.8471,-443.1586,,,3120.0,0.0,-50.15,6068.6,-354.85,-443.16
4203,maize,-11.4156,-439.1942,,,2840.0,0.0,-1.61,6770.3,-11.42,-439.19
4204,maize,-341.8294,-435.9803,,,3150.0,0.0,-48.31,6192.7,-341.83,-435.98
4205,maize,-431.6385,-435.3311,,,3120.0,0.0,-61.0,5761.4,-431.64,-435.33
4206,maize,-312.1284,-434.2335,,,3090.0,0.0,-44.11,6167.5,-312.13,-434.23
4207,maize,-515.2018,-432.4941,,,3120.0,0.0,-72.81,5427.2,-515.2,-432.49
4208,maize,-576.4075,-432.4966,,,3200.0,0.0,-81.46,5374.4,-576.41,-432.5
4209,maize,-352.1234,-430.2065,,,3000.0,0.0,-49.76,5791.5,-352.12,-430.21
4210,maize,-477.9139,-431.9483,,,3290.0,0.0,-67.54,5984.3,-477.91,-431.95
4211,maize,-331.9377,-432.3576,,,3020.0,0.0,-46.91,5920.2,-331.94,-432.36
4212,maize,-644.1326,-435.4341,,,3320.0,0.0,-91.03,5391.5,-644.13,-435.43
4213,maize,-513.5085,-433.5507,,,3250.0,0.0,-72.57,5746.0,-513.51,-433.55
4214,maize,-649.1266,-433.3667,,,3420.0,0.0,-91.73,5611.5,-649.13,-433.37
4215,maize,-334.3206,-431.0566,,,3010.0,0.0,-47.25,5886.7,-334.32,-431.06
4216,maize,-464.8297,-432.1138,,,3050.0,0.0,-65.69,5460.7,-464.83,-432.11
4217,maize,-537.4382,-432.4199,,,3280.0,0.0,-75.95,5722.2,-537.44,-432.42
4218,maize,-323.1714,-431.678,,,2950.0,0.0,-45.67,5787.3,-323.17,-431.68
4219,maize,-551.6851,-432.0741,,,3310.0,0.0,-77.96,5737.3,-551.69,-432.07
4220,maize,-445.2965,-435.1972,,,3190.0,0.0,-62.93,5874.8,-445.3,-435.2
4221,maize,-485.847,-438.6934,,,3200.0,0.0,-68.66,5736.6,-485.85,-438.69
4222,maize,-432.9317,-435.9067,,,3340.0,0.0,-61.18,6284.3,-432.93,-435.91
4223,maize,-283.0091,-438.4282,,,3010.0,0.0,-39.99,6092.0,-283.01,-438.43
4224,maize,-270.9207,-437.4568,,,2950.0,0.0,-38.29,5996.3,-270.92,-437.46
4225,maize,-602.8878,-433.7269,,,3130.0,0.0,-85.2,5100.4,-602.89,-433.73
4226,maize,-98.7076,-429.2671,,,2930.0,0.0,-13.95,6637.2,-98.71,-429.27
4227,maize,-292.3231,-426.2344,,,3130.0,0.0,-41.31,6342.7,-292.32,-426.23
4228,maize,-393.7265,-425.9603,,,3270.0,0.0,-55.64,6273.1,-393.73,-425.96
4229,maize,-531.3869,-424.682,,,3350.0,0.0,-75.09,5914.5,-531.39,-424.68
4230,maize,-374.2956,-426.1876,,,3140.0,0.0,-52.89,6038.8,-374.3,-426.19
4231,maize,-656.2771,-427.1786,,,3540.0,0.0,-92.74,5870.9,-656.28,-427.18
4232,maize,-798.9902,-428.7469,,,3460.0,0.0,-112.91,5108.0,-798.99,-428.75
4233,maize,-304.2086,-429.1478,,,3110.0,0.0,-42.99,6247.2,-304.21,-429.15
4234,maize,-260.9583,-426.8222,,,3090.0,0.0,-36.88,6372.2,-260.96,-426.82
4235,maize,-537.6542,-428.5964,,,3290.0,0.0,-75.98,5745.4,-537.65,-428.6
4236,maize,-396.4149,-429.2948,,,3160.0,0.0,-56.02,5998.3,-396.41,-429.29
4237,maize,-591.698,-431.6613,,,3520.0,0.0,-83.62,6081.2,-591.7,-431.66
4238,maize,-713.9897,-436.5348,,,3300.0,0.0,-100.9,5064.0,-713.99,-436.53
4239,maize,-559.2453,-438.3171,,,3280.0,0.0,-79.03,5635.0,-559.25,-438.32
4240,maize,-436.0142,-437.0086,,,2830.0,0.0,-61.62,5047.9,-436.01,-437.01
4241,maize,-520.1581,-436.258,,,3300.0,0.0,-73.51,5839.4,-520.16,-436.26
4242,maize,-495.9432,-436.3995,,,3340.0,0.0,-70.09,6032.2,-495.94,-436.4
4243,maize,-421.0391,-436.5119,,,3160.0,0.0,-59.5,5899.8,-421.04,-436.51
4244,maize,-559.4118,-438.5106,,,3450.0,0.0,-79.06,6042.4,-559.41,-438.51
4245,maize,-198.5959,-436.9186,,,3070.0,0.0,-28.07,6573.6,-198.6,-436.92
4246,maize,-374.5352,-434.6797,,,3070.0,0.0,-52.93,5869.9,-374.54,-434.68
4247,maize,-86.3906,-430.3654,,,2840.0,0.0,-12.21,6470.4,-86.39,-430.37
4248,maize,7.5811,-424.4425,,,2690.0,0.0,1.07,6486.3,7.58,-424.44
4249,maize,-615.2704,-427.4677,,,3300.0,0.0,-86.95,5458.9,-615.27,-427.47
4250,maize,-330.8896,-425.2237,,,2940.0,0.0,-46.76,5732.4,-330.89,-425.22
4251,maize,-515.3151,-426.7849,,,3220.0,0.0,-72.82,5666.7,-515.32,-426.78
4252,maize,-629.7451,-419.2823,,,3430.0,0.0,-88.99,5713.0,-629.75,-419.28
4253,maize,-326.3137,-419.9419,,,3090.0,0.0,-46.11,6110.7,-326.31,-419.94
4254,maize,-626.0293,-419.0739,,,3330.0,0.0,-88.47,5487.9,-626.03,-419.07
4255,maize,-584.516,-420.549,,,3470.0,0.0,-82.6,5989.9,-584.52,-420.55
4256,maize,-1266.7173,-429.9582,,,3190.0,0.0,-179.01,2589.1,-1266.72,-429.96
4257,maize,-485.0271,-431.7007,,,3360.0,0.0,-68.54,6123.9,-485.03,-431.7
4258,maize,-213.5784,-429.0162,,,3070.0,0.0,-30.18,6513.7,-213.58,-429.02
4259,maize,-198.603,-428.799,,,2840.0,0.0,-28.07,6021.6,-198.6,-428.8
4260,maize,-487.0025,-433.5238,,,3280.0,0.0,-68.82,5924.0,-487.0,-433.52
4261,maize,-672.6112,-436.0474,,,3400.0,0.0,-95.05,5469.6,-672.61,-436.05
4262,maize,-614.7035,-437.4812,,,3310.0,0.0,-86.87,5485.2,-614.7,-437.48
4263,maize,-683.2131,-439.9691,,,3560.0,0.0,-96.55,5811.1,-683.21,-439.97
4264,maize,-495.5703,-441.348,,,3130.0,0.0,-70.03,5529.7,-495.57,-441.35
4265,maize,-463.6556,-442.9535,,,3360.0,0.0,-65.52,6209.4,-463.66,-442.95
4266,maize,-653.2976,-442.2591,,,3440.0,0.0,-92.32,5642.8,-653.3,-442.26
4267,maize,-519.2748,-442.5823,,,3360.0,0.0,-73.38,5986.9,-519.27,-442.58
4268,maize,-586.8264,-442.4022,,,3320.0,0.0,-82.93,5620.7,-586.83,-442.4
4269,maize,-513.5273,-443.9471,,,3080.0,0.0,-72.57,5337.9,-513.53,-443.95
4270,maize,-297.7215,-442.7478,,,2990.0,0.0,-42.07,5985.1,-297.72,-442.75
4271,maize,-371.0307,-439.1491,,,3150.0,0.0,-52.43,6075.9,-371.03,-439.15
4272,maize,-529.8596,-438.628,,,3330.0,0.0,-74.88,5872.6,-529.86,-438.63
4273,maize,-99.1358,-433.204,,,2910.0,0.0,-14.01,6587.5,-99.14,-433.2
4274,maize,-649.9718,-436.2467,,,3350.0,0.0,-91.85,5440.1,-649.97,-436.25
4275,maize,-594.4178,-436.3927,,,3360.0,0.0,-84.0,5686.3,-594.42,-436.39
4276,maize,-451.6277,-435.2232,,,3450.0,0.0,-63.82,6473.5,-451.63,-435.22
4277,maize,-197.2904,-433.0517,,,3170.0,0.0,-27.88,6818.8,-197.29,-433.05
4278,maize,-507.774,-433.2278,,,3290.0,0.0,-71.76,5864.9,-507.77,-433.23
4279,maize,-173.2128,-433.0228,,,2970.0,0.0,-24.48,6435.1,-173.21,-433.02
4280,maize,-616.7092,-433.7121,,,3540.0,0.0,-87.15,6029.2,-616.71,-433.71
4281,maize,-280.8087,-434.0946,,,3180.0,0.0,-39.68,6508.8,-280.81,-434.09
4282,maize,-475.4507,-433.5031,,,3300.0,0.0,-67.19,6018.2,-475.45,-433.5
4283,maize,-645.5994,-435.7028,,,3290.0,0.0,-91.24,5313.6,-645.6,-435.7
4284,maize,-681.7054,-441.0496,,,3590.0,0.0,-96.34,5889.2,-681.71,-441.05
4285,maize,-365.4625,-442.0377,,,3000.0,0.0,-51.65,5738.2,-365.46,-442.04
4286,maize,-392.8436,-442.4054,,,3100.0,0.0,-55.52,5868.6,-392.84,-442.41
4287,maize,-723.7768,-446.7807,,,3480.0,0.0,-102.28,5456.9,-723.78,-446.78
4288,maize,-503.5775,-446.8346,,,3280.0,0.0,-71.16,5857.7,-503.58,-446.83
4289,maize,-393.6176,-444.386,,,3290.0,0.0,-55.63,6321.5,-393.62,-444.39
4290,maize,-562.1962,-448.6873,,,3380.0,0.0,-79.45,5863.2,-562.2,-448.69
4291,maize,-687.3438,-450.4179,,,3340.0,0.0,-97.13,5266.6,-687.34,-450.42
4292,maize,-714.3731,-452.2199,,,3530.0,0.0,-100.95,5614.5,-714.37,-452.22
4293,maize,-187.8272,-449.4571,,,3060.0,0.0,-26.54,6592.7,-187.83,-449.46
4294,maize,-652.3027,-449.8665,,,3470.0,0.0,-92.18,5718.8,-652.3,-449.87
4295,maize,-403.8273,-448.6058,,,3310.0,0.0,-57.07,6328.7,-403.83,-448.61
4296,maize,-410.7506,-451.098,,,3270.0,0.0,-58.05,6205.0,-410.75,-451.1
4297,maize,-504.7928,-452.3236,,,3170.0,0.0,-71.34,5588.8,-504.79,-452.32
4298,maize,-202.9872,-449.8104,,,3050.0,0.0,-28.69,6508.1,-202.99,-449.81
4299,maize,-267.277,-453.8445,,,2880.0,0.0,-37.77,5842.9,-267.28,-453.84
4300,maize,-873.8089,-462.6637,,,3720.0,0.0,-123.49,5432.8,-873.81,-462.66
4301,maize,-376.6571,-461.1636,,,3180.0,0.0,-53.23,6125.4,-376.66,-461.16
4302,maize,-612.2534,-463.7376,,,3520.0,0.0,-86.52,5999.0,-612.25,-463.74
4303,maize,-384.9229,-467.4727,,,3130.0,0.0,-54.4,5972.3,-384.92,-467.47
4304,maize,-263.1369,-466.6858,,,3050.0,0.0,-37.19,6267.5,-263.14,-466.69
4305,maize,-504.9384,-467.4188,,,3390.0,0.0,-71.36,6116.2,-504.94,-467.42
4306,maize,-477.4224,-469.0717,,,3240.0,0.0,-67.47,5866.3,-477.42,-469.07
4307,maize,-511.2206,-469.0319,,,3300.0,0.0,-72.25,5875.1,-511.22,-469.03
4308,maize,-542.3469,-468.6913,,,3330.0,0.0,-76.64,5822.6,-542.35,-468.69
4309,maize,-475.6181,-469.9262,,,3410.0,0.0,-67.21,6281.5,-475.62,-469.93
4310,maize,-429.0286,-469.4374,,,3110.0,0.0,-60.63,5747.9,-429.03,-469.44
4311,maize,-322.8182,-469.3462,,,3070.0,0.0,-45.62,6076.7,-322.82,-469.35
4312,maize,-634.4751,-469.2496,,,3370.0,0.0,-89.66,5550.1,-634.48,-469.25
4313,maize,-618.9717,-470.3043,,,3430.0,0.0,-87.47,5756.1,-618.97,-470.3
4314,maize,-538.3249,-469.1962,,,3220.0,0.0,-76.08,5574.7,-538.32,-469.2
4315,maize,-696.0791,-472.8138,,,3420.0,0.0,-98.37,5423.7,-696.08,-472.81
4316,maize,-286.7963,-471.0335,,,3050.0,0.0,-40.53,6172.8,-286.8,-471.03
4317,maize,-671.9232,-472.3783,,,3360.0,0.0,-94.96,5376.3,-671.92,-472.38
4318,maize,-591.9568,-475.0662,,,3380.0,0.0,-83.65,5744.2,-591.96,-475.07
4319,maize,-366.8245,-473.2176,,,3200.0,0.0,-51.84,6212.7,-366.82,-473.22
4320,maize,-283.3444,-471.5981,,,3060.0,0.0,-40.04,6210.6,-283.34,-471.6
4321,maize,-672.0494,-473.4601,,,3420.0,0.0,-94.97,5519.8,-672.05,-473.46
4322,maize,-436.1714,-473.4925,,,3220.0,0.0,-61.64,5983.3,-436.17,-473.49
4323,maize,-580.1342,-476.4637,,,3470.0,0.0,-81.98,6007.5,-580.13,-476.46
4324,maize,-350.3976,-477.2585,,,3240.0,0.0,-49.52,6374.4,-350.4,-477.26
4325,maize,-396.6591,-475.1962,,,3200.0,0.0,-56.06,6093.4,-396.66,-475.2
4326,maize,-502.6718,-479.2359,,,3330.0,0.0,-71.04,5981.3,-502.67,-479.24
4327,maize,-453.9461,-480.8521,,,3100.0,0.0,-64.15,5624.2,-453.95,-480.85
4328,maize,-498.3131,-481.898,,,3250.0,0.0,-70.42,5806.7,-498.31,-481.9
4329,maize,-142.479,-478.0089,,,2870.0,0.0,-20.13,6318.1,-142.48,-478.01
4330,maize,-619.5161,-480.4611,,,3310.0,0.0,-87.55,5465.9,-619.52,-480.46
4331,maize,-489.6324,-478.7946,,,3410.0,0.0,-69.19,6225.5,-489.63,-478.79
4332,maize,-194.4693,-472.7494,,,2780.0,0.0,-27.48,5894.1,-194.47,-472.75
4333,maize,-671.657,-476.4239,,,3490.0,0.0,-94.92,5689.4,-671.66,-476.42
4334,maize,-153.4697,-475.349,,,3030.0,0.0,-21.69,6658.1,-153.47,-475.35
4335,maize,-319.7798,-473.1703,,,3170.0,0.0,-45.19,6328.9,-319.78,-473.17
4336,maize,-457.1583,-473.7777,,,3260.0,0.0,-64.61,5995.4,-457.16,-473.78
4337,maize,-214.2313,-470.003,,,2990.0,0.0,-30.27,6319.1,-214.23,-470.0
4338,maize,-533.1648,-468.1948,,,3500.0,0.0,-75.35,6267.3,-533.16,-468.19
4339,maize,-360.752,-466.2099,,,3120.0,0.0,-50.98,6045.0,-360.75,-466.21
4340,maize,-716.2938,-469.0127,,,3570.0,0.0,-101.23,5702.8,-716.29,-469.01
4341,maize,-588.402,-469.6951,,,3460.0,0.0,-83.15,5950.4,-588.4,-469.7
4342,maize,-392.9301,-468.665,,,3110.0,0.0,-55.53,5892.3,-392.93,-468.66
4343,maize,-249.9036,-466.9536,,,2800.0,0.0,-35.32,5720.4,-249.9,-466.95
4344,maize,-593.2444,-467.2919,,,3480.0,0.0,-83.84,5979.0,-593.24,-467.29
4345,maize,-766.8394,-472.9744,,,3630.0,0.0,-108.37,5644.6,-766.84,-472.97
4346,maize,-434.7693,-473.5767,,,3230.0,0.0,-61.44,6012.9,-434.77,-473.58
4347,maize,-535.6625,-478.0694,,,3380.0,0.0,-75.7,5969.3,-535.66,-478.07
4348,maize,-840.6853,-486.5521,,,3540.0,0.0,-118.8,5133.3,-840.69,-486.55
4349,maize,-524.713,-485.6465,,,3480.0,0.0,-74.15,6253.1,-524.71,-485.65
4350,maize,-398.4529,-486.3222,,,3030.0,0.0,-56.31,5678.2,-398.45,-486.32
4351,maize,-298.2494,-484.1515,,,3140.0,0.0,-42.15,6343.0,-298.25,-484.15
4352,maize,-685.6329,-484.7104,,,3360.0,0.0,-96.89,5321.5,-685.63,-484.71
4353,maize,-474.5849,-486.1931,,,3180.0,0.0,-67.07,5733.7,-474.58,-486.19
4354,maize,-220.4674,-482.1375,,,2950.0,0.0,-31.16,6198.1,-220.47,-482.14
4355,maize,-291.1031,-479.2033,,,2970.0,0.0,-41.14,5963.6,-291.1,-479.2
4356,maize,-257.5015,-469.1112,,,3010.0,0.0,-36.39,6194.0,-257.5,-469.11
4357,maize,-225.2053,-466.513,,,2890.0,0.0,-31.83,6035.2,-225.21,-466.51
4358,maize,-536.1821,-469.739,,,3470.0,0.0,-75.77,6183.3,-536.18,-469.74
4359,maize,-372.8734,-471.4817,,,3080.0,0.0,-52.69,5900.5,-372.87,-471.48
4360,maize,-545.6944,-472.0686,,,3260.0,0.0,-77.12,5641.2,-545.69,-472.07
4361,maize,-719.9943,-472.5425,,,3300.0,0.0,-101.75,5040.0,-719.99,-472.54
4362,maize,-687.6694,-473.2721,,,3200.0,0.0,-97.18,4929.3,-687.67,-473.27
4363,maize,-338.0408,-469.8204,,,3120.0,0.0,-47.77,6135.8,-338.04,-469.82
4364,maize,-640.2864,-471.2676,,,3370.0,0.0,-90.48,5526.9,-640.29,-471.27
4365,maize,-603.1523,-472.6625,,,3310.0,0.0,-85.24,5531.4,-603.15,-472.66
4366,maize,-372.0825,-469.8504,,,3210.0,0.0,-52.58,6215.7,-372.08,-469.85
4367,maize,-777.8994,-472.4366,,,3670.0,0.0,-109.93,5696.4,-777.9,-472.44
4368,maize,-746.9623,-474.038,,,3500.0,0.0,-105.56,5412.2,-746.96,-474.04
4369,maize,-545.2876,-474.3556,,,3400.0,0.0,-77.06,5978.8,-545.29,-474.36
4370,maize,-532.6689,-476.705,,,3360.0,0.0,-75.28,5933.3,-532.67,-476.71
4371,maize,-760.3064,-480.5978,,,3520.0,0.0,-107.45,5406.8,-760.31,-480.6
4372,maize,-543.8569,-480.7378,,,3340.0,0.0,-76.86,5840.6,-543.86,-480.74
4373,maize,-841.8459,-488.1649,,,3460.0,0.0,-118.97,4936.6,-841.85,-488.16
4374,maize,-562.005,-487.2852,,,3170.0,0.0,-79.42,5360.0,-562.01,-487.29
4375,maize,-587.6959,-487.218,,,3400.0,0.0,-83.05,5809.2,-587.7,-487.22
4376,maize,-658.9896,-489.2916,,,3490.0,0.0,-93.13,5740.0,-658.99,-489.29
4377,maize,-424.4041,-491.5628,,,3030.0,0.0,-59.98,5574.4,-424.4,-491.56
4378,maize,-534.3046,-491.8281,,,3340.0,0.0,-75.51,5878.8,-534.3,-491.83
4379,maize,-309.9558,-493.1955,,,3170.0,0.0,-43.8,6368.2,-309.96,-493.2
4380,maize,-622.2511,-493.2509,,,3530.0,0.0,-87.94,5983.0,-622.25,-493.25
4381,maize,-329.851,-493.7413,,,3060.0,0.0,-46.61,6024.6,-329.85,-493.74
4382,maize,-121.2393,-490.1992,,,3010.0,0.0,-17.13,6739.0,-121.24,-490.2
4383,maize,-606.4075,-489.8073,,,3440.0,0.0,-85.7,5830.4,-606.41,-489.81
4384,maize,-113.8159,-484.1284,,,2920.0,0.0,-16.08,6552.7,-113.82,-484.13
4385,maize,-338.9995,-483.8638,,,3050.0,0.0,-47.91,5964.0,-339.0,-483.86
4386,maize,-472.2375,-484.6577,,,3330.0,0.0,-66.74,6103.0,-472.24,-484.66
4387,maize,-443.2401,-481.8523,,,3190.0,0.0,-62.64,5883.0,-443.24,-481.85
4388,maize,-486.0655,-481.6772,,,3200.0,0.0,-68.69,5735.7,-486.07,-481.68
4389,maize,-555.0105,-483.2912,,,3350.0,0.0,-78.43,5820.0,-555.01,-483.29
4390,maize,-374.306,-481.4123,,,3060.0,0.0,-52.9,5846.8,-374.31,-481.41
4391,maize,-571.2451,-480.2513,,,3380.0,0.0,-80.73,5827.0,-571.25,-480.25
4392,maize,-601.2626,-479.1202,,,3340.0,0.0,-84.97,5610.9,-601.26,-479.12
4393,maize,-489.8741,-482.1406,,,3320.0,0.0,-69.23,6008.5,-489.87,-482.14
4394,maize,-513.2761,-480.7504,,,3340.0,0.0,-72.54,5962.9,-513.28,-480.75
4395,maize,-619.9455,-482.9115,,,3360.0,0.0,-87.61,5584.2,-619.95,-482.91
4396,maize,-341.5566,-482.2196,,,3040.0,0.0,-48.27,5929.8,-341.56,-482.22
4397,maize,-548.6267,-482.6579,,,3200.0,0.0,-77.53,5485.5,-548.63,-482.66
4398,maize,-476.6889,-485.395,,,3220.0,0.0,-67.37,5821.2,-476.69,-485.39
4399,maize,-653.2035,-489.2542,,,3490.0,0.0,-92.31,5763.2,-653.2,-489.25
4400,maize,-591.4117,-486.4302,,,3310.0,0.0,-83.58,5578.4,-591.41,-486.43
4401,maize,-154.8573,-484.2123,,,2930.0,0.0,-21.88,6412.6,-154.86,-484.21
4402,maize,-673.8859,-484.8286,,,3460.0,0.0,-95.23,5608.5,-673.89,-484.83
4403,maize,-468.7307,-485.6667,,,3110.0,0.0,-66.24,5589.1,-468.73,-485.67
4404,maize,-318.1349,-486.2166,,,3030.0,0.0,-44.96,5999.5,-318.13,-486.22
4405,maize,-668.9991,-487.8572,,,3440.0,0.0,-94.54,5580.0,-669.0,-487.86
4406,maize,-377.7387,-486.8604,,,3260.0,0.0,-53.38,6313.0,-377.74,-486.86
4407,maize,-613.2268,-487.8805,,,3340.0,0.0,-86.66,5563.1,-613.23,-487.88
4408,maize,-422.9751,-486.6867,,,2960.0,0.0,-59.77,5412.1,-422.98,-486.69
4409,maize,-309.4038,-485.0246,,,3150.0,0.0,-43.72,6322.4,-309.4,-485.02
4410,maize,-669.3873,-487.4282,,,3460.0,0.0,-94.6,5626.5,-669.39,-487.43
4411,maize,-541.7639,-489.6177,,,3350.0,0.0,-76.56,5872.9,-541.76,-489.62
4412,maize,-242.4479,-485.6974,,,3080.0,0.0,-34.26,6422.2,-242.45,-485.7
4413,maize,-655.5213,-486.0629,,,3570.0,0.0,-92.64,5945.9,-655.52,-486.06
4414,maize,-550.3229,-486.1829,,,3150.0,0.0,-77.77,5358.7,-550.32,-486.18
4415,maize,-749.0102,-486.7122,,,3420.0,0.0,-105.85,5212.0,-749.01,-486.71
4416,maize,-256.5123,-486.4093,,,3100.0,0.0,-36.25,6414.0,-256.51,-486.41
4417,maize,-170.9441,-481.3995,,,2840.0,0.0,-24.16,6132.2,-170.94,-481.4
4418,maize,-444.9435,-479.9294,,,3180.0,0.0,-62.88,5852.2,-444.94,-479.93
4419,maize,-282.7159,-479.0883,,,3070.0,0.0,-39.95,6237.1,-282.72,-479.09
4420,maize,-695.049,-483.2054,,,3000.0,0.0,-98.22,4419.8,-695.05,-483.21
4421,maize,-354.9099,-480.034,,,3290.0,0.0,-50.16,6476.4,-354.91,-480.03
4422,maize,-606.1908,-481.7342,,,3450.0,0.0,-85.67,5855.2,-606.19,-481.73
4423,maize,-329.832,-479.2311,,,3120.0,0.0,-46.61,6168.7,-329.83,-479.23
4424,maize,-218.4467,-477.9116,,,3000.0,0.0,-30.87,6326.2,-218.45,-477.91
4425,maize,-150.229,-475.4473,,,2950.0,0.0,-21.23,6479.1,-150.23,-475.45
4426,maize,-272.5004,-473.1456,,,3130.0,0.0,-38.51,6422.0,-272.5,-473.15
4427,maize,-504.2227,-473.6484,,,3180.0,0.0,-71.26,5615.1,-504.22,-473.65
4428,maize,-382.643,-472.4917,,,3090.0,0.0,-54.07,5885.4,-382.64,-472.49
4429,maize,-480.1468,-475.8684,,,3420.0,0.0,-67.85,6287.4,-480.15,-475.87
4430,maize,-299.8156,-472.6714,,,3110.0,0.0,-42.37,6264.7,-299.82,-472.67
4431,maize,-98.9406,-468.7644,,,2950.0,0.0,-13.98,6684.2,-98.94,-468.76
4432,maize,-255.3556,-469.3733,,,2910.0,0.0,-36.09,5962.6,-255.36,-469.37
4433,maize,-464.5282,-467.302,,,3150.0,0.0,-65.65,5701.9,-464.53,-467.3
4434,maize,40.0942,-465.3664,,,2690.0,0.0,5.67,6616.4,40.09,-465.37
4435,maize,-363.9883,-465.8085,,,3360.0,0.0,-51.44,6608.0,-363.99,-465.81
4436,maize,-290.6283,-464.1432,,,3060.0,0.0,-41.07,6181.5,-290.63,-464.14
4437,maize,-474.0075,-466.7409,,,3330.0,0.0,-66.99,6096.0,-474.01,-466.74
4438,maize,-298.1181,-464.3905,,,3210.0,0.0,-42.13,6511.5,-298.12,-464.39
4439,maize,-580.3614,-466.5865,,,3370.0,0.0,-82.02,5766.6,-580.36,-466.59
4440,maize,-385.6835,-463.2804,,,3070.0,0.0,-54.5,5825.3,-385.68,-463.28
4441,maize,-658.0504,-463.9769,,,3500.0,0.0,-92.99,5767.8,-658.05,-463.98
4442,maize,-179.5265,-461.8429,,,3000.0,0.0,-25.37,6481.9,-179.53,-461.84
4443,maize,-492.6533,-464.2704,,,3080.0,0.0,-69.62,5421.4,-492.65,-464.27
4444,maize,-324.3871,-461.5818,,,3170.0,0.0,-45.84,6310.5,-324.39,-461.58
4445,maize,-615.8067,-460.0715,,,3260.0,0.0,-87.03,5360.8,-615.81,-460.07
4446,maize,-532.3125,-461.0469,,,3350.0,0.0,-75.23,5910.8,-532.31,-461.05
4447,maize,-542.4249,-461.1145,,,3150.0,0.0,-76.65,5390.3,-542.42,-461.11
4448,maize,-559.4268,-458.302,,,3380.0,0.0,-79.06,5874.3,-559.43,-458.3
4449,maize,-458.5546,-457.6404,,,3140.0,0.0,-64.8,5701.8,-458.55,-457.64
4450,maize,-439.8126,-458.054,,,3150.0,0.0,-62.15,5800.7,-439.81,-458.05
4451,maize,-403.7402,-459.1089,,,3130.0,0.0,-57.06,5897.0,-403.74,-459.11
4452,maize,-245.0861,-454.7034,,,2950.0,0.0,-34.64,6099.7,-245.09,-454.7
4453,maize,-515.1665,-455.1092,,,3370.0,0.0,-72.8,6027.3,-515.17,-455.11
4454,maize,-423.7769,-457.1423,,,3150.0,0.0,-59.89,5864.9,-423.78,-457.14
4455,maize,-503.3851,-459.2651,,,3280.0,0.0,-71.14,5858.5,-503.39,-459.27
4456,maize,-175.3961,-458.4441,,,3020.0,0.0,-24.79,6546.4,-175.4,-458.44
4457,maize,-622.8376,-462.4204,,,3560.0,0.0,-88.02,6052.6,-622.84,-462.42
4458,maize,-611.7851,-463.1764,,,3380.0,0.0,-86.46,5664.9,-611.79,-463.18
4459,maize,-149.079,-460.9385,,,3150.0,0.0,-21.07,6963.7,-149.08,-460.94
4460,maize,-286.5802,-458.3474,,,2950.0,0.0,-40.5,5933.7,-286.58,-458.35
4461,maize,-443.7548,-455.585,,,3220.0,0.0,-62.71,5953.0,-443.75,-455.58
4462,maize,-423.5648,-452.9439,,,3260.0,0.0,-59.86,6129.7,-423.56,-452.94
4463,maize,-496.8062,-454.5316,,,3350.0,0.0,-70.21,6052.8,-496.81,-454.53
4464,maize,-130.1474,-449.4302,,,2850.0,0.0,-18.39,6319.4,-130.15,-449.43
4465,maize,-539.9796,-448.7985,,,3440.0,0.0,-76.31,6096.1,-539.98,-448.8
4466,maize,-481.2326,-449.89,,,3200.0,0.0,-68.01,5755.1,-481.23,-449.89
4467,maize,-382.4453,-445.9354,,,3220.0,0.0,-54.05,6198.2,-382.45,-445.94
4468,maize,-600.7956,-444.4737,,,3320.0,0.0,-84.9,5564.8,-600.8,-444.47
4469,maize,-378.1985,-442.8029,,,3100.0,0.0,-53.45,5927.2,-378.2,-442.8
4470,maize,-585.0767,-443.3269,,,3390.0,0.0,-82.68,5795.7,-585.08,-443.33
4471,maize,-387.9671,-439.6035,,,3190.0,0.0,-54.83,6104.1,-387.97,-439.6
4472,maize,-191.739,-436.0824,,,2890.0,0.0,-27.1,6169.0,-191.74,-436.08
4473,maize,-743.5346,-435.0993,,,3410.0,0.0,-105.08,5209.9,-743.53,-435.1
4474,maize,28.908,-429.1901,,,2730.0,0.0,4.09,6667.6,28.91,-429.19
4475,maize,-512.5209,-428.4384,,,3350.0,0.0,-72.43,5989.9,-512.52,-428.44
4476,maize,-576.6919,-427.6154,,,3220.0,0.0,-81.5,5421.2,-576.69,-427.62
4477,maize,-335.5985,-426.7273,,,3090.0,0.0,-47.43,6073.6,-335.6,-426.73
4478,maize,-134.3935,-422.7282,,,2820.0,0.0,-18.99,6230.4,-134.39,-422.73
4479,maize,-189.6941,-421.5256,,,2940.0,0.0,-26.81,6297.2,-189.69,-421.53
4480,maize,-580.5209,-421.1083,,,3410.0,0.0,-82.04,5861.9,-580.52,-421.11
4481,maize,-499.2599,-422.8024,,,3360.0,0.0,-70.55,6067.0,-499.26,-422.8
4482,maize,-689.1779,-428.4818,,,3320.0,0.0,-97.39,5211.3,-689.18,-428.48
4483,maize,-405.2384,-426.4701,,,3320.0,0.0,-57.27,6347.0,-405.24,-426.47
4484,maize,-474.3159,-430.0751,,,3410.0,0.0,-67.03,6286.7,-474.32,-430.08
4485,maize,-500.75,-431.6926,,,3090.0,0.0,-70.77,5413.0,-500.75,-431.69
4486,maize,-442.8281,-431.3985,,,3220.0,0.0,-62.58,5956.7,-442.83,-431.4
4487,maize,-393.697,-430.9031,,,3090.0,0.0,-55.64,5841.2,-393.7,-430.9
4488,maize,201.2223,-424.0302,,,2730.0,0.0,28.44,7356.9,201.22,-424.03
4489,maize,-476.9624,-423.2497,,,3180.0,0.0,-67.4,5724.2,-476.96,-423.25
4490,maize,-288.3761,-422.3904,,,2980.0,0.0,-40.75,5998.5,-288.38,-422.39
4491,maize,-321.4255,-419.8922,,,3050.0,0.0,-45.42,6034.3,-321.43,-419.89
4492,maize,-273.1225,-416.6108,,,3040.0,0.0,-38.6,6203.5,-273.12,-416.61
4493,maize,-468.7935,-416.4,,,3370.0,0.0,-66.25,6212.8,-468.79,-416.4
4494,maize,-500.6301,-416.2736,,,3290.0,0.0,-70.75,5893.5,-500.63,-416.27
4495,maize,-162.5944,-411.7,,,3140.0,0.0,-22.98,6885.6,-162.59,-411.7
4496,maize,-698.749,-415.272,,,3410.0,0.0,-98.75,5389.0,-698.75,-415.27
4497,maize,-258.255,-412.3682,,,2950.0,0.0,-36.5,6047.0,-258.26,-412.37
4498,maize,-387.5792,-411.4771,,,3120.0,0.0,-54.77,5937.7,-387.58,-411.48
4499,maize,-550.573,-410.4508,,,3450.0,0.0,-77.81,6077.7,-550.57,-410.45
4500,maize,-373.974,-408.2765,,,3080.0,0.0,-52.85,5896.1,-373.97,-408.28
4501,maize,-473.9065,-411.467,,,3340.0,0.0,-66.97,6120.4,-473.91,-411.47
4502,maize,-286.0181,-407.5883,,,2950.0,0.0,-40.42,5935.9,-286.02,-407.59
4503,maize,-313.9306,-406.0403,,,2930.0,0.0,-44.36,5776.3,-313.93,-406.04
4504,maize,-410.603,-406.965,,,3210.0,0.0,-58.03,6061.6,-410.6,-406.96
4505,maize,-511.6202,-405.3912,,,3200.0,0.0,-72.3,5633.5,-511.62,-405.39
4506,maize,-248.4257,-404.098,,,3010.0,0.0,-35.11,6230.3,-248.43,-404.1
4507,maize,-782.5789,-405.7916,,,3530.0,0.0,-110.59,5341.7,-782.58,-405.79
4508,maize,-285.5125,-404.4169,,,3100.0,0.0,-40.35,6297.9,-285.51,-404.42
4509,maize,-513.9084,-406.462,,,3190.0,0.0,-72.62,5600.4,-513.91,-406.46
4510,maize,-589.6279,-405.6644,,,3410.0,0.0,-83.33,5825.5,-589.63,-405.66
4511,maize,-627.7619,-406.5244,,,3290.0,0.0,-88.71,5385.0,-627.76,-406.52
4512,maize,-726.0598,-411.3605,,,3590.0,0.0,-102.61,5711.8,-726.06,-411.36
4513,maize,-209.2076,-406.8973,,,2930.0,0.0,-29.56,6195.2,-209.21,-406.9
4514,maize,-128.0372,-402.6745,,,3040.0,0.0,-18.09,6783.9,-128.04,-402.67
4515,maize,-586.0754,-401.0451,,,3350.0,0.0,-82.82,5695.7,-586.08,-401.05
4516,maize,-282.1216,-401.3012,,,3070.0,0.0,-39.87,6239.5,-282.12,-401.3
4517,maize,-519.0526,-404.7823,,,3350.0,0.0,-73.35,5963.8,-519.05,-404.78
4518,maize,-95.8046,-401.2909,,,2870.0,0.0,-13.54,6504.8,-95.8,-401.29
4519,maize,-156.5925,-400.0297,,,2910.0,0.0,-22.13,6357.6,-156.59,-400.03
4520,maize,-491.6877,-397.9961,,,3180.0,0.0,-69.48,5665.2,-491.69,-398.0
4521,maize,-140.2828,-395.8498,,,2860.0,0.0,-19.82,6302.9,-140.28,-395.85
4522,maize,-512.1056,-394.909,,,3290.0,0.0,-72.37,5847.6,-512.11,-394.91
4523,maize,-870.0712,-400.3114,,,3780.0,0.0,-122.96,5591.7,-870.07,-400.31
4524,maize,-344.2662,-401.5696,,,3070.0,0.0,-48.65,5990.9,-344.27,-401.57
4525,maize,-493.3108,-405.0004,,,3340.0,0.0,-69.71,6042.8,-493.31,-405.0
4526,maize,-528.841,-407.5638,,,3160.0,0.0,-74.74,5468.6,-528.84,-407.56
4527,maize,-755.2678,-410.0742,,,3750.0,0.0,-106.73,5978.9,-755.27,-410.07
4528,maize,-515.9897,-411.4077,,,3280.0,0.0,-72.92,5808.0,-515.99,-411.41
4529,maize,-391.298,-410.5192,,,3110.0,0.0,-55.3,5898.8,-391.3,-410.52
4530,maize,-551.7109,-413.0382,,,3290.0,0.0,-77.97,5689.2,-551.71,-413.04
4531,maize,-486.1545,-416.9103,,,3300.0,0.0,-68.7,5975.4,-486.15,-416.91
4532,maize,-452.3237,-418.88,,,3280.0,0.0,-63.92,6062.7,-452.32,-418.88
4533,maize,-485.6106,-419.0908,,,3090.0,0.0,-68.63,5473.6,-485.61,-419.09
4534,maize,-133.4377,-420.8261,,,2990.0,0.0,-18.86,6642.2,-133.44,-420.83
4535,maize,-250.9704,-419.6959,,,2990.0,0.0,-35.47,6172.1,-250.97,-419.7
4536,maize,-515.4316,-421.944,,,3340.0,0.0,-72.84,5954.3,-515.43,-421.94
4537,maize,-313.2899,-420.3368,,,3050.0,0.0,-44.27,6066.8,-313.29,-420.34
4538,maize,-295.5585,-420.3112,,,2970.0,0.0,-41.77,5945.8,-295.56,-420.31
4539,maize,-97.2485,-415.4801,,,2950.0,0.0,-13.74,6691.0,-97.25,-415.48
4540,maize,-533.9113,-416.9624,,,3330.0,0.0,-75.45,5856.4,-533.91,-416.96
4541,maize,-439.4357,-414.7762,,,3080.0,0.0,-62.1,5634.3,-439.44,-414.78
4542,maize,-430.2571,-417.2835,,,3180.0,0.0,-60.8,5911.0,-430.26,-417.28
4543,maize,-287.6948,-415.2339,,,3040.0,0.0,-40.66,6145.2,-287.69,-415.23
4544,maize,-755.3749,-419.5438,,,3550.0,0.0,-106.75,5498.5,-755.37,-419.54
4545,maize,-623.6108,-419.6218,,,3400.0,0.0,-88.13,5665.6,-623.61,-419.62
4546,maize,-417.4769,-418.4735,,,3230.0,0.0,-59.0,6082.1,-417.48,-418.47
4547,maize,-213.0349,-415.1796,,,2990.0,0.0,-30.11,6323.9,-213.03,-415.18
4548,maize,-689.1618,-416.4769,,,3530.0,0.0,-97.39,5715.4,-689.16,-416.48
4549,maize,-533.2808,-417.2242,,,3380.0,0.0,-75.36,5978.9,-533.28,-417.22
4550,maize,-770.3966,-420.53,,,3410.0,0.0,-108.87,5102.4,-770.4,-420.53
4551,maize,-827.7406,-424.77,,,3680.0,0.0,-116.98,5521.0,-827.74,-424.77
4552,maize,-556.3213,-427.8824,,,3340.0,0.0,-78.62,5790.7,-556.32,-427.88
4553,maize,-638.5711,-429.1164,,,3310.0,0.0,-90.24,5389.7,-638.57,-429.12
4554,maize,-468.606,-429.5647,,,3220.0,0.0,-66.22,5853.6,-468.61,-429.56
4555,maize,-315.7218,-427.6881,,,3010.0,0.0,-44.62,5961.1,-315.72,-427.69
4556,maize,-743.3366,-433.3675,,,3350.0,0.0,-105.05,5066.7,-743.34,-433.37
4557,maize,-266.3205,-429.8023,,,3000.0,0.0,-37.64,6134.7,-266.32,-429.8
4558,maize,-200.1116,-425.6856,,,2910.0,0.0,-28.28,6183.6,-200.11,-425.69
4559,maize,-518.6,-429.3808,,,3180.0,0.0,-73.29,5557.6,-518.6,-429.38
4560,maize,-261.3457,-429.1285,,,3000.0,0.0,-36.93,6154.6,-261.35,-429.13
4561,maize,-892.7225,-433.6181,,,3690.0,0.0,-126.16,5285.1,-892.72,-433.62
4562,maize,-461.9735,-434.0022,,,3240.0,0.0,-65.29,5928.1,-461.97,-434.0
4563,maize,-678.8549,-435.8227,,,3380.0,0.0,-95.93,5396.6,-678.85,-435.82
4564,maize,-80.7782,-435.329,,,2920.0,0.0,-11.42,6684.9,-80.78,-435.33
4565,maize,-443.9507,-434.3687,,,3150.0,0.0,-62.74,5784.2,-443.95,-434.37
4566,maize,-527.7754,-434.8342,,,3410.0,0.0,-74.58,6072.9,-527.78,-434.83
4567,maize,-480.0964,-435.8107,,,3230.0,0.0,-67.85,5831.6,-480.1,-435.81
4568,maize,-240.3818,-432.2065,,,3150.0,0.0,-33.97,6598.5,-240.38,-432.21
4569,maize,-360.5097,-432.0296,,,3210.0,0.0,-50.95,6262.0,-360.51,-432.03
4570,maize,-632.0496,-432.4994,,,3290.0,0.0,-89.32,5367.8,-632.05,-432.5
4571,maize,-369.4301,-432.314,,,3250.0,0.0,-52.21,6322.3,-369.43,-432.31
4572,maize,-477.5318,-435.1719,,,3340.0,0.0,-67.48,6105.9,-477.53,-435.17
4573,maize,-321.9977,-430.9566,,,3090.0,0.0,-45.5,6128.0,-322.0,-430.96
4574,maize,-200.9321,-433.255,,,2940.0,0.0,-28.4,6252.3,-200.93,-433.25
4575,maize,-501.3239,-433.143,,,3310.0,0.0,-70.85,5938.7,-501.32,-433.14
4576,maize,-347.2026,-430.8481,,,3130.0,0.0,-49.07,6123.2,-347.2,-430.85
4577,maize,-444.5999,-431.9381,,,3260.0,0.0,-62.83,6045.6,-444.6,-431.94
4578,maize,-527.6303,-435.8705,,,3270.0,0.0,-74.56,5737.5,-527.63,-435.87
4579,maize,-540.7519,-439.3811,,,3330.0,0.0,-76.42,5829.0,-540.75,-439.38
4580,maize,-168.0842,-435.2567,,,3060.0,0.0,-23.75,6671.7,-168.08,-435.26
4581,maize,-492.6527,-435.1906,,,3150.0,0.0,-69.62,5589.4,-492.65,-435.19
4582,maize,-446.0628,-432.7595,,,3140.0,0.0,-63.04,5751.7,-446.06,-432.76
4583,maize,-380.05,-432.5076,,,3000.0,0.0,-53.71,5679.8,-380.05,-432.51
4584,maize,-549.11,-433.2555,,,3210.0,0.0,-77.6,5507.6,-549.11,-433.26
4585,maize,-645.3757,-434.7018,,,3490.0,0.0,-91.2,5794.5,-645.38,-434.7
4586,maize,-263.9382,-432.9129,,,2860.0,0.0,-37.3,5808.2,-263.94,-432.91
4587,maize,-485.94,-433.8353,,,3210.0,0.0,-68.67,5760.2,-485.94,-433.84
4588,maize,-323.1584,-439.0791,,,3130.0,0.0,-45.67,6219.4,-323.16,-439.08
4589,maize,-496.0128,-439.2696,,,3290.0,0.0,-70.1,5911.9,-496.01,-439.27
4590,maize,-361.6087,-440.002,,,3100.0,0.0,-51.1,5993.6,-361.61,-440.0
4591,maize,-396.9877,-440.7576,,,3280.0,0.0,-56.1,6284.0,-396.99,-440.76
4592,maize,-318.8219,-441.2146,,,3040.0,0.0,-45.06,6020.7,-318.82,-441.21
4593,maize,-568.9254,-442.2159,,,3430.0,0.0,-80.4,5956.3,-568.93,-442.22
4594,maize,-99.01,-438.1997,,,3030.0,0.0,-13.99,6876.0,-99.01,-438.2
4595,maize,-427.6009,-440.8498,,,3100.0,0.0,-60.43,5729.6,-427.6,-440.85
4596,maize,-151.1978,-435.3742,,,2850.0,0.0,-21.37,6235.2,-151.2,-435.37
4597,maize,-716.571,-439.9574,,,3350.0,0.0,-101.26,5173.7,-716.57,-439.96
4598,maize,-597.7974,-442.0596,,,3430.0,0.0,-84.48,5840.8,-597.8,-442.06
4599,maize,66.9771,-435.8841,,,2670.0,0.0,9.47,6675.9,66.98,-435.88
4600,maize,-460.1836,-436.7462,,,3140.0,0.0,-65.03,5695.3,-460.18,-436.75
4601,maize,-271.977,-434.7269,,,2910.0,0.0,-38.44,5896.1,-271.98,-434.73
4602,maize,-273.3564,-434.6003,,,3040.0,0.0,-38.63,6202.6,-273.36,-434.6
4603,maize,-415.8215,-435.6192,,,3250.0,0.0,-58.76,6136.7,-415.82,-435.62
4604,maize,-314.8719,-434.6619,,,2990.0,0.0,-44.5,5916.5,-314.87,-434.66
4605,maize,-89.9256,-430.4449,,,3010.0,0.0,-12.71,6864.3,-89.93,-430.44
4606,maize,-650.1112,-434.4618,,,3410.0,0.0,-91.87,5583.6,-650.11,-434.46
4607,maize,-800.7013,-434.643,,,3700.0,0.0,-113.15,5677.2,-800.7,-434.64
4608,maize,-216.7828,-433.9557,,,2980.0,0.0,-30.64,6284.9,-216.78,-433.96
4609,maize,-575.8557,-434.5752,,,3310.0,0.0,-81.38,5640.6,-575.86,-434.58
4610,maize,-552.6241,-434.2051,,,3290.0,0.0,-78.1,5685.5,-552.62,-434.21
4611,maize,-540.81,-433.3356,,,3160.0,0.0,-76.43,5420.8,-540.81,-433.34
4612,maize,-380.5056,-429.8801,,,3320.0,0.0,-53.77,6446.0,-380.51,-429.88
4613,maize,-648.2877,-434.2709,,,3470.0,0.0,-91.62,5734.8,-648.29,-434.27
4614,maize,-321.5061,-436.2056,,,2970.0,0.0,-45.43,5842.0,-321.51,-436.21
4615,maize,-457.2318,-434.9171,,,3210.0,0.0,-64.62,5875.1,-457.23,-434.92
4616,maize,-750.5254,-439.6012,,,3590.0,0.0,-106.06,5613.9,-750.53,-439.6
4617,maize,-279.4915,-437.2056,,,3130.0,0.0,-39.5,6394.0,-279.49,-437.21
4618,maize,-290.5354,-439.1529,,,2930.0,0.0,-41.06,5869.9,-290.54,-439.15
4619,maize,-129.0376,-438.8773,,,2730.0,0.0,-18.24,6035.8,-129.04,-438.88
4620,maize,-406.5587,-438.026,,,3330.0,0.0,-57.45,6365.8,-406.56,-438.03
4621,maize,-532.4102,-441.9473,,,3270.0,0.0,-75.24,5718.4,-532.41,-441.95
4622,maize,-535.2436,-442.1787,,,3190.0,0.0,-75.64,5515.0,-535.24,-442.18
4623,maize,-136.8575,-434.8465,,,3110.0,0.0,-19.34,6916.6,-136.86,-434.85
4624,maize,-62.325,-432.0271,,,2900.0,0.0,-8.81,6710.7,-62.32,-432.03
4625,maize,-4.9987,-427.144,,,2760.0,0.0,-0.71,6604.0,-5.0,-427.14
4626,maize,-665.0952,-428.5066,,,3460.0,0.0,-93.99,5643.6,-665.1,-428.51
4627,maize,-464.0403,-425.5943,,,3210.0,0.0,-65.58,5847.8,-464.04,-425.59
4628,maize,-288.8479,-423.3229,,,3130.0,0.0,-40.82,6356.6,-288.85,-423.32
4629,maize,-449.4838,-423.9047,,,3230.0,0.0,-63.52,5954.1,-449.48,-423.9
4630,maize,-422.7786,-422.6154,,,3180.0,0.0,-59.75,5940.9,-422.78,-422.62
4631,maize,-572.6162,-423.48,,,3440.0,0.0,-80.92,5965.5,-572.62,-423.48
4632,maize,-555.6297,-424.5131,,,3430.0,0.0,-78.52,6009.5,-555.63,-424.51
4633,maize,-753.1376,-427.1883,,,3350.0,0.0,-106.43,5027.4,-753.14,-427.19
4634,maize,-146.0137,-427.3141,,,2940.0,0.0,-20.63,6471.9,-146.01,-427.31
4635,maize,-114.5678,-425.9501,,,2910.0,0.0,-16.19,6525.7,-114.57,-425.95
4636,maize,-597.1074,-426.7668,,,3370.0,0.0,-84.38,5699.6,-597.11,-426.77
4637,maize,-423.8916,-427.8729,,,3080.0,0.0,-59.9,5696.4,-423.89,-427.87
4638,maize,-430.3265,-429.2205,,,3160.0,0.0,-60.81,5862.7,-430.33,-429.22
4639,maize,-674.7518,-434.9956,,,3390.0,0.0,-95.36,5437.0,-674.75,-435.0
4640,maize,-633.3458,-435.9899,,,3380.0,0.0,-89.5,5578.6,-633.35,-435.99
4641,maize,-629.1488,-437.887,,,3360.0,0.0,-88.91,5547.4,-629.15,-437.89
4642,maize,-284.4633,-436.4291,,,3030.0,0.0,-40.2,6134.1,-284.46,-436.43
4643,maize,-484.0333,-438.3925,,,3110.0,0.0,-68.4,5527.9,-484.03,-438.39
4644,maize,-464.4827,-435.4836,,,3410.0,0.0,-65.64,6326.1,-464.48,-435.48
4645,maize,-314.6094,-432.3936,,,2940.0,0.0,-44.46,5797.6,-314.61,-432.39
4646,maize,-93.1999,-429.1508,,,2980.0,0.0,-13.17,6779.2,-93.2,-429.15
4647,maize,-472.7084,-431.7475,,,3310.0,0.0,-66.8,6053.2,-472.71,-431.75
4648,maize,-496.0005,-429.8159,,,3220.0,0.0,-70.09,5744.0,-496.0,-429.82
4649,maize,-101.8169,-425.5013,,,2900.0,0.0,-14.39,6552.7,-101.82,-425.5
4650,maize,-186.3352,-419.6607,,,2970.0,0.0,-26.33,6382.7,-186.34,-419.66
4651,maize,-554.4433,-416.9277,,,3260.0,0.0,-78.35,5606.2,-554.44,-416.93
4652,maize,-351.4891,-414.8794,,,3220.0,0.0,-49.67,6322.0,-351.49,-414.88
4653,maize,-713.6649,-415.6303,,,3620.0,0.0,-100.85,5833.3,-713.66,-415.63
4654,maize,130.7933,-409.6363,,,2670.0,0.0,18.48,6931.2,130.79,-409.64
4655,maize,-469.0126,-411.1692,,,3280.0,0.0,-66.28,5995.9,-469.01,-411.17
4656,maize,-408.4112,-407.82,,,3190.0,0.0,-57.72,6022.4,-408.41,-407.82
4657,maize,-326.3499,-408.4202,,,3040.0,0.0,-46.12,5990.6,-326.35,-408.42
4658,maize,-239.1254,-408.8104,,,3150.0,0.0,-33.79,6603.5,-239.13,-408.81
4659,maize,-618.4452,-409.8088,,,3420.0,0.0,-87.4,5734.2,-618.45,-409.81
4660,maize,-231.3249,-409.5086,,,3060.0,0.0,-32.69,6418.7,-231.32,-409.51
4661,maize,-304.7203,-403.6286,,,3120.0,0.0,-43.06,6269.1,-304.72,-403.63
4662,maize,-737.889,-406.3878,,,3510.0,0.0,-104.28,5472.4,-737.89,-406.39
4663,maize,-518.7222,-404.7864,,,3430.0,0.0,-73.31,6157.1,-518.72,-404.79
4664,maize,-397.1571,-407.9502,,,3110.0,0.0,-56.13,5875.4,-397.16,-407.95
4665,maize,-1246.7408,-415.9781,,,3120.0,0.0,-176.19,2501.0,-1246.74,-415.98
4666,maize,-468.9475,-415.3898,,,3190.0,0.0,-66.27,5780.2,-468.95,-415.39
4667,maize,-435.9427,-414.9483,,,3170.0,0.0,-61.61,5864.2,-435.94,-414.95
4668,maize,-324.9823,-415.7943,,,3030.0,0.0,-45.93,5972.1,-324.98,-415.79
4669,maize,-58.0735,-412.77,,,2710.0,0.0,-8.21,6271.7,-58.07,-412.77
4670,maize,-642.6868,-412.8763,,,3390.0,0.0,-90.82,5565.3,-642.69,-412.88
4671,maize,-687.0059,-416.0521,,,3400.0,0.0,-97.09,5412.0,-687.01,-416.05
4672,maize,-659.4769,-417.8715,,,3410.0,0.0,-93.2,5546.1,-659.48,-417.87
4673,maize,-434.293,-418.9945,,,3410.0,0.0,-61.37,6446.8,-434.29,-418.99
4674,maize,-511.6246,-422.1014,,,3250.0,0.0,-72.3,5753.5,-511.62,-422.1
4675,maize,-370.8698,-420.7969,,,3120.0,0.0,-52.41,6004.5,-370.87,-420.8
4676,maize,-756.6519,-424.8914,,,3500.0,0.0,-106.93,5373.4,-756.65,-424.89
4677,maize,-551.8497,-425.9639,,,3440.0,0.0,-77.99,6048.6,-551.85,-425.96
4678,maize,-627.6791,-426.9644,,,3460.0,0.0,-88.7,5793.3,-627.68,-426.96
4679,maize,-648.357,-428.0404,,,3440.0,0.0,-91.63,5662.6,-648.36,-428.04
4680,maize,-223.618,-428.5957,,,3030.0,0.0,-31.6,6377.5,-223.62,-428.6
4681,maize,-41.2459,-424.0817,,,2850.0,0.0,-5.83,6675.0,-41.25,-424.08
4682,maize,-383.5921,-423.457,,,3150.0,0.0,-54.21,6025.6,-383.59,-423.46
4683,maize,-456.6603,-424.2231,,,3170.0,0.0,-64.53,5781.4,-456.66,-424.22
4684,maize,-378.5784,-422.5177,,,3240.0,0.0,-53.5,6261.7,-378.58,-422.52
4685,maize,-382.7906,-419.8919,,,3030.0,0.0,-54.1,5740.8,-382.79,-419.89
4686,maize,-337.9868,-420.6324,,,3000.0,0.0,-47.76,5848.1,-337.99,-420.63
4687,maize,-592.2448,-421.6954,,,3280.0,0.0,-83.7,5503.0,-592.24,-421.7
4688,maize,-387.4539,-422.3384,,,3230.0,0.0,-54.75,6202.2,-387.45,-422.34
4689,maize,-400.1032,-421.3793,,,2960.0,0.0,-56.54,5503.6,-400.1,-421.38
4690,maize,-840.969,-426.1729,,,3610.0,0.0,-118.84,5300.1,-840.97,-426.17
4691,maize,-314.918,-425.3522,,,3080.0,0.0,-44.5,6132.3,-314.92,-425.35
4692,maize,-647.1672,-428.6357,,,3450.0,0.0,-91.46,5691.3,-647.17,-428.64
4693,maize,-364.832,-426.5947,,,3030.0,0.0,-51.56,5812.7,-364.83,-426.59
4694,maize,-174.799,-427.3526,,,3050.0,0.0,-24.7,6620.8,-174.8,-427.35
4695,maize,-359.2069,-426.6687,,,3110.0,0.0,-50.76,6027.2,-359.21,-426.67
4696,maize,-448.9175,-429.6459,,,3100.0,0.0,-63.44,5644.3,-448.92,-429.65
4697,maize,-523.4022,-427.7142,,,3460.0,0.0,-73.97,6210.4,-523.4,-427.71
4698,maize,-560.7351,-427.3436,,,3280.0,0.0,-79.24,5629.1,-560.74,-427.34
4699,maize,-569.5877,-433.7092,,,3350.0,0.0,-80.49,5761.6,-569.59,-433.71
4700,maize,-660.4028,-435.7114,,,3600.0,0.0,-93.33,5998.4,-660.4,-435.71
4701,maize,-464.0797,-437.6324,,,3000.0,0.0,-65.58,5343.7,-464.08,-437.63
4702,maize,-170.1556,-436.6004,,,2760.0,0.0,-24.05,5943.4,-170.16,-436.6
4703,maize,-575.549,-438.1977,,,3350.0,0.0,-81.34,5737.8,-575.55,-438.2
4704,maize,-292.911,-437.9781,,,3110.0,0.0,-41.39,6292.4,-292.91,-437.98
4705,maize,-460.3958,-441.6828,,,3250.0,0.0,-65.06,5958.4,-460.4,-441.68
4706,maize,-509.0854,-440.2725,,,3400.0,0.0,-71.94,6123.7,-509.09,-440.27
4707,maize,-562.4312,-437.8898,,,3380.0,0.0,-79.48,5862.3,-562.43,-437.89
4708,maize,-568.7146,-441.4091,,,3380.0,0.0,-80.37,5837.1,-568.71,-441.41
4709,maize,-625.6758,-441.9073,,,3500.0,0.0,-88.42,5897.3,-625.68,-441.91
4710,maize,-571.3846,-442.0949,,,3350.0,0.0,-80.75,5754.5,-571.38,-442.09
4711,maize,-424.9446,-440.9363,,,3300.0,0.0,-60.05,6220.2,-424.94,-440.94
4712,maize,-484.903,-441.9803,,,3290.0,0.0,-68.53,5956.4,-484.9,-441.98
4713,maize,-310.409,-438.6015,,,3160.0,0.0,-43.87,6342.4,-310.41,-438.6
4714,maize,-438.6875,-439.7733,,,3040.0,0.0,-61.99,5541.2,-438.69,-439.77
4715,maize,-284.123,-438.0422,,,3060.0,0.0,-40.15,6207.5,-284.12,-438.04
4716,maize,-330.5054,-433.842,,,3250.0,0.0,-46.71,6478.0,-330.51,-433.84
4717,maize,-581.14,-436.8585,,,3340.0,0.0,-82.13,5691.4,-581.14,-436.86
4718,maize,-663.233,-440.5855,,,3560.0,0.0,-93.73,5891.1,-663.23,-440.59
4719,maize,-542.61,-444.7212,,,3200.0,0.0,-76.68,5509.6,-542.61,-444.72
4720,maize,-396.4213,-444.6198,,,3040.0,0.0,-56.02,5710.3,-396.42,-444.62
4721,maize,-507.552,-444.3712,,,3280.0,0.0,-71.73,5841.8,-507.55,-444.37
4722,maize,-643.6838,-445.4556,,,3450.0,0.0,-90.96,5705.3,-643.68,-445.46
4723,maize,-560.0829,-449.6879,,,3220.0,0.0,-79.15,5487.7,-560.08,-449.69
4724,maize,-143.691,-450.5015,,,2860.0,0.0,-20.31,6289.2,-143.69,-450.5
4725,maize,-454.7894,-454.9995,,,3450.0,0.0,-64.27,6460.8,-454.79,-455.0
4726,maize,-230.7199,-450.6557,,,3050.0,0.0,-32.61,6397.1,-230.72,-450.66
4727,maize,-271.3261,-448.7286,,,3250.0,0.0,-38.34,6714.7,-271.33,-448.73
4728,maize,146.4635,-444.3754,,,2710.0,0.0,20.7,7089.9,146.46,-444.38
4729,maize,-426.1795,-444.1424,,,3250.0,0.0,-60.23,6095.3,-426.18,-444.14
4730,maize,-600.5203,-445.9198,,,3510.0,0.0,-84.86,6021.9,-600.52,-445.92
4731,maize,-433.1099,-444.5248,,,3030.0,0.0,-61.21,5539.6,-433.11,-444.52
4732,maize,-232.3932,-441.2924,,,2870.0,0.0,-32.84,5958.4,-232.39,-441.29
4733,maize,-430.1511,-438.0625,,,3220.0,0.0,-60.79,6007.4,-430.15,-438.06
4734,maize,-654.6732,-443.1491,,,3310.0,0.0,-92.52,5325.3,-654.67,-443.15
4735,maize,-574.4497,-447.7479,,,3490.0,0.0,-81.18,6078.2,-574.45,-447.75
4736,maize,-495.1123,-446.728,,,3100.0,0.0,-69.97,5459.6,-495.11,-446.73
4737,maize,-443.5938,-446.925,,,3150.0,0.0,-62.69,5785.6,-443.59,-446.93
4738,maize,-556.4639,-448.1864,,,3210.0,0.0,-78.64,5478.1,-556.46,-448.19
4739,maize,-449.3981,-445.9329,,,3370.0,0.0,-63.51,6290.4,-449.4,-445.93
4740,maize,-512.0352,-444.7197,,,3250.0,0.0,-72.36,5751.9,-512.04,-444.72
4741,maize,-184.6568,-440.2748,,,3100.0,0.0,-26.1,6701.4,-184.66,-440.27
4742,maize,-425.0496,-441.6807,,,3130.0,0.0,-60.07,5811.8,-425.05,-441.68
4743,maize,-363.7354,-440.4777,,,3240.0,0.0,-51.4,6321.1,-363.74,-440.48
4744,maize,-104.8596,-436.8815,,,2910.0,0.0,-14.82,6564.6,-104.86,-436.88
4745,maize,-312.4593,-436.86,,,3270.0,0.0,-44.16,6598.2,-312.46,-436.86
4746,maize,-427.2703,-440.2007,,,3180.0,0.0,-60.38,5922.9,-427.27,-440.2
4747,maize,-644.5856,-441.9195,,,3490.0,0.0,-91.09,5797.7,-644.59,-441.92
4748,maize,-189.366,-438.8531,,,2900.0,0.0,-26.76,6202.5,-189.37,-438.85
4749,maize,-767.6289,-445.5112,,,3500.0,0.0,-108.48,5329.5,-767.63,-445.51
4750,maize,-520.4866,-448.8527,,,3320.0,0.0,-73.55,5886.1,-520.49,-448.85
4751,maize,-104.5843,-444.3542,,,2810.0,0.0,-14.78,6325.7,-104.58,-444.35
4752,maize,-473.8087,-445.5773,,,3180.0,0.0,-66.96,5736.8,-473.81,-445.58
4753,maize,-461.4914,-443.0556,,,3120.0,0.0,-65.22,5642.0,-461.49,-443.06
4754,maize,-83.4774,-445.1983,,,2980.0,0.0,-11.8,6818.1,-83.48,-445.2
4755,maize,-490.2397,-445.4106,,,3180.0,0.0,-69.28,5671.0,-490.24,-445.41
4756,maize,-364.1673,-444.9682,,,3180.0,0.0,-51.46,6175.3,-364.17,-444.97
4757,maize,-420.3704,-445.9084,,,3290.0,0.0,-59.41,6214.5,-420.37,-445.91
4758,maize,-364.1359,-447.1585,,,3270.0,0.0,-51.46,6391.5,-364.14,-447.16
4759,maize,-410.2135,-445.0761,,,3140.0,0.0,-57.97,5895.1,-410.21,-445.08
4760,maize,-454.2812,-447.3057,,,3260.0,0.0,-64.2,6006.9,-454.28,-447.31
4761,maize,-228.3304,-446.5418,,,2950.0,0.0,-32.27,6166.7,-228.33,-446.54
4762,maize,-350.1628,-442.6646,,,3260.0,0.0,-49.48,6423.3,-350.16,-442.66
4763,maize,-541.3807,-442.8911,,,3230.0,0.0,-76.51,5586.5,-541.38,-442.89
4764,maize,-257.6796,-441.4964,,,3030.0,0.0,-36.41,6241.3,-257.68,-441.5
4765,maize,-648.4911,-435.5139,,,3520.0,0.0,-91.64,5854.0,-648.49,-435.51
4766,maize,-552.0251,-436.3446,,,3300.0,0.0,-78.01,5711.9,-552.03,-436.34
4767,maize,-399.5828,-435.981,,,3430.0,0.0,-56.47,6633.7,-399.58,-435.98
4768,maize,-362.8638,-436.3599,,,3100.0,0.0,-51.28,5988.5,-362.86,-436.36
4769,maize,-621.1239,-441.9904,,,3330.0,0.0,-87.78,5507.5,-621.12,-441.99
4770,maize,-700.0369,-442.5639,,,3270.0,0.0,-98.93,5047.9,-700.04,-442.56
4771,maize,-540.6137,-441.0999,,,3320.0,0.0,-76.4,5805.5,-540.61,-441.1
4772,maize,-139.0341,-435.8955,,,3030.0,0.0,-19.65,6715.9,-139.03,-435.9
4773,maize,-588.0293,-437.4329,,,3460.0,0.0,-83.1,5951.9,-588.03,-437.43
4774,maize,-417.0184,-436.4868,,,3280.0,0.0,-58.93,6203.9,-417.02,-436.49
4775,maize,-172.7139,-434.5053,,,2950.0,0.0,-24.41,6389.1,-172.71,-434.51
4776,maize,-559.616,-432.5349,,,3170.0,0.0,-79.08,5369.5,-559.62,-432.53
4777,maize,-387.8561,-430.895,,,3030.0,0.0,-54.81,5720.6,-387.86,-430.89
4778,maize,-395.9136,-428.5773,,,3110.0,0.0,-55.95,5880.3,-395.91,-428.58
4779,maize,-309.9459,-425.1932,,,3010.0,0.0,-43.8,5984.2,-309.95,-425.19
4780,maize,-698.6478,-429.9435,,,3440.0,0.0,-98.73,5461.4,-698.65,-429.94
4781,maize,-486.2166,-434.3932,,,3120.0,0.0,-68.71,5543.1,-486.22,-434.39
4782,maize,-273.5669,-433.2929,,,3020.0,0.0,-38.66,6153.7,-273.57,-433.29
4783,maize,-398.5284,-432.7116,,,3210.0,0.0,-56.32,6109.9,-398.53,-432.71
4784,maize,-320.3549,-432.1294,,,3050.0,0.0,-45.27,6038.6,-320.35,-432.13
4785,maize,-426.8734,-432.5702,,,3280.0,0.0,-60.33,6164.5,-426.87,-432.57
4786,maize,-320.9531,-432.3999,,,3190.0,0.0,-45.36,6372.2,-320.95,-432.4
4787,maize,-715.375,-433.6312,,,3630.0,0.0,-101.1,5850.5,-715.38,-433.63
4788,maize,-338.6545,-433.1432,,,3140.0,0.0,-47.86,6181.4,-338.65,-433.14
4789,maize,-305.1863,-432.194,,,3030.0,0.0,-43.13,6051.3,-305.19,-432.19
4790,maize,-183.8852,-425.6232,,,3070.0,0.0,-25.99,6632.5,-183.89,-425.62
4791,maize,-310.0666,-425.5747,,,3140.0,0.0,-43.82,6295.7,-310.07,-425.57
4792,maize,-294.7339,-422.0503,,,3140.0,0.0,-41.65,6357.1,-294.73,-422.05
4793,maize,-505.8526,-423.4605,,,3430.0,0.0,-71.49,6208.6,-505.85,-423.46
4794,maize,-618.5441,-427.898,,,3480.0,0.0,-87.41,5877.8,-618.54,-427.9
4795,maize,-712.2496,-431.4284,,,3680.0,0.0,-100.65,5983.0,-712.25,-431.43
4796,maize,-316.1359,-430.1006,,,3000.0,0.0,-44.68,5935.5,-316.14,-430.1
4797,maize,-128.5042,-426.1516,,,2880.0,0.0,-18.16,6398.0,-128.5,-426.15
4798,maize,-310.2838,-423.6471,,,3170.0,0.0,-43.85,6366.9,-310.28,-423.65
4799,maize,-647.0641,-424.4219,,,3390.0,0.0,-91.44,5547.7,-647.06,-424.42
4800,maize,-271.8204,-420.536,,,2850.0,0.0,-38.41,5752.7,-271.82,-420.54
4801,maize,-439.6526,-420.2918,,,3270.0,0.0,-62.13,6089.4,-439.65,-420.29
4802,maize,-553.5292,-424.1255,,,3370.0,0.0,-78.22,5873.9,-553.53,-424.13
4803,maize,-485.209,-423.2221,,,3210.0,0.0,-68.57,5763.2,-485.21,-423.22
4804,maize,-238.462,-422.6776,,,2910.0,0.0,-33.7,6030.2,-238.46,-422.68
4805,maize,-648.4055,-424.5577,,,3320.0,0.0,-91.63,5374.4,-648.41,-424.56
4806,maize,-105.7,-420.5239,,,3030.0,0.0,-14.94,6849.2,-105.7,-420.52
4807,maize,-493.0187,-419.8297,,,3290.0,0.0,-69.67,5923.9,-493.02,-419.83
4808,maize,-408.9516,-418.2321,,,3170.0,0.0,-57.79,5972.2,-408.95,-418.23
4809,maize,69.2325,-411.283,,,2960.0,0.0,9.78,7380.9,69.23,-411.28
4810,maize,-122.8973,-406.7982,,,2650.0,0.0,-17.37,5868.4,-122.9,-406.8
4811,maize,-450.9749,-407.0585,,,3050.0,0.0,-63.73,5516.1,-450.97,-407.06
4812,maize,-413.5069,-406.3445,,,3200.0,0.0,-58.44,6026.0,-413.51,-406.34
4813,maize,-150.9832,-404.7502,,,2930.0,0.0,-21.34,6428.1,-150.98,-404.75
4814,maize,-338.5571,-403.7489,,,3000.0,0.0,-47.84,5845.8,-338.56,-403.75
4815,maize,-370.24,-404.6101,,,3150.0,0.0,-52.32,6079.0,-370.24,-404.61
4816,maize,-83.0295,-402.1353,,,2790.0,0.0,-11.73,6363.9,-83.03,-402.14
4817,maize,-268.7836,-399.0118,,,3040.0,0.0,-37.98,6220.9,-268.78,-399.01
4818,maize,-656.7816,-398.9473,,,3610.0,0.0,-92.82,6036.9,-656.78,-398.95
4819,maize,-210.4477,-395.6256,,,2930.0,0.0,-29.74,6190.2,-210.45,-395.63
4820,maize,-491.1873,-396.5733,,,3290.0,0.0,-69.41,5931.3,-491.19,-396.57
4821,maize,-570.4652,-397.2024,,,3300.0,0.0,-80.62,5638.1,-570.47,-397.2
4822,maize,-572.9559,-396.4952,,,3360.0,0.0,-80.97,5772.2,-572.96,-396.5
4823,maize,-440.9243,-395.3036,,,3020.0,0.0,-62.31,5484.3,-440.92,-395.3
4824,maize,-685.3559,-400.7202,,,3470.0,0.0,-96.85,5586.6,-685.36,-400.72
4825,maize,-777.594,-403.9483,,,3600.0,0.0,-109.89,5529.6,-777.59,-403.95
4826,maize,-530.6177,-406.9472,,,3190.0,0.0,-74.99,5533.5,-530.62,-406.95
4827,maize,-593.3809,-410.1678,,,3300.0,0.0,-83.86,5546.5,-593.38,-410.17
4828,maize,-383.607,-415.4685,,,3110.0,0.0,-54.21,5929.6,-383.61,-415.47
4829,maize,-766.6408,-418.8731,,,3390.0,0.0,-108.34,5069.4,-766.64,-418.87
4830,maize,-334.3474,-416.2114,,,3030.0,0.0,-47.25,5934.6,-334.35,-416.21
4831,maize,-395.8716,-415.839,,,3270.0,0.0,-55.94,6264.5,-395.87,-415.84
4832,maize,-517.2545,-418.6876,,,3220.0,0.0,-73.1,5659.0,-517.25,-418.69
4833,maize,-562.3297,-420.0094,,,3200.0,0.0,-79.47,5430.7,-562.33,-420.01
4834,maize,-585.4914,-419.3176,,,3310.0,0.0,-82.74,5602.0,-585.49,-419.32
4835,maize,-379.3849,-417.3669,,,2970.0,0.0,-53.61,5610.5,-379.38,-417.37
4836,maize,-417.2083,-416.5879,,,3210.0,0.0,-58.96,6035.2,-417.21,-416.59
4837,maize,-414.5708,-416.2977,,,3070.0,0.0,-58.59,5709.7,-414.57,-416.3
4838,maize,-705.0049,-417.7831,,,3120.0,0.0,-99.63,4668.0,-705.0,-417.78
4839,maize,-632.9663,-419.6188,,,3420.0,0.0,-89.45,5676.1,-632.97,-419.62
4840,maize,-188.4468,-416.3829,,,2980.0,0.0,-26.63,6398.2,-188.45,-416.38
4841,maize,-818.8624,-422.7249,,,3540.0,0.0,-115.72,5220.6,-818.86,-422.72
4842,maize,-281.5432,-421.2899,,,3060.0,0.0,-39.79,6217.8,-281.54,-421.29
4843,maize,-325.1509,-420.904,,,3120.0,0.0,-45.95,6187.4,-325.15,-420.9
4844,maize,-830.6873,-428.1623,,,3510.0,0.0,-117.39,5101.3,-830.69,-428.16
4845,maize,-547.3714,-430.5114,,,3440.0,0.0,-77.35,6066.5,-547.37,-430.51
4846,maize,-567.6395,-431.9151,,,3400.0,0.0,-80.22,5889.4,-567.64,-431.92
4847,maize,-590.9309,-431.3786,,,3310.0,0.0,-83.51,5580.3,-590.93,-431.38
4848,maize,-472.7134,-434.212,,,3140.0,0.0,-66.8,5645.1,-472.71,-434.21
4849,maize,-572.0471,-432.2562,,,3300.0,0.0,-80.84,5631.8,-572.05,-432.26
4850,maize,-579.7386,-432.8487,,,3380.0,0.0,-81.93,5793.0,-579.74,-432.85
4851,maize,-444.5744,-436.2486,,,3200.0,0.0,-62.83,5901.7,-444.57,-436.25
4852,maize,-586.4951,-437.3755,,,3440.0,0.0,-82.88,5910.0,-586.5,-437.38
4853,maize,-521.4943,-437.9755,,,3230.0,0.0,-73.7,5666.0,-521.49,-437.98
4854,maize,-253.4659,-439.6754,,,3050.0,0.0,-35.82,6306.1,-253.47,-439.68
4855,maize,-247.6023,-437.249,,,2960.0,0.0,-34.99,6113.6,-247.6,-437.25
4856,maize,-293.7548,-436.5449,,,2970.0,0.0,-41.51,5953.0,-293.75,-436.54
4857,maize,-194.6797,-434.288,,,3020.0,0.0,-27.51,6469.3,-194.68,-434.29
4858,maize,-624.0838,-436.8875,,,3330.0,0.0,-88.19,5495.7,-624.08,-436.89
4859,maize,-741.7703,-440.2031,,,3500.0,0.0,-104.83,5432.9,-741.77,-440.2
4860,maize,-461.6884,-440.2771,,,3100.0,0.0,-65.25,5593.2,-461.69,-440.28
4861,maize,-527.6928,-443.2708,,,3280.0,0.0,-74.57,5761.2,-527.69,-443.27
4862,maize,-327.1269,-443.0404,,,3110.0,0.0,-46.23,6155.5,-327.13,-443.04
4863,maize,-451.9652,-442.1462,,,3150.0,0.0,-63.87,5752.1,-451.97,-442.15
4864,maize,-435.429,-443.9237,,,3290.0,0.0,-61.53,6154.3,-435.43,-443.92
4865,maize,-516.1487,-442.6003,,,3350.0,0.0,-72.94,5975.4,-516.15,-442.6
4866,maize,-362.9856,-440.7099,,,2940.0,0.0,-51.3,5604.1,-362.99,-440.71
4867,maize,-376.1245,-440.4753,,,3130.0,0.0,-53.15,6007.5,-376.12,-440.48
4868,maize,-578.4731,-442.6314,,,3210.0,0.0,-81.75,5390.1,-578.47,-442.63
4869,maize,-247.6099,-438.8963,,,3170.0,0.0,-34.99,6617.6,-247.61,-438.9
4870,maize,-337.9517,-435.2754,,,2970.0,0.0,-47.76,5776.2,-337.95,-435.28
4871,maize,-376.2019,-433.6313,,,3100.0,0.0,-53.16,5935.2,-376.2,-433.63
4872,maize,-459.8006,-436.839,,,3220.0,0.0,-64.98,5888.8,-459.8,-436.84
4873,maize,-221.9098,-433.1778,,,2830.0,0.0,-31.36,5904.4,-221.91,-433.18
4874,maize,-530.4795,-434.3124,,,3340.0,0.0,-74.97,5894.1,-530.48,-434.31
4875,maize,-839.7132,-440.9824,,,3560.0,0.0,-118.67,5185.1,-839.71,-440.98
4876,maize,-186.9584,-437.2558,,,3140.0,0.0,-26.42,6788.2,-186.96,-437.26
4877,maize,-347.4501,-436.8518,,,3250.0,0.0,-49.1,6410.2,-347.45,-436.85
4878,maize,-158.9155,-434.4818,,,3180.0,0.0,-22.46,6996.3,-158.92,-434.48
4879,maize,-351.0106,-434.8924,,,3100.0,0.0,-49.6,6036.0,-351.01,-434.89
4880,maize,-496.2859,-432.8688,,,3290.0,0.0,-70.13,5910.9,-496.29,-432.87
4881,maize,-658.8438,-434.5951,,,3190.0,0.0,-93.11,5020.6,-658.84,-434.6
4882,maize,-404.4944,-435.9043,,,3140.0,0.0,-57.16,5918.0,-404.49,-435.9
4883,maize,-624.8696,-438.1678,,,3420.0,0.0,-88.31,5708.5,-624.87,-438.17
4884,maize,-616.7285,-441.1315,,,3180.0,0.0,-87.16,5165.1,-616.73,-441.13
4885,maize,-409.9692,-440.9625,,,3340.0,0.0,-57.94,6376.1,-409.97,-440.96
4886,maize,-437.7459,-442.1304,,,3110.0,0.0,-61.86,5713.0,-437.75,-442.13
4887,maize,-560.9619,-440.5862,,,3400.0,0.0,-79.27,5916.2,-560.96,-440.59
4888,maize,-512.263,-442.3223,,,3250.0,0.0,-72.39,5750.9,-512.26,-442.32
4889,maize,-667.0746,-445.9412,,,3390.0,0.0,-94.27,5467.7,-667.07,-445.94
4890,maize,-433.5894,-448.4383,,,3070.0,0.0,-61.27,5633.6,-433.59,-448.44
4891,maize,-668.527,-452.0229,,,3590.0,0.0,-94.48,5941.9,-668.53,-452.02
4892,maize,-260.1411,-451.6769,,,3000.0,0.0,-36.76,6159.4,-260.14,-451.68
4893,maize,-489.1563,-451.51,,,3260.0,0.0,-69.13,5867.4,-489.16,-451.51
4894,maize,-495.3165,-450.2777,,,3450.0,0.0,-70.0,6298.7,-495.32,-450.28
4895,maize,-407.0755,-447.226,,,3300.0,0.0,-57.53,6291.7,-407.08,-447.23
4896,maize,-606.8376,-450.133,,,3280.0,0.0,-85.76,5444.6,-606.84,-450.13
4897,maize,-553.5573,-454.3835,,,3420.0,0.0,-78.23,5993.8,-553.56,-454.38
4898,maize,-475.7144,-456.0378,,,3280.0,0.0,-67.23,5969.1,-475.71,-456.04
4899,maize,-232.9335,-451.8965,,,2920.0,0.0,-32.92,6076.3,-232.93,-451.9
4900,maize,-319.1633,-452.3699,,,3210.0,0.0,-45.1,6427.3,-319.16,-452.37
4901,maize,-182.5854,-449.7993,,,2640.0,0.0,-25.8,5605.7,-182.59,-449.8
4902,maize,-212.1398,-446.3854,,,2960.0,0.0,-29.98,6255.4,-212.14,-446.39
4903,maize,-555.3629,-447.0869,,,3370.0,0.0,-78.48,5866.5,-555.36,-447.09
4904,maize,-512.0979,-449.8233,,,3180.0,0.0,-72.37,5583.6,-512.1,-449.82
4905,maize,-592.0026,-449.2592,,,3500.0,0.0,-83.66,6032.0,-592.0,-449.26
4906,maize,-322.4481,-451.4267,,,3150.0,0.0,-45.57,6270.2,-322.45,-451.43
4907,maize,-720.8033,-453.7046,,,3380.0,0.0,-101.86,5228.8,-720.8,-453.7
4908,maize,-444.2632,-454.0577,,,3270.0,0.0,-62.78,6070.9,-444.26,-454.06
4909,maize,-479.9644,-459.5496,,,3300.0,0.0,-67.83,6000.1,-479.96,-459.55
4910,maize,-548.573,-463.8064,,,3370.0,0.0,-77.52,5893.7,-548.57,-463.81
4911,maize,-474.3879,-464.0405,,,3130.0,0.0,-67.04,5614.4,-474.39,-464.04
4912,maize,-510.8368,-465.0138,,,3330.0,0.0,-72.19,5948.7,-510.84,-465.01
4913,maize,-357.6326,-467.0803,,,3120.0,0.0,-50.54,6057.5,-357.63,-467.08
4914,maize,-384.7167,-467.5419,,,3160.0,0.0,-54.37,6045.1,-384.72,-467.54
4915,maize,-523.1754,-469.0713,,,3400.0,0.0,-73.93,6067.3,-523.18,-469.07
4916,maize,-254.4989,-470.786,,,3030.0,0.0,-35.97,6254.0,-254.5,-470.79
4917,maize,-289.618,-470.9943,,,3170.0,0.0,-40.93,6449.5,-289.62,-470.99
4918,maize,-578.9803,-470.2163,,,3410.0,0.0,-81.82,5868.1,-578.98,-470.22
4919,maize,-245.8216,-470.57,,,2990.0,0.0,-34.74,6192.7,-245.82,-470.57
4920,maize,-459.2027,-470.2502,,,3450.0,0.0,-64.89,6443.2,-459.2,-470.25
4921,maize,-522.6466,-469.772,,,3360.0,0.0,-73.86,5973.4,-522.65,-469.77
4922,maize,-424.8469,-468.2909,,,3260.0,0.0,-60.04,6124.6,-424.85,-468.29
4923,maize,-558.9672,-469.4713,,,3360.0,0.0,-78.99,5828.1,-558.97,-469.47
4924,maize,-259.025,-465.208,,,3020.0,0.0,-36.61,6211.9,-259.02,-465.21
4925,maize,-389.6226,-461.3283,,,3230.0,0.0,-55.06,6193.5,-389.62,-461.33
4926,maize,-235.9584,-458.3817,,,2900.0,0.0,-33.35,6016.2,-235.96,-458.38
4927,maize,-338.3138,-455.8311,,,3100.0,0.0,-47.81,6086.7,-338.31,-455.83
4928,maize,-414.5538,-456.1405,,,3150.0,0.0,-58.58,5901.8,-414.55,-456.14
4929,maize,-165.5004,-450.1291,,,3070.0,0.0,-23.39,6706.0,-165.5,-450.13
4930,maize,-407.6702,-450.8624,,,3160.0,0.0,-57.61,5953.3,-407.67,-450.86
4931,maize,-644.7688,-453.3513,,,3230.0,0.0,-91.12,5172.9,-644.77,-453.35
4932,maize,-349.7707,-451.6765,,,3020.0,0.0,-49.43,5848.9,-349.77,-451.68
4933,maize,-394.2345,-449.9955,,,3220.0,0.0,-55.71,6151.1,-394.23,-450.0
4934,maize,-453.2753,-448.6734,,,3080.0,0.0,-64.06,5578.9,-453.28,-448.67
4935,maize,-445.5481,-449.335,,,3250.0,0.0,-62.96,6017.8,-445.55,-449.34
4936,maize,-130.652,-446.4694,,,3020.0,0.0,-18.46,6725.4,-130.65,-446.47
4937,maize,-192.746,-444.2512,,,3150.0,0.0,-27.24,6789.0,-192.75,-444.25
4938,maize,-546.3706,-442.6648,,,3320.0,0.0,-77.21,5782.5,-546.37,-442.66
4939,maize,-569.2129,-442.0273,,,3440.0,0.0,-80.44,5979.1,-569.21,-442.03
4940,maize,-332.819,-443.471,,,3160.0,0.0,-47.03,6252.7,-332.82,-443.47
4941,maize,-388.422,-439.1666,,,3120.0,0.0,-54.89,5934.3,-388.42,-439.17
4942,maize,-418.6164,-440.5374,,,3240.0,0.0,-59.16,6101.5,-418.62,-440.54
4943,maize,-543.2007,-442.7179,,,3150.0,0.0,-76.76,5387.2,-543.2,-442.72
4944,maize,-326.2285,-437.6733,,,3150.0,0.0,-46.1,6255.1,-326.23,-437.67
4945,maize,-600.063,-438.2002,,,3560.0,0.0,-84.8,6143.7,-600.06,-438.2
4946,maize,-495.1214,-437.475,,,3210.0,0.0,-69.97,5723.5,-495.12,-437.48
4947,maize,-708.8982,-438.6547,,,3450.0,0.0,-100.18,5444.4,-708.9,-438.65
4948,maize,-596.0221,-439.8878,,,3370.0,0.0,-84.23,5703.9,-596.02,-439.89
4949,maize,-560.1465,-439.7688,,,3330.0,0.0,-79.16,5751.4,-560.15,-439.77
4950,maize,-381.5476,-437.7869,,,3070.0,0.0,-53.92,5841.8,-381.55,-437.79
4951,maize,-372.6691,-437.0678,,,3250.0,0.0,-52.67,6309.3,-372.67,-437.07
4952,maize,-725.6915,-438.4598,,,3410.0,0.0,-102.55,5281.2,-725.69,-438.46
4953,maize,-600.3166,-439.248,,,3210.0,0.0,-84.84,5302.7,-600.32,-439.25
4954,maize,-569.9094,-442.4124,,,3350.0,0.0,-80.54,5760.4,-569.91,-442.41
4955,maize,-682.2793,-446.7592,,,3280.0,0.0,-96.42,5142.9,-682.28,-446.76
4956,maize,-534.1351,-449.163,,,3100.0,0.0,-75.48,5303.5,-534.14,-449.16
4957,maize,-482.4677,-452.0409,,,3320.0,0.0,-68.18,6038.1,-482.47,-452.04
4958,maize,-726.0857,-453.0609,,,3550.0,0.0,-102.61,5615.7,-726.09,-453.06
4959,maize,-194.5469,-447.5887,,,2980.0,0.0,-27.49,6373.8,-194.55,-447.59
4960,maize,-126.148,-444.2333,,,3010.0,0.0,-17.83,6719.4,-126.15,-444.23
4961,maize,-413.194,-443.0883,,,3020.0,0.0,-58.39,5595.2,-413.19,-443.09
4962,maize,-430.7051,-444.124,,,3170.0,0.0,-60.87,5885.2,-430.71,-444.12
4963,maize,-518.4909,-444.7893,,,3270.0,0.0,-73.27,5774.0,-518.49,-444.79
4964,maize,-173.7024,-442.172,,,2870.0,0.0,-24.55,6193.2,-173.7,-442.17
4965,maize,-431.029,-441.3208,,,3040.0,0.0,-60.91,5571.9,-431.03,-441.32
4966,maize,-269.4724,-440.3857,,,3160.0,0.0,-38.08,6506.1,-269.47,-440.39
4967,maize,-437.3387,-440.9979,,,3160.0,0.0,-61.8,5834.6,-437.34,-441.0
4968,maize,-479.1262,-440.0044,,,3210.0,0.0,-67.71,5787.5,-479.13,-440.0
4969,maize,-155.8877,-439.0872,,,3080.0,0.0,-22.03,6768.4,-155.89,-439.09
4970,maize,-441.1694,-440.1193,,,3160.0,0.0,-62.35,5819.3,-441.17,-440.12
4971,maize,-574.4317,-442.1016,,,3390.0,0.0,-81.18,5838.3,-574.43,-442.1
4972,maize,-416.2735,-441.6664,,,3200.0,0.0,-58.83,6014.9,-416.27,-441.67
4973,maize,-499.3456,-444.4407,,,3200.0,0.0,-70.57,5682.6,-499.35,-444.44
4974,maize,-426.4358,-443.4003,,,3290.0,0.0,-60.26,6190.3,-426.44,-443.4
4975,maize,-74.6161,-435.7493,,,2850.0,0.0,-10.54,6541.5,-74.62,-435.75
4976,maize,-641.2141,-440.2919,,,3460.0,0.0,-90.62,5739.1,-641.21,-440.29
4977,maize,-755.9883,-444.3773,,,3550.0,0.0,-106.84,5496.0,-755.99,-444.38
4978,maize,-213.9319,-444.9274,,,2900.0,0.0,-30.23,6104.3,-213.93,-444.93
4979,maize,-389.9008,-445.3163,,,3120.0,0.0,-55.1,5928.4,-389.9,-445.32
4980,maize,-248.7244,-442.8407,,,2970.0,0.0,-35.15,6133.1,-248.72,-442.84
4981,maize,-328.8017,-439.5403,,,3010.0,0.0,-46.47,5908.8,-328.8,-439.54
4982,maize,-201.0002,-437.5053,,,2860.0,0.0,-28.41,6060.0,-201.0,-437.51
4983,maize,-318.9504,-434.4461,,,3090.0,0.0,-45.07,6140.2,-318.95,-434.45
4984,maize,-233.6884,-430.6157,,,2960.0,0.0,-33.02,6169.2,-233.69,-430.62
4985,maize,-432.2114,-430.8382,,,3180.0,0.0,-61.08,5903.2,-432.21,-430.84
4986,maize,-267.9077,-429.1398,,,3050.0,0.0,-37.86,6248.4,-267.91,-429.14
4987,maize,-583.1955,-429.3621,,,3430.0,0.0,-82.42,5899.2,-583.2,-429.36
4988,maize,-749.596,-431.7355,,,3360.0,0.0,-105.93,5065.6,-749.6,-431.74
4989,maize,-477.703,-429.8417,,,3190.0,0.0,-67.51,5745.2,-477.7,-429.84
4990,maize,-697.8805,-432.4846,,,3310.0,0.0,-98.62,5152.5,-697.88,-432.48
4991,maize,-462.1377,-430.4208,,,3080.0,0.0,-65.31,5543.4,-462.14,-430.42
4992,maize,-48.4881,-428.3042,,,2910.0,0.0,-6.85,6790.0,-48.49,-428.3
4993,maize,-535.6818,-428.7695,,,3370.0,0.0,-75.7,5945.3,-535.68,-428.77
4994,maize,-340.8285,-427.2246,,,3340.0,0.0,-48.17,6652.7,-340.83,-427.22
4995,maize,-273.8403,-425.8922,,,2950.0,0.0,-38.7,5984.6,-273.84,-425.89
4996,maize,-373.7324,-423.5612,,,3130.0,0.0,-52.82,6017.1,-373.73,-423.56
4997,maize,40.2527,-417.6231,,,2780.0,0.0,5.69,6833.0,40.25,-417.62
4998,maize,-764.5542,-420.5115,,,3540.0,0.0,-108.05,5437.8,-764.55,-420.51
4999,maize,-217.594,-420.3581,,,3070.0,0.0,-30.75,6497.6,-217.59,-420.36
5000,maize,-242.588,-419.5923,,,2860.0,0.0,-34.28,5893.6,-242.59,-419.59
